config,question_id,grade,topic,subtopic,difficulty,question,choices,correct_option,answer_value,solution_steps,answer_expression,source_chunks,retrieved_context_texts,router_topic,router_conf,moe_routed,math_checker_pass,note
C1,1,4,kpk_fpb,menentukan KPK,sulit,"Edo dan Meli sedang latihan lari di lapangan sekolah yang berbentuk lingkaran. Jika Edo dapat menyelesaikan 1 putaran dalam waktu 3 menit dan Meli dapat menyelesaikan 1 putaran dalam waktu 4 menit, berapa waktu terpendek yang mereka butuhkan untuk menyelesaikan 1 putaran bersama-sama?","[""A. 4 menit"", ""B. 6 menit"", ""C. 8 menit"", ""D. 12 menit""]",D,12,"[""1. Menentukan kelipatan persekutuan terkecil (KPK) dari 3 dan 4."", ""2. KPK dari 3 dan 4 adalah 12."", ""3. Waktu terpendek yang mereka butuhkan adalah KPK dari 3 dan 4, yaitu 12 menit.""]",12 menit,"[{""chunk_id"": ""000_0084"", ""source"": ""Buku Matematika Kelas 4 SD.pdf""}, {""chunk_id"": ""000_0059"", ""source"": ""Buku Matematika Kelas 4 SD.pdf""}, {""chunk_id"": ""000_0083"", ""source"": ""Buku Matematika Kelas 4 SD.pdf""}]","["" 9, 10 dan 12\nc. 12, 16 dan 18\nd. 15, 20 dan 30\ne. 32, 36 dan 48\nD. Penerapan KPK dan FPB\nAda 5 tahapan yang harus kalian lakukan untuk \npenerapan KPK dan FPB. Kelima tahapan tersebut \nadalah mengamati, menanya, menalar, mencoba, dan \nmengkomunikasikan.\nAyo Mengamati\nPengamatan\nSetelah mempelajari tentang KPK dan FPB pasti kalian \nsudah paham tentang kelipatan dan faktor bilangan, \nfaktorisasi, dan kelipatan dan faktor persekutuan. Dalam \nkehidupan sehari-hari banyak permasalahan yang \nmemanfaatkan konsep KPK dan FPB. Perhatikan contoh \naplikasi KPK dan FPB dalam kehidupan sehari-hari berikut \nini.\nPerhatikan bacaan dan gambar berikut dengan \ncermat!\nEdo dan Meli sedang latihan lari di lapangan sekolah yang \nberbentuk lingkaran untuk persiapan turnamen. Edo \ndapat menyelesaikan 1 putaran dalam waktu 90 detik, \nsedangkan Meli dapat menyelesaikan 1 putaran dalam \nwaktu 120 detik. Mereka mu"", ""eseluruhan \npenonton musik yang akan berada di dalam gedung!\n18. 30% dari x adalah 21 dan \n1\n6 dari y adalah 13. Berapa nilai x + y ?\n19. Umur Dayu 9 tahun 2 bulan dan umur Meli 6 tahun 8 bulan. Berapakah perbandingan \numur Dayu dengan Meli?\n20. Siti mempunyai sebuah bilangan desimal yaitu 0,45.\na. Berapakah pecahan biasa dari bilangan yang dimiliki Siti?\nb. Berapakah pecahan yang senilai?\nTugas Berkelompok\nPetunjuk\n1. Tulislah jawaban latihan soal di buku tulis dengan bahasa sendiri.\n2. Tukarkan jawaban dengan teman sebangkumu.\n3. Bandingkan dan diskusikan hasil pekerjaanmu.\nDi unduh dari : Bukupaket.com\nMatematika • KPK dan FPB\n47\nKPK dan FPB\n 2\nKonsep kelipatan persekutuan \nterkecil (KPK) dan faktor persekutuan \nterbesar (FPB) banyak dipergunakan \nuntuk menyelesaikan masalah dalam \nkehidupan sehari-hari. Konsep KPK \ndapat digunakan untuk menentukan \njadwal liburan, menghitung orbit \np"", ""ngan Faktorisasi prima.\n 18 \n 2 9 \n 3 2 \n18 = 2 x 3 x 3 = 2 x 32\n 12 \n 2 6 \n 3 \n 2 \n12 = 2 x 2 x 3 = 22 x 3\nBagaimana menentukan FPB dari 18 dan 12\n1. Faktor dari 18 adalah 2 x 3\n2\n2. Faktor dari 12 adalah 22 x 3\n3. Faktor persekutuan terbesar dari 18 dan 12 adalah\n2 x 3 = 6\n Tulislah di buku tulismu.\nAyo Mencoba\n1. Tentukan FPB dua bilangan berikut dengan \nmenggunakan faktor persekutuan.\na. 6 dan 9 \nb. 9 dan 12 \nc. 12 dan 18\nd. 20 dan 30\ne. 32 dan 48\nDi unduh dari : Bukupaket.com\nMatematika • KPK dan FPB\n67\n2. Tentukan FPB dua bilangan berikut dengan \nmenggunakan faktorisasi prima.\na. 10 dan 12 \nb. 15 dan 20 \nc. 18 dan 20\nd. 38 dan 40\ne. 42 dan 54\n3. Tentukan FPB tiga bilangan berikut dengan menggunakan faktor persekutuan.\na. 6, 8 dan 9\nb. 9, 10 dan 12\nc. 12, 16 dan 18\nd. 15, 20 dan 30\ne. 32, 36 dan 48\nD. Penerapan KPK dan FPB\nAda 5 tahapan yang harus kalian lakukan untuk \npenerapan KPK"", ""ma dari 84.\n4. Tentukan faktorisasi prima dari bilangan 84.\n5. Buatlah pohon faktor untuk menentukan faktorisasi prima dari bilangan \n14 dan 44.\n6. Tentukan KPK dari 4 dan 8.\n7. Tentukan KPK dari 72 dan 95 dengan menggunakan faktorisasi.\n8. Tentukan KPK dari 15, 36 dan 85 dengan menggunakan faktorisasi.\n9. Tentukan FPB dari 24 dan 48.\n10. Tentukan FPB dari 14, 28 dan 52 dengan menggunakan faktorisasi.\n11. Edo mempunyai grup vokal di sekolahnya. Grup vokal itu terdiri 15 anak. \nTentukan Banyaknya formasi yang dapat terbentuk untuk menunjang penampilan \nEdo.\n12. Dayu, Meli, Siti dirawat di rumah sakit karena sakit diare. Dayu minum obat \nsetiap 4 jam sekali, Meli minum obat setiap 5 jam sekali, dan Siti minum obat setiap 8 \njam sekali. Berapa jam lagi ketiga pasien tersebut minum obat secara bersama-sama?\n13. Toko Baru dikunjungi pemasok telur setiap 8 hari, pemasok sabun setiap 15 hari, d"", ""ergunakan \nuntuk menyelesaikan masalah dalam \nkehidupan sehari-hari. Konsep KPK \ndapat digunakan untuk menentukan \njadwal liburan, menghitung orbit \nplanet, dan menentukan jumlah \nbarang yang disusun dalam baris dan \nkolom. \nSedangkan konsep FPB sering \ndigunakan untuk menyederhanakan \npecahan, menentukan berapa potong \nkain yang terbesar, pembagian kue \nyang sama banyak ke beberapa \nbagian (kotak/plastik), dan \nsebagainya. Agar dapat memahami \nKPK dan FPB dengan baik, maka kalian \nharus mengingat kembali tentang \nperkalian, pembagian, penjumlahan \ndan pengurangan bilangan.\nKata Kunci\nFaktor dan \nKelipatan Bilangan\nBilangan Prima\nKPK dan FPB\nPenerapan KPK \ndan FPB\nDi unduh dari : Bukupaket.com\nKelas IV SD/MI\n48\nBacalah dengan saksama\nPerhatikan gambar dan bacaan berikut!\nGambar 2.1 Berenang\nSumber: dokumentasi penulis \nBeni dan Edo mengikuti les renang bersama-sama pada \ntanggal 3 Novemb""]",kpk_fpb,0.0,False,False,C1-rag-only
C1,2,4,perkalian_pembagian,perkalian dengan angka 1 digit,sulit,"Sebuah toko menjual kelereng dalam kotak-kotak. Jika kotak pertama mengandung 13 kelereng dan kotak kedua mengandung 2 kali lipat banyak kelereng kotak pertama, berapakah total kelereng dalam kotak kedua?","[""A. 13"", ""B. 26"", ""C. 39"", ""D. 52""]",B,26,"[""Kotak pertama memiliki 13 kelereng."", ""Kotak kedua memiliki 2 kali lipat banyak kelereng kotak pertama, yaitu 2 x 13 = 26 kelereng."", ""Jadi, total kelereng dalam kotak kedua adalah 26 kelereng.""]",26,"[{""chunk_id"": ""000_0235"", ""source"": ""Buku Matematika Kelas 4 SD.pdf""}, {""chunk_id"": ""000_0212"", ""source"": ""Buku Matematika Kelas 4 SD.pdf""}]","[""ri : Bukupaket.com\nKelas IV SD/MI\n158\nBacalah dengan saksama\nPerhatikan gambar dan bacaan berikut!\nGambar 5.1 Pemilihan Ketua Kelas\nSumber: kemendikbud.go.id\n Hari ini, siswa kelas 4 duduk rapi dan suasana di kelas \nsangat tenang. Pergantian pengurus dilakukan setiap tiga \nbulan sekali untuk memberi kesempatan seluruh siswa \nmenjadi pengurus kelas dan juga melatih rasa percaya diri \nsetiap siswa.\n Setiap siswa diberi selembar kertas untuk mengisi \nnama calon ketua kelas yang akan dipilih. Setelah itu, \nkertas dikumpulkan, kemudian dilakukan perhitungan \nsuara untuk setiap calon ketua kelas. Agar memudahkan \ndalam pendataan, hasil perolehan suara calon ketua \nkelas ditulis di papan tulis dalam bentuk tabel. Dapatkah \nkamu membaca dan menyajikan data tersebut dalam \nbentuk diagram batang? Temukan jawabannya dalam \npembahasan materi ini.\nDi unduh dari : Bukupaket.com\nMatematika • Statistika"", ""b adalah \nbilangan bulat dan b ≠ 0.\n2. Bilangan pecahan terdiri dari pecahan senilai, pecahan sederhana, dan \nmembandingkan pecahan.\n3. Pecahan senilai adalah pecahan yang dituliskan dalam bentuk berbeda, \ntetapi mempunyai nilai yang sama.\n4. Pecahan sederhana adalah mengubah pembilang dan penyebut menjadi pecahan \nsenilai yang paling kecil.\n5. Bentuk pecahan meliputi pecahan biasa, pecahan campuran, pecahan desimal, \ndan persen.\n6. Pecahan biasa adalah pecahan yang pembilang dan penyebutnya merupakan \nbilangan bulat.\n7. Pecahan campuran adalah pecahan yang terdiri atas bilangan bulat dan pecahan, \ndapat ditulis \na \nb\nc = (a x c) + b\nc \ndengan ketentuan a,b,c adalah bilangan bulat dan c ≠ 0.\n8. Pecahan desimal adalah pecahan yang nilai penyebutnya adalah 10, 100, 1000, dan \nseterusnya yang ditulis dengan menggunakan tanda koma.\nDi unduh dari : Bukupaket.com\nKelas IV SD/MI\n44\n9. Persen ad"", ""20 ­ 40 tahun di suatu daerah selama 5 tahun disajikan dalam \ndiagram berikut ini.\na. Berapakah selisih penduduk laki-laki & perempuan pada tahun 2017\nb. Pada tahun berapakah jumlah penduduk terbanyak?\n20. Data tinggi badan siswa kelas IV disajikan dalam diagram berikut. Jika banyak siswa \nkelas IV seluruhnya adalah 60, maka berapa banyak siswa kelas IV yang mempunyai \ntinggi badan 132 cm?\nTugas Berkelompok\nPetunjuk\n1. Tulislah jawaban latihan soal di buku tulis dengan bahasamu sendiri.\n2. Tukarkan jawaban dengan teman sebangkumu.\n3. Bandingkan dan diskusikan hasil pekerjaanmu.\nDi unduh dari : Bukupaket.com\nMatematika • Pengukuran Sudut\n177\nPengukuran \nSudut \n 6\nDi kelas 3 kalian telah mempelajari \ntentang jenis-jenis sudut dan \npengukuran sudut dengan satuan \ntidak baku. Sekarang kalian akan \nmempelajari lebih jauh lagi tentang \npengukuran sudut dengan busur \nderajat. Pada bangun datar,"", ""e bawah menjadi 40.\nd. 97% dari 23 ≈ 100% x 20 = 20\n97% dibulatkan dan lebih dekat dengan 100%\n23 dibulatkan ke atas menjadi 20.\nAyo Mencoba\nTaksirlah hasil operasi hitung penjumlahan dan \npengurangan pecahan berikut. \na. 6\n7 + 9 5\n7 d. 3 \n4\n5 - 2 \n3\n4 \nb. 3 \n 8 \n10 + 9 \n3\n4 e. 11 \n 9 \n11 - 5 \n 6 \n11 \nTahukah Kalian\nPecahan yang \npenyebutnya 1000 \ndisebut Permil dan \ndisimbolkan dalam \n\""‰\"" .\nTahukah Kalian\nUntuk mengubah \npecahan biasa ke dalam \nbentuk persen maka \npembilang dan \npenyebut sama-sama \ndikalikan dengan \nbilangan bulat positif \nsupaya bernilai 100.\nDi unduh dari : Bukupaket.com\nKelas IV SD/MI\n40\nc. 5 - 2 5\n7\nTaksirlah hasil operasi hitung perkalian dan pembagian \npecahan berikut. \na. 4 8 \n10 x 9 d. 6 1 \n12 : 2 \nb. 4 \n2\n3 + 4 \n1\n7 e. 10 \n 8 \n10 : 1 \n4\n5\nc. \n 5 \n10 x \n5\n8\nTaksirlah hasil operasi hitung penjumlahan dan \npengurangan pecahan desimal berikut.\na. 3,4 + 5,5 c. 7,23 "", ""-Jilbab). Al-Qalasadi meletakkan pembilang di atas \npenyebut dan memisahkan keduanya dengan sebuah \ngaris horizontal dan menggunakan pernyataan \""ala \nma'sihi\"" yang berarti \""tempatkan di atasnya\"" dan \n\""mafawk al-khatt\"" yang berarti \""yang ada di atas \ngaris\"" .\nSumber: serunaihati.blogspot.com diakses 09/11/17 pukul 21:59.\nAL-QALASADI\n(1412-1486) \nA. Bilangan Pecahan\nAda 5 tahapan yang harus kalian lakukan untuk memahami bilangan pecahan \nmeliputi pecahan senilai, menyederhanakan pecahan dan membandingkan pecahan. \nKelima langkah tersebut adalah mengamati, menanya, menalar, mencoba, dan \nmengkomunikasikan.\nAyo Mengamati\nPengamatan\nPerhatikan gambar dan bacaan berikut dengan cermat!\nDi unduh dari : Bukupaket.com\nKelas IV SD/MI\n4\n1.\n3.\n2.\nGambar 1.2 Buku (1), Tongkat Pramuka (2), dan Buah apel (3)\nSumber: \ndokumentasi penulis\nhttps://www.tokopedia.com/mimbar/tongkat-pramuka-merah-putih \ndiaks""]",perkalian_pembagian,0.0,False,True,C1-rag-only
C1,3,4,pengolahan_data,rata-rata,sedang,Rata-rata jumlah siswa yang memperoleh nilai 10 di kelas 4D adalah... jika terdapat 20 siswa di kelas 4D dan 10 siswa mendapatkan nilai 10. A. 2 B. 3 C. 4 D. 5,"[""A. 2"", ""B. 3"", ""C. 4"", ""D. 5""]",A,0.5,"[""Jumlah siswa yang memperoleh nilai 10 = 10"", ""Total siswa di kelas 4D = 20"", ""Hitung rata-rata: \\(\frac{10}{20} = 0.5\\)""]",0.5,"[{""chunk_id"": ""000_0231"", ""source"": ""Buku Matematika Kelas 4 SD.pdf""}]","[""ri : Bukupaket.com\nKelas IV SD/MI\n158\nBacalah dengan saksama\nPerhatikan gambar dan bacaan berikut!\nGambar 5.1 Pemilihan Ketua Kelas\nSumber: kemendikbud.go.id\n Hari ini, siswa kelas 4 duduk rapi dan suasana di kelas \nsangat tenang. Pergantian pengurus dilakukan setiap tiga \nbulan sekali untuk memberi kesempatan seluruh siswa \nmenjadi pengurus kelas dan juga melatih rasa percaya diri \nsetiap siswa.\n Setiap siswa diberi selembar kertas untuk mengisi \nnama calon ketua kelas yang akan dipilih. Setelah itu, \nkertas dikumpulkan, kemudian dilakukan perhitungan \nsuara untuk setiap calon ketua kelas. Agar memudahkan \ndalam pendataan, hasil perolehan suara calon ketua \nkelas ditulis di papan tulis dalam bentuk tabel. Dapatkah \nkamu membaca dan menyajikan data tersebut dalam \nbentuk diagram batang? Temukan jawabannya dalam \npembahasan materi ini.\nDi unduh dari : Bukupaket.com\nMatematika • Statistika"", ""ikan diagram batang hasil ulangan tengah semester matematika \nkelas 4B dan 4D.\n \n Berapa banyak siswa di kelas 4B?\n Berapa banyak siswa di kelas 4D?\n Berapa banyaknya siswa yang memperoleh nilai 10 di kelas 4D?\n Berapa siswa yang memperoleh nilai tertinggi di kelas 4D?\n6. Diagram di bawah menunjukkan tinggi badan 5 anak dalam satuan cm.\n Ceritakan diagram di atas dengan bahasamu sendiri.\n7. Berikut daftar persediaan buah di toko buah.\n Ceritakan diagram di atas dengan bahasamu sendiri.\nDi unduh dari : Bukupaket.com\nMatematika • Statistika\n173\n8. Di sebuah desa, pada bulan Januari hasil panen padi mencapai 250 ton, panen jagung \nmencapai 255 ton, dan panen singkong 100 ton. Pada bulan Februari hasil panen padi \nmencapai 350 ton, hasil panen jagung 190 ton, dan hasil panen singkong mencapai \n185 ton. Sementara itu pada bulan Maret panen padi menurun 150 ton, hasil panen \njagung 250 ton, da"", "" \nPada Pengamatan 1\nPerhatikan tabel berikut.\nEdo mempunyai uang Rp10.000,00 untuk membeli buku \ntulis. \nTahukah Kalian\nTaksiran atas \ndilakukan dengan \nmembulatkan ke atas \nbilangan-bilangan \ndalam operasi hitung. \nDi unduh dari : Bukupaket.com\nKelas IV SD/MI\n32\nTabel 1.3 Taksiran harga\nHarga (Rp) Taksiran Atas ke \nRibuan Terdekat (Rp)\nBuku ke-1 4.550 5.000\nBuku ke-2 2.250 3.000\nBuku ke-3 2.750 3.000\nBuku ke-4 1.750 2.000\nTulislah buku apa saja yang dapat dibeli oleh Edo sehingga \nharganya tidak melebihi Rp10.000,00 (bisa lebih dari satu \njawaban). Dapatkah Edo membeli keempat buku tulis \ntersebut? \nContoh Taksiran Atas\nTabel 1.4 Taksiran atas\nBilangan Satuan \nTerdekat\nPuluhan \nTerdekat\nRatusan \nTerdekat\nRibuan \nTerdekat\n5.368,5 5.369 5.370 5.400 6.000\n7.568,8 7.569 7.570 7.600 8.000\n8.777,9 8.778 8.780 8.800 9.000\n8.777,1 8.778 8.780 8.800 9.000\nContoh 1.11\nTentukan hasil operasi hitun"", ""ministratif dan pemerintahan.\nPengumpulan data terus berlanjut, khususnya melalui \nsensus yang dilakukan secara teratur untuk memberi \ninformasi kependudukan yang berubah setiap saat.\nPada tahun 1662 John Graunt merupakan orang \npertama yang menyortir data ke dalam tabel. Dia juga \nmembicarakan tentang reliabilitas data.\nSumber: http://www.marthamatika.com Diakses 25/11/2017 pukul 21.35\nJOHN GRAUNT\nA. Membaca dan Menafsirkan Data\nAda 5 tahapan yang harus kalian lakukan untuk \nmembaca dan menafsirkan data. Kelima langkah tersebut \nadalah mengamati, menanya, menalar, mencoba, dan \nmengkomunikasikan.\nDi unduh dari : Bukupaket.com\nKelas IV SD/MI\n160\nAyo Mengamati\nPengamatan\nPerhatikan gambar dan bacaan berikut dengan cermat!\nGambar 5.2 Suasana Ujian di Kelas\nSumber: dokumentasi penulis\nDi suatu kelas, terdapat 33 siswa yang mengikuti ujian \nmatematika. Dari data yang diperoleh, nilai dari 33"", ""matan 2 tersebut? Coba buatlah di \nbuku tulismu.\nContoh 5.1\n1. Meli mencatat jenis hobi teman-teman sekelasnya. \nData tentang hobi teman-teman Meli ditulis dalam \nbentuk tabel berikut.\nNo. Jenis Hobi\nBanyak Siswa\nTurus Frekuensi\n1. Membaca 5\n2. Menggambar IIII 9\n3. Olahraga I 11\n4. Menyanyi IIII 9\n5. Menari I 6\nJumlah 40\nBerapakah banyaknya teman Meli seluruhnya?\nSajikan tabel hobi teman Meli ke dalam bentuk diagram \nbatang.\nPenyelesaian\nDi unduh dari : Bukupaket.com\nKelas IV SD/MI\n168\nAyo Mencoba\n1. Meli adalah ketua kelas 4A. Ia akan membelikan \nsejumlah kebutuhan alat-alat tulis di koperasi \nsekolah untuk teman-teman sekelasnya. Berdasarkan \nkebutuhan tersebut tercatat ada 5 barang yang harus \ndibeli yaitu 9 buku tulis, 10 pensil, 5 penghapus, 3 \nbolpoin, dan 5 penggaris. Buatlah tabel dan diagram \nbatang yang menunjukkan kebutuhan di atas.\n2. Di bawah ini adalah diagram batang tentan""]",pengolahan_data,0.0,False,True,C1-rag-only
C1,4,4,pengolahan_data,modus,mudah,"Dari hasil pemilihan ketua kelas, tercatat bahwa nama calon ketua kelas yang paling banyak dipilih adalah Ahmad. Ini merupakan contoh dari modus dalam pengolahan data. Berikut adalah daftar nama calon ketua kelas yang dipilih oleh siswa: Ahmad, Ahmad, Fajar, Ahmad, Fajar, Ahmad, Fajar, Ahmad, Ahmad. Berapakah jumlah nama calon ketua kelas yang paling banyak dipilih?","[""A. 5"", ""B. 6"", ""C. 7"", ""D. 8""]",C,7,"[""Identifikasi nama calon yang paling banyak dipilih."", ""Hitung frekuensi dari nama Ahmad dan Fajar."", ""Frekuensi Ahmad adalah 7 kali, sedangkan Fajar adalah 2 kali.""]",7,"[{""chunk_id"": ""000_0212"", ""source"": ""Buku Matematika Kelas 4 SD.pdf""}, {""chunk_id"": ""000_0143"", ""source"": ""Buku Matematika Kelas 4 SD.pdf""}, {""chunk_id"": ""000_0045"", ""source"": ""Buku Matematika Kelas 4 SD.pdf""}]","[""ri : Bukupaket.com\nKelas IV SD/MI\n158\nBacalah dengan saksama\nPerhatikan gambar dan bacaan berikut!\nGambar 5.1 Pemilihan Ketua Kelas\nSumber: kemendikbud.go.id\n Hari ini, siswa kelas 4 duduk rapi dan suasana di kelas \nsangat tenang. Pergantian pengurus dilakukan setiap tiga \nbulan sekali untuk memberi kesempatan seluruh siswa \nmenjadi pengurus kelas dan juga melatih rasa percaya diri \nsetiap siswa.\n Setiap siswa diberi selembar kertas untuk mengisi \nnama calon ketua kelas yang akan dipilih. Setelah itu, \nkertas dikumpulkan, kemudian dilakukan perhitungan \nsuara untuk setiap calon ketua kelas. Agar memudahkan \ndalam pendataan, hasil perolehan suara calon ketua \nkelas ditulis di papan tulis dalam bentuk tabel. Dapatkah \nkamu membaca dan menyajikan data tersebut dalam \nbentuk diagram batang? Temukan jawabannya dalam \npembahasan materi ini.\nDi unduh dari : Bukupaket.com\nMatematika • Statistika"", ""langkah tersebut \nadalah mengamati, menanya, menalar, mencoba, dan \nmengkomunikasikan.\nAyo Mengamati\nPengamatan 1\nPerhatikan gambar dan bacaan berikut dengan cermat!\nGambar 4.2 Benda-benda yang ada di kelas\nSumber: dokumentasi penulis\nDi unduh dari : Bukupaket.com\nKelas IV SD/MI\n106\nEdo mengelompokkan beberapa benda yang ada di \nkelasnya seperti tulisan “Welcome to Our Class” , jadwal \npiket, dan penggaris setengah lingkaran. Bentuk benda \napakah yang dipilih oleh Edo?\nTulis ulang bacaan di atas! Gunakan kalimat sendiri. \nKerjakan di buku tulismu. \nPengamatan 2\nPerhatikan gambar dan bacaan berikut dengan cermat!\nGambar 4.3 Contoh-contoh bangun datar\nSumber: dokumentasi penulis\nMeli mengelompokkan beberapa benda yang ada di \nkelasnya seperti jadwal pelajaran, peta Indonesia, penggaris \npanjang, penggaris segitiga, motto “In Our Class” , buku, \ndan meja. Bentuk benda apakah yang dipilih ol"", ""erhatikan nilai \nsatuan, puluhan, atau \nratusan dan seterusnya. \nJika angka kurang dari \n5 (4,3,2,1) maka angka \npada pembulatan \ndihilangkan dan jika \nangka lebih dari sama \ndengan 5 (5,6,7,8,9) \nmaka angka pada \npembulatan ditambah \n1 baik puluhan, ratusan, \nmaupun ribuan dan \nseterusnya.\nDi unduh dari : Bukupaket.com\nKelas IV SD/MI\n38\nContoh 1.16\nTentukan hasil operasi hitung berikut dengan taksiran atas.\na. 16,8 x 2,4 ≈ 17 x 2 = 34\n 16,8 dibulatkan ke atas menjadi 17\n 2,4 dibulatkan ke bawah menjadi 2\nb. 24,7 / 4.9 ≈ 25 / 5 = 5\n 24,7 dibulatkan ke atas menjadi 25\n 4,9 dibulatkan ke atas menjadi 5\nc. 153,7 + 8,2 ≈ 154 + 8 = 162\n 153,7 dibulatkan ke atas menjadi 154\n 8,2 dibulatkan ke bawah menjadi 8\nd. 32,4 ­ 5,5 ≈ 32 - 6 = 26\n 32,4 dibulatkan ke bawah menjadi 32\n 5,5 dibulatkan ke atas menjadi 6\nc. Taksiran Persen\nTaksiran persen adalah menaksir hasil operasi hitung \ndengan cara memb"", ""b adalah \nbilangan bulat dan b ≠ 0.\n2. Bilangan pecahan terdiri dari pecahan senilai, pecahan sederhana, dan \nmembandingkan pecahan.\n3. Pecahan senilai adalah pecahan yang dituliskan dalam bentuk berbeda, \ntetapi mempunyai nilai yang sama.\n4. Pecahan sederhana adalah mengubah pembilang dan penyebut menjadi pecahan \nsenilai yang paling kecil.\n5. Bentuk pecahan meliputi pecahan biasa, pecahan campuran, pecahan desimal, \ndan persen.\n6. Pecahan biasa adalah pecahan yang pembilang dan penyebutnya merupakan \nbilangan bulat.\n7. Pecahan campuran adalah pecahan yang terdiri atas bilangan bulat dan pecahan, \ndapat ditulis \na \nb\nc = (a x c) + b\nc \ndengan ketentuan a,b,c adalah bilangan bulat dan c ≠ 0.\n8. Pecahan desimal adalah pecahan yang nilai penyebutnya adalah 10, 100, 1000, dan \nseterusnya yang ditulis dengan menggunakan tanda koma.\nDi unduh dari : Bukupaket.com\nKelas IV SD/MI\n44\n9. Persen ad"", "" \nPada Pengamatan 1\nPerhatikan tabel berikut.\nEdo mempunyai uang Rp10.000,00 untuk membeli buku \ntulis. \nTahukah Kalian\nTaksiran atas \ndilakukan dengan \nmembulatkan ke atas \nbilangan-bilangan \ndalam operasi hitung. \nDi unduh dari : Bukupaket.com\nKelas IV SD/MI\n32\nTabel 1.3 Taksiran harga\nHarga (Rp) Taksiran Atas ke \nRibuan Terdekat (Rp)\nBuku ke-1 4.550 5.000\nBuku ke-2 2.250 3.000\nBuku ke-3 2.750 3.000\nBuku ke-4 1.750 2.000\nTulislah buku apa saja yang dapat dibeli oleh Edo sehingga \nharganya tidak melebihi Rp10.000,00 (bisa lebih dari satu \njawaban). Dapatkah Edo membeli keempat buku tulis \ntersebut? \nContoh Taksiran Atas\nTabel 1.4 Taksiran atas\nBilangan Satuan \nTerdekat\nPuluhan \nTerdekat\nRatusan \nTerdekat\nRibuan \nTerdekat\n5.368,5 5.369 5.370 5.400 6.000\n7.568,8 7.569 7.570 7.600 8.000\n8.777,9 8.778 8.780 8.800 9.000\n8.777,1 8.778 8.780 8.800 9.000\nContoh 1.11\nTentukan hasil operasi hitun""]",pengolahan_data,0.0,False,True,C1-rag-only
C1,5,4,Pecahan,Pecahan Senilai,Sulit,"Sepatu yang awalnya memiliki harga Rp 100.000,00 akan mendapatkan diskon sebesar 30%. Jika sepatu tersebut dibeli dengan menggunakan kartu diskon, maka harga sepatu tersebut setelah mendapatkan diskon adalah...?","[""A. Rp 30.000,00"", ""B. Rp 70.000,00"", ""C. Rp 90.000,00"", ""D. Rp 130.000,00""]",B,"Rp 70.000,00","[""Diskon yang diterima adalah 30% dari harga asli sepatu."", ""Hitung diskon yang diterima: \\( 100.000 \times \frac{30}{100} = 30.000 \\)"", ""Harga sepatu setelah mendapatkan diskon adalah: \\( 100.000 - 30.000 = 70.000 \\)""]",70.000,"[{""chunk_id"": ""000_0054"", ""source"": ""Buku Matematika Kelas 4 SD.pdf""}, {""chunk_id"": ""000_0212"", ""source"": ""Buku Matematika Kelas 4 SD.pdf""}]","[""b adalah \nbilangan bulat dan b ≠ 0.\n2. Bilangan pecahan terdiri dari pecahan senilai, pecahan sederhana, dan \nmembandingkan pecahan.\n3. Pecahan senilai adalah pecahan yang dituliskan dalam bentuk berbeda, \ntetapi mempunyai nilai yang sama.\n4. Pecahan sederhana adalah mengubah pembilang dan penyebut menjadi pecahan \nsenilai yang paling kecil.\n5. Bentuk pecahan meliputi pecahan biasa, pecahan campuran, pecahan desimal, \ndan persen.\n6. Pecahan biasa adalah pecahan yang pembilang dan penyebutnya merupakan \nbilangan bulat.\n7. Pecahan campuran adalah pecahan yang terdiri atas bilangan bulat dan pecahan, \ndapat ditulis \na \nb\nc = (a x c) + b\nc \ndengan ketentuan a,b,c adalah bilangan bulat dan c ≠ 0.\n8. Pecahan desimal adalah pecahan yang nilai penyebutnya adalah 10, 100, 1000, dan \nseterusnya yang ditulis dengan menggunakan tanda koma.\nDi unduh dari : Bukupaket.com\nKelas IV SD/MI\n44\n9. Persen ad"", ""! Gunakan kalimatmu sendiri. \nKerjakan di buku tugasmu.\nPengamatan 4\nPerhatikan gambar dan bacaan berikut!\nGambar 1.11 Sepatu Diskon\nSumber : dokumentasi penulis\nDi unduh dari : Bukupaket.com\nKelas IV SD/MI\n22\nHari ini ada diskon untuk pembelian sepatu dan \nsandal. Pengunjung berbondong-bondong untuk \nmemilih dan membelinya. Pembelian diberi diskon untuk \npembelian sepatu sebesar 70%, 50% + 30%, 50%, 30%, \n20% + 20%, 20%, dan 10% (Gambar 1.11). \nTulis ulang bacaan di atas! Gunakan kalimatmu sendiri. \nKerjakan di buku tugasmu.\nAyo Menanya\nBerikut ini contoh pertanyaan tentang bentuk pecahan.\n1. Apa saja bentuk pecahan?\n2. Bagaimana mengubah pecahan biasa ke bentuk \npersen?\nBuatlah pertanyaan lainnya!\nAyo Menalar\n1. Pecahan Biasa\nBentuk pecahan yang telah dipelajari sebelum nya \nmerupakan pecahan biasa. Pecahan biasa adalah pecahan \nyang pembilang dan penyebutnya merupakan bilangan \nbulat."", ""ri : Bukupaket.com\nKelas IV SD/MI\n158\nBacalah dengan saksama\nPerhatikan gambar dan bacaan berikut!\nGambar 5.1 Pemilihan Ketua Kelas\nSumber: kemendikbud.go.id\n Hari ini, siswa kelas 4 duduk rapi dan suasana di kelas \nsangat tenang. Pergantian pengurus dilakukan setiap tiga \nbulan sekali untuk memberi kesempatan seluruh siswa \nmenjadi pengurus kelas dan juga melatih rasa percaya diri \nsetiap siswa.\n Setiap siswa diberi selembar kertas untuk mengisi \nnama calon ketua kelas yang akan dipilih. Setelah itu, \nkertas dikumpulkan, kemudian dilakukan perhitungan \nsuara untuk setiap calon ketua kelas. Agar memudahkan \ndalam pendataan, hasil perolehan suara calon ketua \nkelas ditulis di papan tulis dalam bentuk tabel. Dapatkah \nkamu membaca dan menyajikan data tersebut dalam \nbentuk diagram batang? Temukan jawabannya dalam \npembahasan materi ini.\nDi unduh dari : Bukupaket.com\nMatematika • Statistika"", ""otongan pizza di atas dapat digambar dengan lingkaran \nberikut.\nManakah pecahan yang lebih besar nilainya?\nDi unduh dari : Bukupaket.com\nKelas IV SD/MI\n18\nMenjadi Menjadi\ndengan\n 2\n1 > 4\n1\nContoh 1.5\na.\nlebih besar atau ... > ...\nb.\nDi unduh dari : Bukupaket.com\nMatematika • Pecahan\n19\nc.\nAyo Mencoba\n1. Tentukan 3 pecahan yang senilai dengan pecahan \nberikut.\n a. 1\n2 b. 9 \n12 c. 1\n5 d. \n10\n14\n2. Sederhanakan pecahan berikut menjadi pecahan \npaling sederhana.\n a. \n 8 \n56 b. 20\n35 c. 13\n52 d. \n10\n14\n3. Berilah tanda >, <, atau = pada dua pecahan di bawah \nini\n a. \n1\n5 ... 4\n5 b. \n 8 \n10 ... 4\n5 c. \n 4 \n36 ... 2\n9 d. \n10\n14 ... \n15\n28\n \n \nB. Bentuk Pecahan\nAda 5 tahapan yang harus kalian lakukan untuk mema­\nhami bentuk pecahan meliputi pecahan biasa, pecahan \ncampuran, pecahan desimal dan persen. Kelima langkah \ntersebut adalah mengamati, menanya, menalar, mencoba, \ndan mengkomunikasikan.\nT"", "" 10\n5\n. \nSedangkan pizza B yang belum dimakan adalah \n1 dari 2 bagian atau dapat ditulis dalam bentuk \npecahan 2\n1\n. Kedua pizza tersebut dapat di- \nnyatakan dalam gambar berikut.\nDi unduh dari : Bukupaket.com\nKelas IV SD/MI\n12\nPizza A Pizza B\n 5 \n10\n1\n2\nCoba perhatikan gambar di atas! Bagaimana besar kedua \nbagian lingkaran yang diarsir?\nApakah pecahan 5 \n10 sama dengan 1\n2 ? Jelaskan!\nCoba kalian buat kesimpulan dari pengamatan 1 dan \n2 di buku tulismu. Bandingkan kesimpulanmu dengan \npenjelasan gurumu. Pecahan yang dituliskan dalam \nbentuk berbeda, tetapi mempunyai nilai yang sama \ndinamakan pecahan senilai.\nContoh 1.3\nTuliskan pecahan yang senilai dengan daerah yang \nberwarna di bawah ini!\na.\nb.\nTahukah Kalian\nAyo bereksplorasi, \ntentukan pecahan \nsenilai dengan pecahan \nDi unduh dari : Bukupaket.com\nMatematika • Pecahan\n13\nPenyelesaian\na.\n6\n9\n4\n6\n2\n3\nb.\n1\n3\n2\n6\n3\n9\n 4 \n12= = =\n2. Me""]",pecahan,0.0,False,False,C1-rag-only
C1,6,4,bilangan,penyajian data dalam bentuk diagram batang,mudah,"Sebuah kelas memiliki 30 siswa. Hasil pemilihan ketua kelas ditampilkan dalam tabel berikut. Berdasarkan tabel, berapakah jumlah siswa yang memilih nama Ahmad sebagai ketua kelas?

| Calon Ketua | Ahmad | Ali | Dina |
|------------|-------|----|------|
| Suara      |   15  |  8  |  7   |
","[""A. 10"", ""B. 15"", ""C. 20"", ""D. 25""]",B,15,"[""Total siswa dalam kelas adalah 30."", ""Jumlah suara Ahmad adalah 15."", ""Jadi, jumlah siswa yang memilih Ahmad sebagai ketua kelas adalah 15.""]",15,"[{""chunk_id"": ""000_0212"", ""source"": ""Buku Matematika Kelas 4 SD.pdf""}, {""chunk_id"": ""000_0054"", ""source"": ""Buku Matematika Kelas 4 SD.pdf""}, {""chunk_id"": ""000_0045"", ""source"": ""Buku Matematika Kelas 4 SD.pdf""}]","[""ri : Bukupaket.com\nKelas IV SD/MI\n158\nBacalah dengan saksama\nPerhatikan gambar dan bacaan berikut!\nGambar 5.1 Pemilihan Ketua Kelas\nSumber: kemendikbud.go.id\n Hari ini, siswa kelas 4 duduk rapi dan suasana di kelas \nsangat tenang. Pergantian pengurus dilakukan setiap tiga \nbulan sekali untuk memberi kesempatan seluruh siswa \nmenjadi pengurus kelas dan juga melatih rasa percaya diri \nsetiap siswa.\n Setiap siswa diberi selembar kertas untuk mengisi \nnama calon ketua kelas yang akan dipilih. Setelah itu, \nkertas dikumpulkan, kemudian dilakukan perhitungan \nsuara untuk setiap calon ketua kelas. Agar memudahkan \ndalam pendataan, hasil perolehan suara calon ketua \nkelas ditulis di papan tulis dalam bentuk tabel. Dapatkah \nkamu membaca dan menyajikan data tersebut dalam \nbentuk diagram batang? Temukan jawabannya dalam \npembahasan materi ini.\nDi unduh dari : Bukupaket.com\nMatematika • Statistika"", ""b adalah \nbilangan bulat dan b ≠ 0.\n2. Bilangan pecahan terdiri dari pecahan senilai, pecahan sederhana, dan \nmembandingkan pecahan.\n3. Pecahan senilai adalah pecahan yang dituliskan dalam bentuk berbeda, \ntetapi mempunyai nilai yang sama.\n4. Pecahan sederhana adalah mengubah pembilang dan penyebut menjadi pecahan \nsenilai yang paling kecil.\n5. Bentuk pecahan meliputi pecahan biasa, pecahan campuran, pecahan desimal, \ndan persen.\n6. Pecahan biasa adalah pecahan yang pembilang dan penyebutnya merupakan \nbilangan bulat.\n7. Pecahan campuran adalah pecahan yang terdiri atas bilangan bulat dan pecahan, \ndapat ditulis \na \nb\nc = (a x c) + b\nc \ndengan ketentuan a,b,c adalah bilangan bulat dan c ≠ 0.\n8. Pecahan desimal adalah pecahan yang nilai penyebutnya adalah 10, 100, 1000, dan \nseterusnya yang ditulis dengan menggunakan tanda koma.\nDi unduh dari : Bukupaket.com\nKelas IV SD/MI\n44\n9. Persen ad"", ""erhatikan nilai \nsatuan, puluhan, atau \nratusan dan seterusnya. \nJika angka kurang dari \n5 (4,3,2,1) maka angka \npada pembulatan \ndihilangkan dan jika \nangka lebih dari sama \ndengan 5 (5,6,7,8,9) \nmaka angka pada \npembulatan ditambah \n1 baik puluhan, ratusan, \nmaupun ribuan dan \nseterusnya.\nDi unduh dari : Bukupaket.com\nKelas IV SD/MI\n38\nContoh 1.16\nTentukan hasil operasi hitung berikut dengan taksiran atas.\na. 16,8 x 2,4 ≈ 17 x 2 = 34\n 16,8 dibulatkan ke atas menjadi 17\n 2,4 dibulatkan ke bawah menjadi 2\nb. 24,7 / 4.9 ≈ 25 / 5 = 5\n 24,7 dibulatkan ke atas menjadi 25\n 4,9 dibulatkan ke atas menjadi 5\nc. 153,7 + 8,2 ≈ 154 + 8 = 162\n 153,7 dibulatkan ke atas menjadi 154\n 8,2 dibulatkan ke bawah menjadi 8\nd. 32,4 ­ 5,5 ≈ 32 - 6 = 26\n 32,4 dibulatkan ke bawah menjadi 32\n 5,5 dibulatkan ke atas menjadi 6\nc. Taksiran Persen\nTaksiran persen adalah menaksir hasil operasi hitung \ndengan cara memb"", ""i Jumat, Sabtu dan Minggu?\nDi unduh dari : Bukupaket.com\nKelas IV SD/MI\n174\n12. Diketahui suatu data : 6, 7, 9, 8, 8, 7, 10, 7, 11, 12, 8. Sajikan data tersebut dalam \nbentuk tabel dan diagram batang!\n13. Data banyaknya kelahiran bayi di salah satu kecamatan disajikan dalam diagram \nbatang berikut!\nBanyak Kelahiran\n Banyak kelahiran bayi selama 5 tahun adalah …\n14. Data nilai ulangan matematika kelas 4 disajikan dalam diagram batang berikut!\nJika kriteria ketuntasan minimal nilai matematika 70, berapakah banyak siswa yang \ntidak ikut remidi?\n15. Diagram batang berikut menyajikan data banyak siswa di SD Balikpapan. Sajikan \ndiagram batang di bawah ini dalam bentuk tabel! Berapakah selisih data banyak \nsiswa kelas 4 dan kelas 5?\nDi unduh dari : Bukupaket.com\nMatematika • Statistika\n175\n16. Tabel berikut menunjukkan hasil panen sayur-sayuran di suatu daerah. Sajikan tabel \ntersebut dalam di"", ""in mengenai data\ntersebut yang tidak\ntertulis pada tabel.\nDi unduh dari : Bukupaket.com\nMatematika • Statistika\n163\nGuru matematika di kelas Edo membagikan hasil ujian \nmatematika dan mendata nilai hasil ujian matematika \nsiswa kelas 4A. Dari 32 siswa, 2 siswa mendapat nilai 50, \n11 siswa mendapat nilai 65, 10 siswa mendapat nilai 70, \n6 siswa mendapat nilai 80, dan sisanya mendapat nilai 75. \nGuru di kelas Edo ingin melihat perbandingan nilai yang \ndiperoleh siswa dengan lebih mudah.\nTulis ulang bacaan di atas! Gunakan kalimat sendiri.\nKerjakan di buku tulismu.\nPengamatan 2\nPerhatikan gambar dan bacaan berikut ini.\nGambar 5.4 Kendaraan di Jalan\nSumber: dokumentasi penulis\n Guru di kelas Udin mengajak siswa-siswanya belajar \ndi luar kelas. Beliau meminta siswa-siswanya mencatat \nbanyaknya kendaraan yang lewat di Jalan PB Sudirman \nsetiap 10 menit. Udin mencatat becak yang lewat \nsebanyak""]",bilangan,0.0,False,True,C1-rag-only
C1,7,4,Pecahan,Penjumlahan pecahan,Sulit,"Sepatu Diskon di toko memiliki diskon berbeda-beda. Diskon untuk sepatu sebesar 70%, 50% + 30%, 50%, 30%, 20% + 20%, 20%, dan 10%. Jika sepatu asli bernilai 100 rupiah, berapakah harga sepatu setelah mendapatkan diskon 50% + 30%? Tuliskan jawabannya dalam bentuk pecahan.","[""A. 50/100"", ""B. 70/100"", ""C. 60/100"", ""D. 80/100""]",D,80,"[""Diskon 50% ditulis sebagai pecahan 50/100."", ""Diskon 30% ditulis sebagai pecahan 30/100."", ""Jumlahkan kedua pecahan tersebut:"", ""(50/100) + (30/100) = 80/100."", ""Harga sepatu setelah mendapatkan diskon 50% + 30% adalah 80/100 dari harga asli."", ""Harga asli sepatu adalah 100 rupiah."", ""Harga sepatu setelah diskon adalah (80/100) x 100 = 80 rupiah."", ""Jadi, harga sepatu setelah mendapatkan diskon 50% + 30% adalah 80/100 rupiah.""]",80/100,"[{""chunk_id"": ""000_0023"", ""source"": ""Buku Matematika Kelas 4 SD.pdf""}]","[""b adalah \nbilangan bulat dan b ≠ 0.\n2. Bilangan pecahan terdiri dari pecahan senilai, pecahan sederhana, dan \nmembandingkan pecahan.\n3. Pecahan senilai adalah pecahan yang dituliskan dalam bentuk berbeda, \ntetapi mempunyai nilai yang sama.\n4. Pecahan sederhana adalah mengubah pembilang dan penyebut menjadi pecahan \nsenilai yang paling kecil.\n5. Bentuk pecahan meliputi pecahan biasa, pecahan campuran, pecahan desimal, \ndan persen.\n6. Pecahan biasa adalah pecahan yang pembilang dan penyebutnya merupakan \nbilangan bulat.\n7. Pecahan campuran adalah pecahan yang terdiri atas bilangan bulat dan pecahan, \ndapat ditulis \na \nb\nc = (a x c) + b\nc \ndengan ketentuan a,b,c adalah bilangan bulat dan c ≠ 0.\n8. Pecahan desimal adalah pecahan yang nilai penyebutnya adalah 10, 100, 1000, dan \nseterusnya yang ditulis dengan menggunakan tanda koma.\nDi unduh dari : Bukupaket.com\nKelas IV SD/MI\n44\n9. Persen ad"", ""! Gunakan kalimatmu sendiri. \nKerjakan di buku tugasmu.\nPengamatan 4\nPerhatikan gambar dan bacaan berikut!\nGambar 1.11 Sepatu Diskon\nSumber : dokumentasi penulis\nDi unduh dari : Bukupaket.com\nKelas IV SD/MI\n22\nHari ini ada diskon untuk pembelian sepatu dan \nsandal. Pengunjung berbondong-bondong untuk \nmemilih dan membelinya. Pembelian diberi diskon untuk \npembelian sepatu sebesar 70%, 50% + 30%, 50%, 30%, \n20% + 20%, 20%, dan 10% (Gambar 1.11). \nTulis ulang bacaan di atas! Gunakan kalimatmu sendiri. \nKerjakan di buku tugasmu.\nAyo Menanya\nBerikut ini contoh pertanyaan tentang bentuk pecahan.\n1. Apa saja bentuk pecahan?\n2. Bagaimana mengubah pecahan biasa ke bentuk \npersen?\nBuatlah pertanyaan lainnya!\nAyo Menalar\n1. Pecahan Biasa\nBentuk pecahan yang telah dipelajari sebelum nya \nmerupakan pecahan biasa. Pecahan biasa adalah pecahan \nyang pembilang dan penyebutnya merupakan bilangan \nbulat."", ""aian\nBentuk pecahan gambar di atas adalah 4\n6 .\nb.\nPenyelesaian\nBentuk pecahan gambar di atas adalah 3\n8 .\nContoh 1.2\nSebutkan pembilang dan penyebut dari pecahan di bawah \nini.\na. 3\n8 maka pembilang adalah 3 dan penyebut adalah 8.\nb. 1\n4 maka pembilang adalah 1 dan penyebut adalah 4.\nc. \n5\n6 maka pembilang adalah 5 dan penyebut adalah 6.\nDi unduh dari : Bukupaket.com\nKelas IV SD/MI\n8\nAyo Mencoba\n1. Meli memiliki 1 batang coklat. Dia ingin mem­\nbagikan kepada 5 orang sahabatnya dengan \nbagian yang sama. Berapa bagian coklat yang diperoleh \nmasing-masing sahabat Meli?\n2. Beni memiliki 8 buah apel. Dia akan membagikan \nkepada 4 orang temannya dengan bagian yang sama \nbanyak. Berapa buah apel yang diperoleh masingmasing temannya?\n3. Nyatakan bagian yang diarsir pada gambar di bawah \nini ke dalam bentuk pecahan.\na. b. c.\n4. Nyatakan pecahan di bawah ini dalam bentuk gambar \ndengan beberapa b"", ""e bawah menjadi 40.\nd. 97% dari 23 ≈ 100% x 20 = 20\n97% dibulatkan dan lebih dekat dengan 100%\n23 dibulatkan ke atas menjadi 20.\nAyo Mencoba\nTaksirlah hasil operasi hitung penjumlahan dan \npengurangan pecahan berikut. \na. 6\n7 + 9 5\n7 d. 3 \n4\n5 - 2 \n3\n4 \nb. 3 \n 8 \n10 + 9 \n3\n4 e. 11 \n 9 \n11 - 5 \n 6 \n11 \nTahukah Kalian\nPecahan yang \npenyebutnya 1000 \ndisebut Permil dan \ndisimbolkan dalam \n\""‰\"" .\nTahukah Kalian\nUntuk mengubah \npecahan biasa ke dalam \nbentuk persen maka \npembilang dan \npenyebut sama-sama \ndikalikan dengan \nbilangan bulat positif \nsupaya bernilai 100.\nDi unduh dari : Bukupaket.com\nKelas IV SD/MI\n40\nc. 5 - 2 5\n7\nTaksirlah hasil operasi hitung perkalian dan pembagian \npecahan berikut. \na. 4 8 \n10 x 9 d. 6 1 \n12 : 2 \nb. 4 \n2\n3 + 4 \n1\n7 e. 10 \n 8 \n10 : 1 \n4\n5\nc. \n 5 \n10 x \n5\n8\nTaksirlah hasil operasi hitung penjumlahan dan \npengurangan pecahan desimal berikut.\na. 3,4 + 5,5 c. 7,23 "", "" \nadalah pecahan \nyang hanya terdiri \natas pembilang dan \npenyebut\nDi unduh dari : Bukupaket.com\nKelas IV SD/MI\n24\nPenyelesaian\nPecahan campuran 1 1\n2 terdiri atas bilangan bulat 1 dan \nbilangan pecahan 1\n2 .\nLangkah-langkah menyederhanakan pecahan campuran \nmenjadi pecahan biasa sebagai berikut.\n1\n1\n2 = 1 + 1\n2\nUbahlah angka 1 menjadi pecahan yang penyebutnya 2\n1\n1\n2 = 2\n2 + \n1\n2\nJumlahkan pembilangnya\n1\n1\n2 = 2 + 1\n2 = 3\n2\nMengubah pecahan campuran menjadi pecahan \nbiasa juga dapat dilakukan dengan cara berikut.\n1\n1\n2 = (1 x 2) + 1\n2 = 3\n2 \nCoba kalian ubah pecahan campuran berikut menjadi \npecahan biasa.\n2\n1\n3 = ...\n3 2\n5 = ...\nJadi, menurut kalian apa yang dimaksud dengan pecahan \ncampuran?\nBagaimana mengubah pecahan biasa menjadi pecahan \ncampuran?\nCoba kalian tuliskan langkah-langkah mengubah pecahan \ncampuran ke pecahan biasa. Tulis di buku tulismu. \nTahukah Kalian\nJika angka \npem""]",pecahan,0.0,False,False,C1-rag-only
C1,8,4,kpk_fpb,faktor prima,mudah,Bilangan 84 dapat dinyatakan dalam bentuk perkalian faktor prima berikut. Pilihlah yang benar.,"[""A. 2 × 3 × 3 × 7"", ""B. 2 × 2 × 3 × 3"", ""C. 2 × 2 × 3 × 7"", ""D. 2 × 3 × 3 × 11""]",C,2 × 2 × 3 × 7,"[""1. Pertama, kita akan mencari faktor prima dari 84."", ""2. Untuk mengubah 84 menjadi perkalian faktor prima, kita akan membaginya dengan bilangan prima."", ""3. 84 ÷ 2 = 42, jadi 2 adalah faktor prima dari 84."", ""4. Selanjutnya, kita bagikan 42 dengan 2."", ""5. 42 ÷ 2 = 21, jadi 2 adalah faktor prima dari 84."", ""6. Sekarang, kita bagikan 21 dengan bilangan prima selanjutnya, yaitu 3."", ""7. 21 ÷ 3 = 7, jadi 3 adalah faktor prima dari 84."", ""8. Terakhir, 7 adalah bilangan prima sendiri."", ""9. Jadi, faktorisasi prima dari 84 adalah 2 × 2 × 3 × 7.""]",2² × 3 × 7,"[{""chunk_id"": ""000_0091"", ""source"": ""Buku Matematika Kelas 4 SD.pdf""}, {""chunk_id"": ""000_0089"", ""source"": ""Buku Matematika Kelas 4 SD.pdf""}, {""chunk_id"": ""000_0090"", ""source"": ""Buku Matematika Kelas 4 SD.pdf""}]","[""ma dari 84.\n4. Tentukan faktorisasi prima dari bilangan 84.\n5. Buatlah pohon faktor untuk menentukan faktorisasi prima dari bilangan \n14 dan 44.\n6. Tentukan KPK dari 4 dan 8.\n7. Tentukan KPK dari 72 dan 95 dengan menggunakan faktorisasi.\n8. Tentukan KPK dari 15, 36 dan 85 dengan menggunakan faktorisasi.\n9. Tentukan FPB dari 24 dan 48.\n10. Tentukan FPB dari 14, 28 dan 52 dengan menggunakan faktorisasi.\n11. Edo mempunyai grup vokal di sekolahnya. Grup vokal itu terdiri 15 anak. \nTentukan Banyaknya formasi yang dapat terbentuk untuk menunjang penampilan \nEdo.\n12. Dayu, Meli, Siti dirawat di rumah sakit karena sakit diare. Dayu minum obat \nsetiap 4 jam sekali, Meli minum obat setiap 5 jam sekali, dan Siti minum obat setiap 8 \njam sekali. Berapa jam lagi ketiga pasien tersebut minum obat secara bersama-sama?\n13. Toko Baru dikunjungi pemasok telur setiap 8 hari, pemasok sabun setiap 15 hari, d"", ""rima. Menguraikan bilangan menjadi perkalian faktor-faktor \nprima juga disebut faktorisasi.\n6. Kelipatan persekutuan adalah nilai kelipatan yang sama dari dua bilangan atau \nlebih.\n7. Faktor persekutuan adalah faktor yang sama dari dua bilangan atau lebih.\n8. KPK adalah nilai terkecil dari kelipatan persekutuan 2 atau lebih bilangan. \n9. FPB adalah nilai terbesar dari faktor persekutuan 2 atau lebih bilangan.\nAyo Mengamati\nPetunjuk\nTulis ulang rangkuman di atas dengan bahasamu sendiri. Kerjakan di buku tulismu.\nBandingkan dan diskusikan bersama 3 teman yang tempat duduknya berdekatan \ndenganmu. Tulis kembali di buku tulismu!\nAyo Mengomunikasikan\nKerjakan dengan anggota kelompok belajarmu.\n1. Siapkan 6 penggaris, 24 buku tulis, 18 pensil, dan 12 penghapus pensil.\n2. Tentukan berapa banyak penggaris, buku tulis, pensil, dan penghapus pensil yang \nditerima masing-masing orang dengan menggun"", ""n 12 penghapus pensil.\n2. Tentukan berapa banyak penggaris, buku tulis, pensil, dan penghapus pensil yang \nditerima masing-masing orang dengan menggunakan faktor persekutuan.\nDi unduh dari : Bukupaket.com\nMatematika • KPK dan FPB\n71\n3. Bagikan keempat barang tersebut kepada anggota kelompokmu sehingga \nmasing-masing anak mendapat bagian yang sama. Jika setiap kelompok ada 3 orang.\nPetunjuk :\na. Gunakan tabel untuk faktor persekutuan\nb. Tulislah jawabanmu dibuku tulis dengan bahasamu sendiri.\nc. Tukarkan jawaban dengan teman sebangkumu.\nd. Bandingkan dan diskusikan hasil pekerjaanmu.\nLatihan Soal\nJawablah pertanyaan berikut dengan tepat!\n1. Tentukan faktor dari bilangan 80.\n2. Tentukan kelipatan 9 yang kurang dari 100.\n3. Tentukan faktor prima dari 84.\n4. Tentukan faktorisasi prima dari bilangan 84.\n5. Buatlah pohon faktor untuk menentukan faktorisasi prima dari bilangan \n14 dan 44.\n6. Te"", ""ergunakan \nuntuk menyelesaikan masalah dalam \nkehidupan sehari-hari. Konsep KPK \ndapat digunakan untuk menentukan \njadwal liburan, menghitung orbit \nplanet, dan menentukan jumlah \nbarang yang disusun dalam baris dan \nkolom. \nSedangkan konsep FPB sering \ndigunakan untuk menyederhanakan \npecahan, menentukan berapa potong \nkain yang terbesar, pembagian kue \nyang sama banyak ke beberapa \nbagian (kotak/plastik), dan \nsebagainya. Agar dapat memahami \nKPK dan FPB dengan baik, maka kalian \nharus mengingat kembali tentang \nperkalian, pembagian, penjumlahan \ndan pengurangan bilangan.\nKata Kunci\nFaktor dan \nKelipatan Bilangan\nBilangan Prima\nKPK dan FPB\nPenerapan KPK \ndan FPB\nDi unduh dari : Bukupaket.com\nKelas IV SD/MI\n48\nBacalah dengan saksama\nPerhatikan gambar dan bacaan berikut!\nGambar 2.1 Berenang\nSumber: dokumentasi penulis \nBeni dan Edo mengikuti les renang bersama-sama pada \ntanggal 3 Novemb"", ""5\n2. Tentukan semua bilangan prima yang terletak diantara \ndua bilangan berikut.\na. 8 dan 25\nb. 32 dan 55 \nc. 60 dan 80\nd. 20 dan 120\ne. 90 dan 150\n3. Tentukan faktor prima dari bilangan-bilangan \nberikut ini.\na. 20 b. 42 c. 90 \nd. 50 e. 52\n4. Buatlah pohon faktor dan bentuk faktorisasi dari \nbilangan-bilangan berikut ini.\na. 15 b. 86 c. 48 \nd. 100 e. 54\nC. KPK dan FPB\nAda 5 tahapan yang harus kalian lakukan untuk \nmenen tu kan KPK dan FPB. Kelima langkah tersebut \nadalah mengamati, menanya, menalar, mencoba, dan \nmengkomunikasikan.\nTahukah Kalian\nCara menyajikan \nfaktorisasi dengan cara \nsengketan.\nBerikut ini, contoh cara \nfaktorisasi 18.\n 18 : 2\n 9 : 3\n 3\nJadi, faktorisasi 18 \nadalah 2 x 3 x 3 \nDi unduh dari : Bukupaket.com\nMatematika • KPK dan FPB\n61\n1. KPK ( Kelipatan Persekutuan Terkecil)\nAyo Mengamati\nGambar 2.6 Lampu hias\nSumber : bimg.antaranews.com \nAyah memasang lampu hias di ""]",kpk_fpb,0.0,False,False,C1-rag-only
C1,9,4,pengukuran,panjang dan satuan,mudah,"Pada tahun 2017, jika jumlah penduduk laki-laki di suatu daerah adalah 350 orang dan jumlah perempuan adalah 250 orang, berapakah selisih antara jumlah penduduk laki-laki dan perempuan pada tahun 2017?","[""A. 100"", ""B. 200"", ""C. 300"", ""D. 400""]",A,100,"[""Jumlah penduduk laki-laki pada tahun 2017 adalah 350 orang."", ""Jumlah penduduk perempuan pada tahun 2017 adalah 250 orang."", ""Selisih antara jumlah penduduk laki-laki dan perempuan adalah 350 - 250 = 100.""]",350 - 250 = 100,"[{""chunk_id"": ""000_0235"", ""source"": ""Buku Matematika Kelas 4 SD.pdf""}, {""chunk_id"": ""000_0131"", ""source"": ""Buku Matematika Kelas 4 SD.pdf""}, {""chunk_id"": ""000_0098"", ""source"": ""Buku Matematika Kelas 4 SD.pdf""}]","[""20 ­ 40 tahun di suatu daerah selama 5 tahun disajikan dalam \ndiagram berikut ini.\na. Berapakah selisih penduduk laki-laki & perempuan pada tahun 2017\nb. Pada tahun berapakah jumlah penduduk terbanyak?\n20. Data tinggi badan siswa kelas IV disajikan dalam diagram berikut. Jika banyak siswa \nkelas IV seluruhnya adalah 60, maka berapa banyak siswa kelas IV yang mempunyai \ntinggi badan 132 cm?\nTugas Berkelompok\nPetunjuk\n1. Tulislah jawaban latihan soal di buku tulis dengan bahasamu sendiri.\n2. Tukarkan jawaban dengan teman sebangkumu.\n3. Bandingkan dan diskusikan hasil pekerjaanmu.\nDi unduh dari : Bukupaket.com\nMatematika • Pengukuran Sudut\n177\nPengukuran \nSudut \n 6\nDi kelas 3 kalian telah mempelajari \ntentang jenis-jenis sudut dan \npengukuran sudut dengan satuan \ntidak baku. Sekarang kalian akan \nmempelajari lebih jauh lagi tentang \npengukuran sudut dengan busur \nderajat. Pada bangun datar,"", ""bulatan ke ratusan terdekat\na. Pembulatan ke bawah, jika angka puluhannya kurang dari 5, maka puluhan \ntersebut dihilangkan.\nb. Pembulatan ke atas, jika angka puluhannya lebih dari atau sama dengan 50 \nmaka puluhan tersebut dihilangkan dan menambahkan 100 ke ratusannya. \nAyo Mengomunikasikan\nPetunjuk\nTulis ulang rangkuman di atas dengan bahasamu sendiri. Kerjakan di buku tulismu.\nBandingkan dan diskusikan bersama 3 teman yang tempat duduknya berdekatan \ndenganmu. Tulis kembali di buku tulismu!\nDi unduh dari : Bukupaket.com\nKelas IV SD/MI\n98\nTugas Proyek\nBelajar melakukan pembulatan hasil pengukuran yang telah dilaksanakan\nTujuan: melakukan pembulatan hasil pengukuran panjang dan berat.\nPetunjuk: \n1. Buatlah kelompok yang terdiri atas 4 anak.\n2. Sediakan timbangan berat badan, meteran pengukur tinggi badan, dan alat-alat tulis.\n3. Buatlah tabel hasil pengukuran berat dan tinggi badan bese"", ""rena terdapat ukuran \ndesimal di dalamnya.\nSumber: Blogpenemu.blogspot.co.id \ndi-akses 09/11/17 pukul 21:59\nNAPIER\n(1550-1617) \nA. Pembulatan Hasil Pengukuran Panjang \ndan Berat ke Satuan Terdekat\nAda 5 tahapan yang harus kalian lakukan untuk memahami pembulatan pengukuran \npanjang dan berat ke satuan terdekat. Kelima langkah tersebut adalah mengamati, \nmenanya, menalar, mencoba, dan mengkomunikasikan.\nAyo Mengamati\nPengamatan 1\nPerhatikan gambar dan bacaan berikut dengan cermat!\nDi unduh dari : Bukupaket.com\nKelas IV SD/MI\n76\nGambar 3.2 Kegiatan Posyandu \nSumber: dokumen penulis \nIbu ke posyandu untuk mengetahui berat badan adik Udin \nyang masih balita. Angka di timbangan menunjukkan 8,4 \nkg. Jika berat badan balita tersebut dibulatkan, berapa kg \nberat badan balita tersebut?\nTulis ulang bacaan di atas dengan rapi. Gunakan \nkalimatmu sendiri! Kerjakan di buku tugasmu!\nPengamatan 2\nPerha"", ""ri : Bukupaket.com\nKelas IV SD/MI\n158\nBacalah dengan saksama\nPerhatikan gambar dan bacaan berikut!\nGambar 5.1 Pemilihan Ketua Kelas\nSumber: kemendikbud.go.id\n Hari ini, siswa kelas 4 duduk rapi dan suasana di kelas \nsangat tenang. Pergantian pengurus dilakukan setiap tiga \nbulan sekali untuk memberi kesempatan seluruh siswa \nmenjadi pengurus kelas dan juga melatih rasa percaya diri \nsetiap siswa.\n Setiap siswa diberi selembar kertas untuk mengisi \nnama calon ketua kelas yang akan dipilih. Setelah itu, \nkertas dikumpulkan, kemudian dilakukan perhitungan \nsuara untuk setiap calon ketua kelas. Agar memudahkan \ndalam pendataan, hasil perolehan suara calon ketua \nkelas ditulis di papan tulis dalam bentuk tabel. Dapatkah \nkamu membaca dan menyajikan data tersebut dalam \nbentuk diagram batang? Temukan jawabannya dalam \npembahasan materi ini.\nDi unduh dari : Bukupaket.com\nMatematika • Statistika"", "" / 38 ≈ 80 / 40 = 2 \n 81 dibulatkan ke bawah menjadi 80 \n 38 dibulatkan ke atas menjadi 40\nc. 57 + 147 ≈ 60 + 150 = 210\n 57 dibulatkan ke atas menjadi 60\n 147 dibulatkan ke atas menjadi 150\nd. 63 - 16 ≈ 60 - 20 = 40 \n 63 dibulatkan ke bawah menjadi 60 \n 16 dibulatkan ke atas menjadi 20 \n2. Bilangan Pecahan\nTaksiran pada bilangan pecahan terdiri dari taksiran \npecahan biasa dan campuran, taksiran desimal dan \ntaksiran persen.\na. Taksiran Pecahan Biasa dan Campuran\nTaksiran pecahan biasa dan campuran adalah menaksir \nhasil operasi hitung dengan cara membulatkan \npecahan ke satuan terdekat.\nContoh 1.14\nMeli membeli beberapa warna pita. Pita ungu 2 3\n4 meter, \nbiru 1,43 meter, dan kuning 5\n6 meter. Berapa perkiraan \npanjang pita yang akan di beli Meli?\nPenyelesaian:\nMeli memperkirakan panjang pita yang akan dibeli dengan \nmemperkirakan panjang pita sebagai berikut.\nPanjang pita ungu adalah 2""]",pengukuran,0.0,False,True,C1-rag-only
C1,10,4,kpk_fpb,menentukan KPK,sulit,"Edo dan Meli sedang latihan lari di lapangan sekolah yang berbentuk lingkaran. Jika Edo dapat menyelesaikan 1 putaran dalam waktu 6 menit dan Meli dapat menyelesaikan 1 putaran dalam waktu 4 menit, berapa jumlah waktu terkecil yang mereka butuhkan untuk menyelesaikan 1 putaran bersama-sama?","[""A. 4 menit"", ""B. 6 menit"", ""C. 8 menit"", ""D. 12 menit""]",D,12,"[""1. Menentukan KPK dari 6 dan 4."", ""2. Faktorisasi prima dari 6 dan 4:"", ""   6 = 2 x 3"", ""   4 = 2 x 2"", ""3. Menentukan KPK dengan memilih semua faktor yang muncul paling banyak:"", ""   KPK = 2 x 2 x 3 = 12"", ""4. Jadi, waktu terkecil yang mereka butuhkan adalah 12 menit.""]",12 menit,"[{""chunk_id"": ""000_0084"", ""source"": ""Buku Matematika Kelas 4 SD.pdf""}, {""chunk_id"": ""000_0059"", ""source"": ""Buku Matematika Kelas 4 SD.pdf""}, {""chunk_id"": ""000_0083"", ""source"": ""Buku Matematika Kelas 4 SD.pdf""}]","["" 9, 10 dan 12\nc. 12, 16 dan 18\nd. 15, 20 dan 30\ne. 32, 36 dan 48\nD. Penerapan KPK dan FPB\nAda 5 tahapan yang harus kalian lakukan untuk \npenerapan KPK dan FPB. Kelima tahapan tersebut \nadalah mengamati, menanya, menalar, mencoba, dan \nmengkomunikasikan.\nAyo Mengamati\nPengamatan\nSetelah mempelajari tentang KPK dan FPB pasti kalian \nsudah paham tentang kelipatan dan faktor bilangan, \nfaktorisasi, dan kelipatan dan faktor persekutuan. Dalam \nkehidupan sehari-hari banyak permasalahan yang \nmemanfaatkan konsep KPK dan FPB. Perhatikan contoh \naplikasi KPK dan FPB dalam kehidupan sehari-hari berikut \nini.\nPerhatikan bacaan dan gambar berikut dengan \ncermat!\nEdo dan Meli sedang latihan lari di lapangan sekolah yang \nberbentuk lingkaran untuk persiapan turnamen. Edo \ndapat menyelesaikan 1 putaran dalam waktu 90 detik, \nsedangkan Meli dapat menyelesaikan 1 putaran dalam \nwaktu 120 detik. Mereka mu"", ""eseluruhan \npenonton musik yang akan berada di dalam gedung!\n18. 30% dari x adalah 21 dan \n1\n6 dari y adalah 13. Berapa nilai x + y ?\n19. Umur Dayu 9 tahun 2 bulan dan umur Meli 6 tahun 8 bulan. Berapakah perbandingan \numur Dayu dengan Meli?\n20. Siti mempunyai sebuah bilangan desimal yaitu 0,45.\na. Berapakah pecahan biasa dari bilangan yang dimiliki Siti?\nb. Berapakah pecahan yang senilai?\nTugas Berkelompok\nPetunjuk\n1. Tulislah jawaban latihan soal di buku tulis dengan bahasa sendiri.\n2. Tukarkan jawaban dengan teman sebangkumu.\n3. Bandingkan dan diskusikan hasil pekerjaanmu.\nDi unduh dari : Bukupaket.com\nMatematika • KPK dan FPB\n47\nKPK dan FPB\n 2\nKonsep kelipatan persekutuan \nterkecil (KPK) dan faktor persekutuan \nterbesar (FPB) banyak dipergunakan \nuntuk menyelesaikan masalah dalam \nkehidupan sehari-hari. Konsep KPK \ndapat digunakan untuk menentukan \njadwal liburan, menghitung orbit \np"", ""ngan Faktorisasi prima.\n 18 \n 2 9 \n 3 2 \n18 = 2 x 3 x 3 = 2 x 32\n 12 \n 2 6 \n 3 \n 2 \n12 = 2 x 2 x 3 = 22 x 3\nBagaimana menentukan FPB dari 18 dan 12\n1. Faktor dari 18 adalah 2 x 3\n2\n2. Faktor dari 12 adalah 22 x 3\n3. Faktor persekutuan terbesar dari 18 dan 12 adalah\n2 x 3 = 6\n Tulislah di buku tulismu.\nAyo Mencoba\n1. Tentukan FPB dua bilangan berikut dengan \nmenggunakan faktor persekutuan.\na. 6 dan 9 \nb. 9 dan 12 \nc. 12 dan 18\nd. 20 dan 30\ne. 32 dan 48\nDi unduh dari : Bukupaket.com\nMatematika • KPK dan FPB\n67\n2. Tentukan FPB dua bilangan berikut dengan \nmenggunakan faktorisasi prima.\na. 10 dan 12 \nb. 15 dan 20 \nc. 18 dan 20\nd. 38 dan 40\ne. 42 dan 54\n3. Tentukan FPB tiga bilangan berikut dengan menggunakan faktor persekutuan.\na. 6, 8 dan 9\nb. 9, 10 dan 12\nc. 12, 16 dan 18\nd. 15, 20 dan 30\ne. 32, 36 dan 48\nD. Penerapan KPK dan FPB\nAda 5 tahapan yang harus kalian lakukan untuk \npenerapan KPK"", ""ma dari 84.\n4. Tentukan faktorisasi prima dari bilangan 84.\n5. Buatlah pohon faktor untuk menentukan faktorisasi prima dari bilangan \n14 dan 44.\n6. Tentukan KPK dari 4 dan 8.\n7. Tentukan KPK dari 72 dan 95 dengan menggunakan faktorisasi.\n8. Tentukan KPK dari 15, 36 dan 85 dengan menggunakan faktorisasi.\n9. Tentukan FPB dari 24 dan 48.\n10. Tentukan FPB dari 14, 28 dan 52 dengan menggunakan faktorisasi.\n11. Edo mempunyai grup vokal di sekolahnya. Grup vokal itu terdiri 15 anak. \nTentukan Banyaknya formasi yang dapat terbentuk untuk menunjang penampilan \nEdo.\n12. Dayu, Meli, Siti dirawat di rumah sakit karena sakit diare. Dayu minum obat \nsetiap 4 jam sekali, Meli minum obat setiap 5 jam sekali, dan Siti minum obat setiap 8 \njam sekali. Berapa jam lagi ketiga pasien tersebut minum obat secara bersama-sama?\n13. Toko Baru dikunjungi pemasok telur setiap 8 hari, pemasok sabun setiap 15 hari, d"", ""ergunakan \nuntuk menyelesaikan masalah dalam \nkehidupan sehari-hari. Konsep KPK \ndapat digunakan untuk menentukan \njadwal liburan, menghitung orbit \nplanet, dan menentukan jumlah \nbarang yang disusun dalam baris dan \nkolom. \nSedangkan konsep FPB sering \ndigunakan untuk menyederhanakan \npecahan, menentukan berapa potong \nkain yang terbesar, pembagian kue \nyang sama banyak ke beberapa \nbagian (kotak/plastik), dan \nsebagainya. Agar dapat memahami \nKPK dan FPB dengan baik, maka kalian \nharus mengingat kembali tentang \nperkalian, pembagian, penjumlahan \ndan pengurangan bilangan.\nKata Kunci\nFaktor dan \nKelipatan Bilangan\nBilangan Prima\nKPK dan FPB\nPenerapan KPK \ndan FPB\nDi unduh dari : Bukupaket.com\nKelas IV SD/MI\n48\nBacalah dengan saksama\nPerhatikan gambar dan bacaan berikut!\nGambar 2.1 Berenang\nSumber: dokumentasi penulis \nBeni dan Edo mengikuti les renang bersama-sama pada \ntanggal 3 Novemb""]",kpk_fpb,0.0,False,False,C1-rag-only
C1,11,4,Pecahan,Pecahan Campuran,sedang,Sebuah pecahan campuran 2 1/3 dapat direpresentasikan dalam bentuk pecahan biasa. Berapakah hasilnya?,"[""A. 2 1/3"", ""B. 2 3/9"", ""C. 2 1/9"", ""D. 21/9""]",D,21/9,"[""Pecahan campuran 2 1/3 memiliki bilangan bulat 2 dan pecahan 1/3."", ""Untuk mengubah pecahan campuran menjadi pecahan biasa, kita perlu mengubah pecahan 1/3 ke dalam bentuk yang sama dengan penyebut 3."", ""Pecahan biasa yang sama dengan 1/3 adalah 3/9 karena 3 x 3 = 9."", ""Jadi, pecahan campuran 2 1/3 bisa ditulis sebagai pecahan biasa 2 3/9."", ""Untuk mengubah 2 3/9 menjadi pecahan biasa, kita perlu mengubah 2 menjadi pecahan dengan penyebut 9."", ""2 dapat ditulis sebagai 18/9."", ""Jadi, 2 3/9 = 18/9 + 3/9 = 21/9.""]",21/9,"[{""chunk_id"": ""000_0026"", ""source"": ""Buku Matematika Kelas 4 SD.pdf""}]","[""b adalah \nbilangan bulat dan b ≠ 0.\n2. Bilangan pecahan terdiri dari pecahan senilai, pecahan sederhana, dan \nmembandingkan pecahan.\n3. Pecahan senilai adalah pecahan yang dituliskan dalam bentuk berbeda, \ntetapi mempunyai nilai yang sama.\n4. Pecahan sederhana adalah mengubah pembilang dan penyebut menjadi pecahan \nsenilai yang paling kecil.\n5. Bentuk pecahan meliputi pecahan biasa, pecahan campuran, pecahan desimal, \ndan persen.\n6. Pecahan biasa adalah pecahan yang pembilang dan penyebutnya merupakan \nbilangan bulat.\n7. Pecahan campuran adalah pecahan yang terdiri atas bilangan bulat dan pecahan, \ndapat ditulis \na \nb\nc = (a x c) + b\nc \ndengan ketentuan a,b,c adalah bilangan bulat dan c ≠ 0.\n8. Pecahan desimal adalah pecahan yang nilai penyebutnya adalah 10, 100, 1000, dan \nseterusnya yang ditulis dengan menggunakan tanda koma.\nDi unduh dari : Bukupaket.com\nKelas IV SD/MI\n44\n9. Persen ad"", ""! Gunakan kalimatmu sendiri. \nKerjakan di buku tugasmu.\nPengamatan 4\nPerhatikan gambar dan bacaan berikut!\nGambar 1.11 Sepatu Diskon\nSumber : dokumentasi penulis\nDi unduh dari : Bukupaket.com\nKelas IV SD/MI\n22\nHari ini ada diskon untuk pembelian sepatu dan \nsandal. Pengunjung berbondong-bondong untuk \nmemilih dan membelinya. Pembelian diberi diskon untuk \npembelian sepatu sebesar 70%, 50% + 30%, 50%, 30%, \n20% + 20%, 20%, dan 10% (Gambar 1.11). \nTulis ulang bacaan di atas! Gunakan kalimatmu sendiri. \nKerjakan di buku tugasmu.\nAyo Menanya\nBerikut ini contoh pertanyaan tentang bentuk pecahan.\n1. Apa saja bentuk pecahan?\n2. Bagaimana mengubah pecahan biasa ke bentuk \npersen?\nBuatlah pertanyaan lainnya!\nAyo Menalar\n1. Pecahan Biasa\nBentuk pecahan yang telah dipelajari sebelum nya \nmerupakan pecahan biasa. Pecahan biasa adalah pecahan \nyang pembilang dan penyebutnya merupakan bilangan \nbulat."", "" \nadalah pecahan \nyang hanya terdiri \natas pembilang dan \npenyebut\nDi unduh dari : Bukupaket.com\nKelas IV SD/MI\n24\nPenyelesaian\nPecahan campuran 1 1\n2 terdiri atas bilangan bulat 1 dan \nbilangan pecahan 1\n2 .\nLangkah-langkah menyederhanakan pecahan campuran \nmenjadi pecahan biasa sebagai berikut.\n1\n1\n2 = 1 + 1\n2\nUbahlah angka 1 menjadi pecahan yang penyebutnya 2\n1\n1\n2 = 2\n2 + \n1\n2\nJumlahkan pembilangnya\n1\n1\n2 = 2 + 1\n2 = 3\n2\nMengubah pecahan campuran menjadi pecahan \nbiasa juga dapat dilakukan dengan cara berikut.\n1\n1\n2 = (1 x 2) + 1\n2 = 3\n2 \nCoba kalian ubah pecahan campuran berikut menjadi \npecahan biasa.\n2\n1\n3 = ...\n3 2\n5 = ...\nJadi, menurut kalian apa yang dimaksud dengan pecahan \ncampuran?\nBagaimana mengubah pecahan biasa menjadi pecahan \ncampuran?\nCoba kalian tuliskan langkah-langkah mengubah pecahan \ncampuran ke pecahan biasa. Tulis di buku tulismu. \nTahukah Kalian\nJika angka \npem"", ""ri : Bukupaket.com\nKelas IV SD/MI\n158\nBacalah dengan saksama\nPerhatikan gambar dan bacaan berikut!\nGambar 5.1 Pemilihan Ketua Kelas\nSumber: kemendikbud.go.id\n Hari ini, siswa kelas 4 duduk rapi dan suasana di kelas \nsangat tenang. Pergantian pengurus dilakukan setiap tiga \nbulan sekali untuk memberi kesempatan seluruh siswa \nmenjadi pengurus kelas dan juga melatih rasa percaya diri \nsetiap siswa.\n Setiap siswa diberi selembar kertas untuk mengisi \nnama calon ketua kelas yang akan dipilih. Setelah itu, \nkertas dikumpulkan, kemudian dilakukan perhitungan \nsuara untuk setiap calon ketua kelas. Agar memudahkan \ndalam pendataan, hasil perolehan suara calon ketua \nkelas ditulis di papan tulis dalam bentuk tabel. Dapatkah \nkamu membaca dan menyajikan data tersebut dalam \nbentuk diagram batang? Temukan jawabannya dalam \npembahasan materi ini.\nDi unduh dari : Bukupaket.com\nMatematika • Statistika"", ""aian\nBentuk pecahan gambar di atas adalah 4\n6 .\nb.\nPenyelesaian\nBentuk pecahan gambar di atas adalah 3\n8 .\nContoh 1.2\nSebutkan pembilang dan penyebut dari pecahan di bawah \nini.\na. 3\n8 maka pembilang adalah 3 dan penyebut adalah 8.\nb. 1\n4 maka pembilang adalah 1 dan penyebut adalah 4.\nc. \n5\n6 maka pembilang adalah 5 dan penyebut adalah 6.\nDi unduh dari : Bukupaket.com\nKelas IV SD/MI\n8\nAyo Mencoba\n1. Meli memiliki 1 batang coklat. Dia ingin mem­\nbagikan kepada 5 orang sahabatnya dengan \nbagian yang sama. Berapa bagian coklat yang diperoleh \nmasing-masing sahabat Meli?\n2. Beni memiliki 8 buah apel. Dia akan membagikan \nkepada 4 orang temannya dengan bagian yang sama \nbanyak. Berapa buah apel yang diperoleh masingmasing temannya?\n3. Nyatakan bagian yang diarsir pada gambar di bawah \nini ke dalam bentuk pecahan.\na. b. c.\n4. Nyatakan pecahan di bawah ini dalam bentuk gambar \ndengan beberapa b""]",pecahan,0.0,False,True,C1-rag-only
C1,12,4,bilangan,perbandingan dan diagram,sulit,"Sebuah kelas memiliki 32 siswa. 2 siswa mendapat nilai 50, 11 siswa mendapat nilai 65, 10 siswa mendapat nilai 70, 6 siswa mendapat nilai 80, dan sisanya mendapat nilai 75. Berapakah persentase siswa yang mendapatkan nilai 70 jika dikurangi dari total siswa kelas tersebut?","[""A. 9%"", ""B. 9.6%"", ""C. 10%"", ""D. 10.5%""]",B,9.6%,"[""Hitung jumlah siswa yang mendapatkan nilai 70:"", ""Jumlah siswa yang mendapatkan nilai 70 = 10"", ""Hitung total siswa:"", ""Total siswa = 2 + 11 + 10 + 6 + 75 = 104"", ""Hitung persentase siswa yang mendapatkan nilai 70:"", ""Persentase siswa yang mendapatkan nilai 70 = (Jumlah siswa yang mendapatkan nilai 70 / Total siswa) x 100"", ""Persentase siswa yang mendapatkan nilai 70 = (10 / 104) x 100 ≈ 9.6%""]",(10 / 104) x 100,"[{""chunk_id"": ""000_0219"", ""source"": ""Buku Matematika Kelas 4 SD.pdf""}]","[""ri : Bukupaket.com\nKelas IV SD/MI\n158\nBacalah dengan saksama\nPerhatikan gambar dan bacaan berikut!\nGambar 5.1 Pemilihan Ketua Kelas\nSumber: kemendikbud.go.id\n Hari ini, siswa kelas 4 duduk rapi dan suasana di kelas \nsangat tenang. Pergantian pengurus dilakukan setiap tiga \nbulan sekali untuk memberi kesempatan seluruh siswa \nmenjadi pengurus kelas dan juga melatih rasa percaya diri \nsetiap siswa.\n Setiap siswa diberi selembar kertas untuk mengisi \nnama calon ketua kelas yang akan dipilih. Setelah itu, \nkertas dikumpulkan, kemudian dilakukan perhitungan \nsuara untuk setiap calon ketua kelas. Agar memudahkan \ndalam pendataan, hasil perolehan suara calon ketua \nkelas ditulis di papan tulis dalam bentuk tabel. Dapatkah \nkamu membaca dan menyajikan data tersebut dalam \nbentuk diagram batang? Temukan jawabannya dalam \npembahasan materi ini.\nDi unduh dari : Bukupaket.com\nMatematika • Statistika"", ""in mengenai data\ntersebut yang tidak\ntertulis pada tabel.\nDi unduh dari : Bukupaket.com\nMatematika • Statistika\n163\nGuru matematika di kelas Edo membagikan hasil ujian \nmatematika dan mendata nilai hasil ujian matematika \nsiswa kelas 4A. Dari 32 siswa, 2 siswa mendapat nilai 50, \n11 siswa mendapat nilai 65, 10 siswa mendapat nilai 70, \n6 siswa mendapat nilai 80, dan sisanya mendapat nilai 75. \nGuru di kelas Edo ingin melihat perbandingan nilai yang \ndiperoleh siswa dengan lebih mudah.\nTulis ulang bacaan di atas! Gunakan kalimat sendiri.\nKerjakan di buku tulismu.\nPengamatan 2\nPerhatikan gambar dan bacaan berikut ini.\nGambar 5.4 Kendaraan di Jalan\nSumber: dokumentasi penulis\n Guru di kelas Udin mengajak siswa-siswanya belajar \ndi luar kelas. Beliau meminta siswa-siswanya mencatat \nbanyaknya kendaraan yang lewat di Jalan PB Sudirman \nsetiap 10 menit. Udin mencatat becak yang lewat \nsebanyak"", ""20 ­ 40 tahun di suatu daerah selama 5 tahun disajikan dalam \ndiagram berikut ini.\na. Berapakah selisih penduduk laki-laki & perempuan pada tahun 2017\nb. Pada tahun berapakah jumlah penduduk terbanyak?\n20. Data tinggi badan siswa kelas IV disajikan dalam diagram berikut. Jika banyak siswa \nkelas IV seluruhnya adalah 60, maka berapa banyak siswa kelas IV yang mempunyai \ntinggi badan 132 cm?\nTugas Berkelompok\nPetunjuk\n1. Tulislah jawaban latihan soal di buku tulis dengan bahasamu sendiri.\n2. Tukarkan jawaban dengan teman sebangkumu.\n3. Bandingkan dan diskusikan hasil pekerjaanmu.\nDi unduh dari : Bukupaket.com\nMatematika • Pengukuran Sudut\n177\nPengukuran \nSudut \n 6\nDi kelas 3 kalian telah mempelajari \ntentang jenis-jenis sudut dan \npengukuran sudut dengan satuan \ntidak baku. Sekarang kalian akan \nmempelajari lebih jauh lagi tentang \npengukuran sudut dengan busur \nderajat. Pada bangun datar,"", ""i Jumat, Sabtu dan Minggu?\nDi unduh dari : Bukupaket.com\nKelas IV SD/MI\n174\n12. Diketahui suatu data : 6, 7, 9, 8, 8, 7, 10, 7, 11, 12, 8. Sajikan data tersebut dalam \nbentuk tabel dan diagram batang!\n13. Data banyaknya kelahiran bayi di salah satu kecamatan disajikan dalam diagram \nbatang berikut!\nBanyak Kelahiran\n Banyak kelahiran bayi selama 5 tahun adalah …\n14. Data nilai ulangan matematika kelas 4 disajikan dalam diagram batang berikut!\nJika kriteria ketuntasan minimal nilai matematika 70, berapakah banyak siswa yang \ntidak ikut remidi?\n15. Diagram batang berikut menyajikan data banyak siswa di SD Balikpapan. Sajikan \ndiagram batang di bawah ini dalam bentuk tabel! Berapakah selisih data banyak \nsiswa kelas 4 dan kelas 5?\nDi unduh dari : Bukupaket.com\nMatematika • Statistika\n175\n16. Tabel berikut menunjukkan hasil panen sayur-sayuran di suatu daerah. Sajikan tabel \ntersebut dalam di"", ""erhatikan nilai \nsatuan, puluhan, atau \nratusan dan seterusnya. \nJika angka kurang dari \n5 (4,3,2,1) maka angka \npada pembulatan \ndihilangkan dan jika \nangka lebih dari sama \ndengan 5 (5,6,7,8,9) \nmaka angka pada \npembulatan ditambah \n1 baik puluhan, ratusan, \nmaupun ribuan dan \nseterusnya.\nDi unduh dari : Bukupaket.com\nKelas IV SD/MI\n38\nContoh 1.16\nTentukan hasil operasi hitung berikut dengan taksiran atas.\na. 16,8 x 2,4 ≈ 17 x 2 = 34\n 16,8 dibulatkan ke atas menjadi 17\n 2,4 dibulatkan ke bawah menjadi 2\nb. 24,7 / 4.9 ≈ 25 / 5 = 5\n 24,7 dibulatkan ke atas menjadi 25\n 4,9 dibulatkan ke atas menjadi 5\nc. 153,7 + 8,2 ≈ 154 + 8 = 162\n 153,7 dibulatkan ke atas menjadi 154\n 8,2 dibulatkan ke bawah menjadi 8\nd. 32,4 ­ 5,5 ≈ 32 - 6 = 26\n 32,4 dibulatkan ke bawah menjadi 32\n 5,5 dibulatkan ke atas menjadi 6\nc. Taksiran Persen\nTaksiran persen adalah menaksir hasil operasi hitung \ndengan cara memb""]",bilangan,0.0,False,False,C1-rag-only
C1,13,4,Geometri,Volume Balok,sedang,"Sebuah balok memiliki ukuran panjang 10 cm, lebar 5 cm, dan tinggi 3 cm. Berapakah volume balok tersebut?","[""A. 100 cm³"", ""B. 150 cm³"", ""C. 200 cm³"", ""D. 250 cm³""]",B,150,"[""Hitung luas alas balok menggunakan rumus luas persegi panjang:"", ""Luas alas = Lebar × Tinggi"", ""Luas alas = 5 cm × 3 cm = 15 cm²"", ""Hitung volume balok menggunakan rumus volume balok:"", ""Volume = Luas Alas × Panjang"", ""Volume = 15 cm² × 10 cm = 150 cm³""]",150 cm³,[],"[""20 ­ 40 tahun di suatu daerah selama 5 tahun disajikan dalam \ndiagram berikut ini.\na. Berapakah selisih penduduk laki-laki & perempuan pada tahun 2017\nb. Pada tahun berapakah jumlah penduduk terbanyak?\n20. Data tinggi badan siswa kelas IV disajikan dalam diagram berikut. Jika banyak siswa \nkelas IV seluruhnya adalah 60, maka berapa banyak siswa kelas IV yang mempunyai \ntinggi badan 132 cm?\nTugas Berkelompok\nPetunjuk\n1. Tulislah jawaban latihan soal di buku tulis dengan bahasamu sendiri.\n2. Tukarkan jawaban dengan teman sebangkumu.\n3. Bandingkan dan diskusikan hasil pekerjaanmu.\nDi unduh dari : Bukupaket.com\nMatematika • Pengukuran Sudut\n177\nPengukuran \nSudut \n 6\nDi kelas 3 kalian telah mempelajari \ntentang jenis-jenis sudut dan \npengukuran sudut dengan satuan \ntidak baku. Sekarang kalian akan \nmempelajari lebih jauh lagi tentang \npengukuran sudut dengan busur \nderajat. Pada bangun datar,"", ""ri : Bukupaket.com\nKelas IV SD/MI\n158\nBacalah dengan saksama\nPerhatikan gambar dan bacaan berikut!\nGambar 5.1 Pemilihan Ketua Kelas\nSumber: kemendikbud.go.id\n Hari ini, siswa kelas 4 duduk rapi dan suasana di kelas \nsangat tenang. Pergantian pengurus dilakukan setiap tiga \nbulan sekali untuk memberi kesempatan seluruh siswa \nmenjadi pengurus kelas dan juga melatih rasa percaya diri \nsetiap siswa.\n Setiap siswa diberi selembar kertas untuk mengisi \nnama calon ketua kelas yang akan dipilih. Setelah itu, \nkertas dikumpulkan, kemudian dilakukan perhitungan \nsuara untuk setiap calon ketua kelas. Agar memudahkan \ndalam pendataan, hasil perolehan suara calon ketua \nkelas ditulis di papan tulis dalam bentuk tabel. Dapatkah \nkamu membaca dan menyajikan data tersebut dalam \nbentuk diagram batang? Temukan jawabannya dalam \npembahasan materi ini.\nDi unduh dari : Bukupaket.com\nMatematika • Statistika"", ""ikan diagram batang hasil ulangan tengah semester matematika \nkelas 4B dan 4D.\n \n Berapa banyak siswa di kelas 4B?\n Berapa banyak siswa di kelas 4D?\n Berapa banyaknya siswa yang memperoleh nilai 10 di kelas 4D?\n Berapa siswa yang memperoleh nilai tertinggi di kelas 4D?\n6. Diagram di bawah menunjukkan tinggi badan 5 anak dalam satuan cm.\n Ceritakan diagram di atas dengan bahasamu sendiri.\n7. Berikut daftar persediaan buah di toko buah.\n Ceritakan diagram di atas dengan bahasamu sendiri.\nDi unduh dari : Bukupaket.com\nMatematika • Statistika\n173\n8. Di sebuah desa, pada bulan Januari hasil panen padi mencapai 250 ton, panen jagung \nmencapai 255 ton, dan panen singkong 100 ton. Pada bulan Februari hasil panen padi \nmencapai 350 ton, hasil panen jagung 190 ton, dan hasil panen singkong mencapai \n185 ton. Sementara itu pada bulan Maret panen padi menurun 150 ton, hasil panen \njagung 250 ton, da"", "" : Bukupaket.com\nMatematika • Statistika\n175\n16. Tabel berikut menunjukkan hasil panen sayur-sayuran di suatu daerah. Sajikan tabel \ntersebut dalam diagram batang?\nHasil (ton)Jenis Sayuran\n1.500\n1.000\n3.000\n3.500\n2.000\nWortel\nKubis\nSawi\nKembang kol\nLobak\n17. Tabel berikut menunjukkan banyak siswa di suatu sekolah dasar pada tahun 2013 ­ \n2017. Sajikan tabel tersebut dalam diagram batang.\nTahun\nBanyak Siswa\nLaki-Laki Perempuan\n2013\n2014\n2015\n2016\n2017\n80\n100\n90\n85\n95\n100\n75\n80\n95\n75\n18. Diagram batang di bawah ini menunjukkan jenis kendaraan yang berlalu lalang di \njalan raya. Jenis kendaraan apa yang paling banyak ditemui! Berapa banyak jenis \nkendaraan yang ditemui?\nDi unduh dari : Bukupaket.com\nKelas IV SD/MI\n176\n19. Banyak penduduk usia 20 ­ 40 tahun di suatu daerah selama 5 tahun disajikan dalam \ndiagram berikut ini.\na. Berapakah selisih penduduk laki-laki & perempuan pada tahun 2017"", ""bulatan ke ratusan terdekat\na. Pembulatan ke bawah, jika angka puluhannya kurang dari 5, maka puluhan \ntersebut dihilangkan.\nb. Pembulatan ke atas, jika angka puluhannya lebih dari atau sama dengan 50 \nmaka puluhan tersebut dihilangkan dan menambahkan 100 ke ratusannya. \nAyo Mengomunikasikan\nPetunjuk\nTulis ulang rangkuman di atas dengan bahasamu sendiri. Kerjakan di buku tulismu.\nBandingkan dan diskusikan bersama 3 teman yang tempat duduknya berdekatan \ndenganmu. Tulis kembali di buku tulismu!\nDi unduh dari : Bukupaket.com\nKelas IV SD/MI\n98\nTugas Proyek\nBelajar melakukan pembulatan hasil pengukuran yang telah dilaksanakan\nTujuan: melakukan pembulatan hasil pengukuran panjang dan berat.\nPetunjuk: \n1. Buatlah kelompok yang terdiri atas 4 anak.\n2. Sediakan timbangan berat badan, meteran pengukur tinggi badan, dan alat-alat tulis.\n3. Buatlah tabel hasil pengukuran berat dan tinggi badan bese""]",geometri,0.0,False,False,C1-rag-only
C1,14,4,pengolahan_data,median,mudah,"Dalam sebuah kelas, 40 siswa diberi tugas mengisi kertas dengan nama-nama calon ketua kelas. Hasil perolehan suara dihitung dan disajikan dalam tabel berikut. Dari tabel tersebut, tentukan median dari perolehan suara. Hasil perolehan suara adalah sebagai berikut:
| Calon Ketua | Perolehan Suara |
|------------|------------------|
| A           | 5                |
| B           | 4                |
| C           | 3                |
| D           | 2                |
| E           | 1                |

A. 2
B. 3
C. 4
D. 5","[""A. 2"", ""B. 3"", ""C. 4"", ""D. 5""]",B,3,"[""1. Urutkan perolehan suara dari terkecil ke terbesar:"", ""2. 1, 2, 3, 4, 5"", ""3. Hitung jumlah elemen dalam data:"", ""4. 5"", ""5. Tentukan posisi median:"", ""6. Jumlah elemen (n) = 5"", ""7. Median = (n + 1) / 2 = (5 + 1) / 2 = 3"", ""8. Nilai median adalah elemen yang berada pada urutan ke-3:"", ""9. Jadi, nilai median adalah 3.""]",3,"[{""chunk_id"": ""000_0212"", ""source"": ""Buku Matematika Kelas 4 SD.pdf""}, {""chunk_id"": ""000_0225"", ""source"": ""Buku Matematika Kelas 4 SD.pdf""}]","[""ri : Bukupaket.com\nKelas IV SD/MI\n158\nBacalah dengan saksama\nPerhatikan gambar dan bacaan berikut!\nGambar 5.1 Pemilihan Ketua Kelas\nSumber: kemendikbud.go.id\n Hari ini, siswa kelas 4 duduk rapi dan suasana di kelas \nsangat tenang. Pergantian pengurus dilakukan setiap tiga \nbulan sekali untuk memberi kesempatan seluruh siswa \nmenjadi pengurus kelas dan juga melatih rasa percaya diri \nsetiap siswa.\n Setiap siswa diberi selembar kertas untuk mengisi \nnama calon ketua kelas yang akan dipilih. Setelah itu, \nkertas dikumpulkan, kemudian dilakukan perhitungan \nsuara untuk setiap calon ketua kelas. Agar memudahkan \ndalam pendataan, hasil perolehan suara calon ketua \nkelas ditulis di papan tulis dalam bentuk tabel. Dapatkah \nkamu membaca dan menyajikan data tersebut dalam \nbentuk diagram batang? Temukan jawabannya dalam \npembahasan materi ini.\nDi unduh dari : Bukupaket.com\nMatematika • Statistika"", ""erhatikan nilai \nsatuan, puluhan, atau \nratusan dan seterusnya. \nJika angka kurang dari \n5 (4,3,2,1) maka angka \npada pembulatan \ndihilangkan dan jika \nangka lebih dari sama \ndengan 5 (5,6,7,8,9) \nmaka angka pada \npembulatan ditambah \n1 baik puluhan, ratusan, \nmaupun ribuan dan \nseterusnya.\nDi unduh dari : Bukupaket.com\nKelas IV SD/MI\n38\nContoh 1.16\nTentukan hasil operasi hitung berikut dengan taksiran atas.\na. 16,8 x 2,4 ≈ 17 x 2 = 34\n 16,8 dibulatkan ke atas menjadi 17\n 2,4 dibulatkan ke bawah menjadi 2\nb. 24,7 / 4.9 ≈ 25 / 5 = 5\n 24,7 dibulatkan ke atas menjadi 25\n 4,9 dibulatkan ke atas menjadi 5\nc. 153,7 + 8,2 ≈ 154 + 8 = 162\n 153,7 dibulatkan ke atas menjadi 154\n 8,2 dibulatkan ke bawah menjadi 8\nd. 32,4 ­ 5,5 ≈ 32 - 6 = 26\n 32,4 dibulatkan ke bawah menjadi 32\n 5,5 dibulatkan ke atas menjadi 6\nc. Taksiran Persen\nTaksiran persen adalah menaksir hasil operasi hitung \ndengan cara memb"", ""matan 2 tersebut? Coba buatlah di \nbuku tulismu.\nContoh 5.1\n1. Meli mencatat jenis hobi teman-teman sekelasnya. \nData tentang hobi teman-teman Meli ditulis dalam \nbentuk tabel berikut.\nNo. Jenis Hobi\nBanyak Siswa\nTurus Frekuensi\n1. Membaca 5\n2. Menggambar IIII 9\n3. Olahraga I 11\n4. Menyanyi IIII 9\n5. Menari I 6\nJumlah 40\nBerapakah banyaknya teman Meli seluruhnya?\nSajikan tabel hobi teman Meli ke dalam bentuk diagram \nbatang.\nPenyelesaian\nDi unduh dari : Bukupaket.com\nKelas IV SD/MI\n168\nAyo Mencoba\n1. Meli adalah ketua kelas 4A. Ia akan membelikan \nsejumlah kebutuhan alat-alat tulis di koperasi \nsekolah untuk teman-teman sekelasnya. Berdasarkan \nkebutuhan tersebut tercatat ada 5 barang yang harus \ndibeli yaitu 9 buku tulis, 10 pensil, 5 penghapus, 3 \nbolpoin, dan 5 penggaris. Buatlah tabel dan diagram \nbatang yang menunjukkan kebutuhan di atas.\n2. Di bawah ini adalah diagram batang tentan"", ""langkah tersebut \nadalah mengamati, menanya, menalar, mencoba, dan \nmengkomunikasikan.\nAyo Mengamati\nPengamatan 1\nPerhatikan gambar dan bacaan berikut dengan cermat!\nGambar 4.2 Benda-benda yang ada di kelas\nSumber: dokumentasi penulis\nDi unduh dari : Bukupaket.com\nKelas IV SD/MI\n106\nEdo mengelompokkan beberapa benda yang ada di \nkelasnya seperti tulisan “Welcome to Our Class” , jadwal \npiket, dan penggaris setengah lingkaran. Bentuk benda \napakah yang dipilih oleh Edo?\nTulis ulang bacaan di atas! Gunakan kalimat sendiri. \nKerjakan di buku tulismu. \nPengamatan 2\nPerhatikan gambar dan bacaan berikut dengan cermat!\nGambar 4.3 Contoh-contoh bangun datar\nSumber: dokumentasi penulis\nMeli mengelompokkan beberapa benda yang ada di \nkelasnya seperti jadwal pelajaran, peta Indonesia, penggaris \npanjang, penggaris segitiga, motto “In Our Class” , buku, \ndan meja. Bentuk benda apakah yang dipilih ol"", ""i Jumat, Sabtu dan Minggu?\nDi unduh dari : Bukupaket.com\nKelas IV SD/MI\n174\n12. Diketahui suatu data : 6, 7, 9, 8, 8, 7, 10, 7, 11, 12, 8. Sajikan data tersebut dalam \nbentuk tabel dan diagram batang!\n13. Data banyaknya kelahiran bayi di salah satu kecamatan disajikan dalam diagram \nbatang berikut!\nBanyak Kelahiran\n Banyak kelahiran bayi selama 5 tahun adalah …\n14. Data nilai ulangan matematika kelas 4 disajikan dalam diagram batang berikut!\nJika kriteria ketuntasan minimal nilai matematika 70, berapakah banyak siswa yang \ntidak ikut remidi?\n15. Diagram batang berikut menyajikan data banyak siswa di SD Balikpapan. Sajikan \ndiagram batang di bawah ini dalam bentuk tabel! Berapakah selisih data banyak \nsiswa kelas 4 dan kelas 5?\nDi unduh dari : Bukupaket.com\nMatematika • Statistika\n175\n16. Tabel berikut menunjukkan hasil panen sayur-sayuran di suatu daerah. Sajikan tabel \ntersebut dalam di""]",pengolahan_data,0.0,False,True,C1-rag-only
C1,15,4,kpk_fpb,menentukan FPB,sulit,"Edo memiliki grup vokal yang terdiri dari 15 anak. Jika grup tersebut ingin dibagi menjadi kelompok dengan jumlah anggota yang sama tanpa ada sisipan, berapa banyak maksimum kelompok yang dapat dibentuk?","[""A. 4"", ""B. 5"", ""C. 6"", ""D. 15""]",D,15,"[""1. Faktorisasi prima dari 15 adalah 3 × 5."", ""2. Faktorisasi prima dari 15 adalah 3 × 5."", ""3. FPB dari 15 adalah 1 × 3 × 5 = 15."", ""4. Jadi, Edo dapat membentuk 15 kelompok dengan jumlah anggota yang sama.""]",15,"[{""chunk_id"": ""000_0091"", ""source"": ""Buku Matematika Kelas 4 SD.pdf""}]","["" 9, 10 dan 12\nc. 12, 16 dan 18\nd. 15, 20 dan 30\ne. 32, 36 dan 48\nD. Penerapan KPK dan FPB\nAda 5 tahapan yang harus kalian lakukan untuk \npenerapan KPK dan FPB. Kelima tahapan tersebut \nadalah mengamati, menanya, menalar, mencoba, dan \nmengkomunikasikan.\nAyo Mengamati\nPengamatan\nSetelah mempelajari tentang KPK dan FPB pasti kalian \nsudah paham tentang kelipatan dan faktor bilangan, \nfaktorisasi, dan kelipatan dan faktor persekutuan. Dalam \nkehidupan sehari-hari banyak permasalahan yang \nmemanfaatkan konsep KPK dan FPB. Perhatikan contoh \naplikasi KPK dan FPB dalam kehidupan sehari-hari berikut \nini.\nPerhatikan bacaan dan gambar berikut dengan \ncermat!\nEdo dan Meli sedang latihan lari di lapangan sekolah yang \nberbentuk lingkaran untuk persiapan turnamen. Edo \ndapat menyelesaikan 1 putaran dalam waktu 90 detik, \nsedangkan Meli dapat menyelesaikan 1 putaran dalam \nwaktu 120 detik. Mereka mu"", ""ergunakan \nuntuk menyelesaikan masalah dalam \nkehidupan sehari-hari. Konsep KPK \ndapat digunakan untuk menentukan \njadwal liburan, menghitung orbit \nplanet, dan menentukan jumlah \nbarang yang disusun dalam baris dan \nkolom. \nSedangkan konsep FPB sering \ndigunakan untuk menyederhanakan \npecahan, menentukan berapa potong \nkain yang terbesar, pembagian kue \nyang sama banyak ke beberapa \nbagian (kotak/plastik), dan \nsebagainya. Agar dapat memahami \nKPK dan FPB dengan baik, maka kalian \nharus mengingat kembali tentang \nperkalian, pembagian, penjumlahan \ndan pengurangan bilangan.\nKata Kunci\nFaktor dan \nKelipatan Bilangan\nBilangan Prima\nKPK dan FPB\nPenerapan KPK \ndan FPB\nDi unduh dari : Bukupaket.com\nKelas IV SD/MI\n48\nBacalah dengan saksama\nPerhatikan gambar dan bacaan berikut!\nGambar 2.1 Berenang\nSumber: dokumentasi penulis \nBeni dan Edo mengikuti les renang bersama-sama pada \ntanggal 3 Novemb"", ""ma dari 84.\n4. Tentukan faktorisasi prima dari bilangan 84.\n5. Buatlah pohon faktor untuk menentukan faktorisasi prima dari bilangan \n14 dan 44.\n6. Tentukan KPK dari 4 dan 8.\n7. Tentukan KPK dari 72 dan 95 dengan menggunakan faktorisasi.\n8. Tentukan KPK dari 15, 36 dan 85 dengan menggunakan faktorisasi.\n9. Tentukan FPB dari 24 dan 48.\n10. Tentukan FPB dari 14, 28 dan 52 dengan menggunakan faktorisasi.\n11. Edo mempunyai grup vokal di sekolahnya. Grup vokal itu terdiri 15 anak. \nTentukan Banyaknya formasi yang dapat terbentuk untuk menunjang penampilan \nEdo.\n12. Dayu, Meli, Siti dirawat di rumah sakit karena sakit diare. Dayu minum obat \nsetiap 4 jam sekali, Meli minum obat setiap 5 jam sekali, dan Siti minum obat setiap 8 \njam sekali. Berapa jam lagi ketiga pasien tersebut minum obat secara bersama-sama?\n13. Toko Baru dikunjungi pemasok telur setiap 8 hari, pemasok sabun setiap 15 hari, d"", ""eseluruhan \npenonton musik yang akan berada di dalam gedung!\n18. 30% dari x adalah 21 dan \n1\n6 dari y adalah 13. Berapa nilai x + y ?\n19. Umur Dayu 9 tahun 2 bulan dan umur Meli 6 tahun 8 bulan. Berapakah perbandingan \numur Dayu dengan Meli?\n20. Siti mempunyai sebuah bilangan desimal yaitu 0,45.\na. Berapakah pecahan biasa dari bilangan yang dimiliki Siti?\nb. Berapakah pecahan yang senilai?\nTugas Berkelompok\nPetunjuk\n1. Tulislah jawaban latihan soal di buku tulis dengan bahasa sendiri.\n2. Tukarkan jawaban dengan teman sebangkumu.\n3. Bandingkan dan diskusikan hasil pekerjaanmu.\nDi unduh dari : Bukupaket.com\nMatematika • KPK dan FPB\n47\nKPK dan FPB\n 2\nKonsep kelipatan persekutuan \nterkecil (KPK) dan faktor persekutuan \nterbesar (FPB) banyak dipergunakan \nuntuk menyelesaikan masalah dalam \nkehidupan sehari-hari. Konsep KPK \ndapat digunakan untuk menentukan \njadwal liburan, menghitung orbit \np"", "" biasa, pecahan \ncampuran, pecahan desimal dan persen. Kelima langkah \ntersebut adalah mengamati, menanya, menalar, mencoba, \ndan mengkomunikasikan.\nTahukah Kalian\nPecahan a\nb dikatakan \npecahan yang paling \nsederhanan apabila FPB \n(a,b) =1\nDi unduh dari : Bukupaket.com\nKelas IV SD/MI\n20\nAyo Mengamati\nPengamatan 1\nPerhatikan gambar dan bacaan berikut!\nGambar 1.8 Buah Apel\nSumber : dokumentasi penulis\nDayu membeli apel 1\n2 kg, kemudian Udin juga membeli \napel 3\n4 kg. Berapa kg apel yang mereka beli?\nTulis ulang bacaan di atas! Gunakan kalimatmu sendiri. \nKerjakan di buku tugasmu.\nPengamatan 2\nPerhatikan gambar dan bacaan berikut!\nIbu berbelanja di pasar tradisonal. Ibu membeli \nberas 5 kg, telur 1\n1\n2 kg, bawang putih 1\n4 kg, \ndan bawang merah \n3\n4 kg (Gambar 1.9). Berapa \nkilogram keseluruhan belanja ibu? \nGambar 1.9 Dagangan Pasar\nSumber : dokumentasi penulis\nTulis ulang bacaan di atas!""]",kpk_fpb,0.0,False,True,C1-rag-only
C1,16,4,aritmetika sosial,harga pembelian,mudah,"Dayu membeli apel 1
2 kg, Udin juga membeli apel 3
4 kg. Berapakah kg apel yang mereka beli bersama?","[""A. 1.25 kg"", ""B. 1.50 kg"", ""C. 1.75 kg"", ""D. 2.00 kg""]",C,1.75,"[""Dayu membeli apel 1\n2 kg, yang sama dengan 2/2 kg."", ""Udin membeli apel 3\n4 kg, yang sama dengan 3/4 kg."", ""Untuk menambahkan kedua jumlah tersebut, kita perlu mengubah pecahan menjadi pecahan desimal:"", ""2/2 = 1.00 kg (sempurna)"", ""3/4 = 0.75 kg (dibulatkan dari 0.75)"", ""Jadi, total apel yang dibeli adalah 1.00 kg + 0.75 kg = 1.75 kg.""]",1.75 kg,"[{""chunk_id"": ""000_0021"", ""source"": ""Buku Matematika Kelas 4 SD.pdf""}, {""chunk_id"": ""000_0036"", ""source"": ""Buku Matematika Kelas 4 SD.pdf""}, {""chunk_id"": ""000_0039"", ""source"": ""Buku Matematika Kelas 4 SD.pdf""}]","["" biasa, pecahan \ncampuran, pecahan desimal dan persen. Kelima langkah \ntersebut adalah mengamati, menanya, menalar, mencoba, \ndan mengkomunikasikan.\nTahukah Kalian\nPecahan a\nb dikatakan \npecahan yang paling \nsederhanan apabila FPB \n(a,b) =1\nDi unduh dari : Bukupaket.com\nKelas IV SD/MI\n20\nAyo Mengamati\nPengamatan 1\nPerhatikan gambar dan bacaan berikut!\nGambar 1.8 Buah Apel\nSumber : dokumentasi penulis\nDayu membeli apel 1\n2 kg, kemudian Udin juga membeli \napel 3\n4 kg. Berapa kg apel yang mereka beli?\nTulis ulang bacaan di atas! Gunakan kalimatmu sendiri. \nKerjakan di buku tugasmu.\nPengamatan 2\nPerhatikan gambar dan bacaan berikut!\nIbu berbelanja di pasar tradisonal. Ibu membeli \nberas 5 kg, telur 1\n1\n2 kg, bawang putih 1\n4 kg, \ndan bawang merah \n3\n4 kg (Gambar 1.9). Berapa \nkilogram keseluruhan belanja ibu? \nGambar 1.9 Dagangan Pasar\nSumber : dokumentasi penulis\nTulis ulang bacaan di atas!"", "" \nPada Pengamatan 1\nPerhatikan tabel berikut.\nEdo mempunyai uang Rp10.000,00 untuk membeli buku \ntulis. \nTahukah Kalian\nTaksiran atas \ndilakukan dengan \nmembulatkan ke atas \nbilangan-bilangan \ndalam operasi hitung. \nDi unduh dari : Bukupaket.com\nKelas IV SD/MI\n32\nTabel 1.3 Taksiran harga\nHarga (Rp) Taksiran Atas ke \nRibuan Terdekat (Rp)\nBuku ke-1 4.550 5.000\nBuku ke-2 2.250 3.000\nBuku ke-3 2.750 3.000\nBuku ke-4 1.750 2.000\nTulislah buku apa saja yang dapat dibeli oleh Edo sehingga \nharganya tidak melebihi Rp10.000,00 (bisa lebih dari satu \njawaban). Dapatkah Edo membeli keempat buku tulis \ntersebut? \nContoh Taksiran Atas\nTabel 1.4 Taksiran atas\nBilangan Satuan \nTerdekat\nPuluhan \nTerdekat\nRatusan \nTerdekat\nRibuan \nTerdekat\n5.368,5 5.369 5.370 5.400 6.000\n7.568,8 7.569 7.570 7.600 8.000\n8.777,9 8.778 8.780 8.800 9.000\n8.777,1 8.778 8.780 8.800 9.000\nContoh 1.11\nTentukan hasil operasi hitun"", "" menjadi 10. \n28 dibulatkan ke bawah menjadi 20.\nDi unduh dari : Bukupaket.com\nKelas IV SD/MI\n34\nb. 61 / 27 ≈ 60 / 20 = 3 \n 61 dibulatkan ke bawah menjadi 60. \n 27 dibulatkan ke bawah menjadi 20.\nc. 37 + 88 ≈ 30 + 80 = 110\n 37 dibulatkan ke bawah menjadi 30.\n 88 dibulatkan ke bawah menjadi 80.\nd. 294 - 58 ≈ 200 - 50 = 150\n 294 dibulatkan ke bawah menjadi 200.\n 58 dibulatkan ke bawah menjadi 50.\nc. Taksiran Terbaik \nEdo memperkirakan harga buku tulis per tama Rp4.600,00, \nharga buku tulis kedua Rp2.300,00, harga buku tulis ketiga \nRp2.800,00. Edo melakukan taksiran terbaik dengan \nmembulatkan semua bilangan di bawahnya untuk satuan, \npuluhan, dan ratusan.\nJika Edo membeli buku tulis pertama, buku \ntulis kedua, dan buku tulis ketiga maka total \npembelian buku sebesar Rp9.700,00. \nJika Edo ingin membeli buku tulis kedua, \nbuku tulis ketiga, dan buku tulis keempat, maka \nberapa perkiraan ter"", ""ri : Bukupaket.com\nKelas IV SD/MI\n158\nBacalah dengan saksama\nPerhatikan gambar dan bacaan berikut!\nGambar 5.1 Pemilihan Ketua Kelas\nSumber: kemendikbud.go.id\n Hari ini, siswa kelas 4 duduk rapi dan suasana di kelas \nsangat tenang. Pergantian pengurus dilakukan setiap tiga \nbulan sekali untuk memberi kesempatan seluruh siswa \nmenjadi pengurus kelas dan juga melatih rasa percaya diri \nsetiap siswa.\n Setiap siswa diberi selembar kertas untuk mengisi \nnama calon ketua kelas yang akan dipilih. Setelah itu, \nkertas dikumpulkan, kemudian dilakukan perhitungan \nsuara untuk setiap calon ketua kelas. Agar memudahkan \ndalam pendataan, hasil perolehan suara calon ketua \nkelas ditulis di papan tulis dalam bentuk tabel. Dapatkah \nkamu membaca dan menyajikan data tersebut dalam \nbentuk diagram batang? Temukan jawabannya dalam \npembahasan materi ini.\nDi unduh dari : Bukupaket.com\nMatematika • Statistika"", ""gan anggota kelompokmu untuk menaksir harga keseluruhan.\nJawablah pertanyaan berikut.\n1. Taksirlah berapa harga sebuah buku tulis, pensil, penggaris dan penghapus \npensil.\n2. Bandingkan hasil penulisan kelompokmu.\n3. Ubahlah setiap harga barang menjadi taksiran persen.\n4. Berapakah jumlah uang yang harus dibayarkan untuk membeli semua barang-barang \ntersebut?\nDi unduh dari : Bukupaket.com\nMatematika • Pecahan\n45\nLatihan Soal\nJawablah pertanyaan berikut dengan tepat!\n1. Bentuk sederhana dari pecahan 16 \n56 adalah … .\n2. Pecahan 27 \n 2 dapat diubah menjadi pecahan campuran, yaitu … .\n3. Bentuk pecahan dari 0,25 adalah … .\n4. Pecahan desimal dari 72% adalah … .\n5. Bentuk desimal dari \n2\n7 adalah … .\n6. 25% dari 240 adalah … .\n7. Dua bilangan pecahan yang senilai dengan \n2\n5 adalah … .\n8. Hasil taksiran dari penjumlahan 5.211 + 1.755 adalah …\n9. Udin membeli tas seharga Rp188.000,00 dengan d""]",aritmetika_sosial,0.0,False,False,C1-rag-only
C1,17,4,pengukuran,volume,sulit,"Sebuah botol minuman berbentuk tabung memiliki diameter 10 cm dan tinggi 20 cm. Jika π diambil sebagai 3,14, berapakah volume botol tersebut dalam satuan kubik sentimeter (cm³)?","[""A. 1.570 cm³"", ""B. 314 cm³"", ""C. 628 cm³"", ""D. 1.256 cm³""]",B,314,"[""Hitunglah jari-jari tabung menggunakan diameter: \\( r = \frac{d}{2} = \frac{10\\, \text{cm}}{2} = 5\\, \text{cm} \\)"", ""Hitunglah luas permukaan alas tabung: \\( A_{\text{alas}} = \\pi r^2 = 3,14 \times (5\\, \text{cm})^2 = 3,14 \times 25\\, \text{cm}^2 = 78,5\\, \text{cm}^2 \\)"", ""Hitunglah volume tabung: \\( V = A_{\text{alas}} \times t = 78,5\\, \text{cm}^2 \times 20\\, \text{cm} = 1,570\\, \text{cm}^3 \times 20 = 314\\, \text{cm}^3 \\)""]",314,"[{""chunk_id"": ""000_0131"", ""source"": ""Buku Matematika Kelas 4 SD.pdf""}]","[""ri : Bukupaket.com\nKelas IV SD/MI\n158\nBacalah dengan saksama\nPerhatikan gambar dan bacaan berikut!\nGambar 5.1 Pemilihan Ketua Kelas\nSumber: kemendikbud.go.id\n Hari ini, siswa kelas 4 duduk rapi dan suasana di kelas \nsangat tenang. Pergantian pengurus dilakukan setiap tiga \nbulan sekali untuk memberi kesempatan seluruh siswa \nmenjadi pengurus kelas dan juga melatih rasa percaya diri \nsetiap siswa.\n Setiap siswa diberi selembar kertas untuk mengisi \nnama calon ketua kelas yang akan dipilih. Setelah itu, \nkertas dikumpulkan, kemudian dilakukan perhitungan \nsuara untuk setiap calon ketua kelas. Agar memudahkan \ndalam pendataan, hasil perolehan suara calon ketua \nkelas ditulis di papan tulis dalam bentuk tabel. Dapatkah \nkamu membaca dan menyajikan data tersebut dalam \nbentuk diagram batang? Temukan jawabannya dalam \npembahasan materi ini.\nDi unduh dari : Bukupaket.com\nMatematika • Statistika"", ""20 ­ 40 tahun di suatu daerah selama 5 tahun disajikan dalam \ndiagram berikut ini.\na. Berapakah selisih penduduk laki-laki & perempuan pada tahun 2017\nb. Pada tahun berapakah jumlah penduduk terbanyak?\n20. Data tinggi badan siswa kelas IV disajikan dalam diagram berikut. Jika banyak siswa \nkelas IV seluruhnya adalah 60, maka berapa banyak siswa kelas IV yang mempunyai \ntinggi badan 132 cm?\nTugas Berkelompok\nPetunjuk\n1. Tulislah jawaban latihan soal di buku tulis dengan bahasamu sendiri.\n2. Tukarkan jawaban dengan teman sebangkumu.\n3. Bandingkan dan diskusikan hasil pekerjaanmu.\nDi unduh dari : Bukupaket.com\nMatematika • Pengukuran Sudut\n177\nPengukuran \nSudut \n 6\nDi kelas 3 kalian telah mempelajari \ntentang jenis-jenis sudut dan \npengukuran sudut dengan satuan \ntidak baku. Sekarang kalian akan \nmempelajari lebih jauh lagi tentang \npengukuran sudut dengan busur \nderajat. Pada bangun datar,"", ""bulatan ke ratusan terdekat\na. Pembulatan ke bawah, jika angka puluhannya kurang dari 5, maka puluhan \ntersebut dihilangkan.\nb. Pembulatan ke atas, jika angka puluhannya lebih dari atau sama dengan 50 \nmaka puluhan tersebut dihilangkan dan menambahkan 100 ke ratusannya. \nAyo Mengomunikasikan\nPetunjuk\nTulis ulang rangkuman di atas dengan bahasamu sendiri. Kerjakan di buku tulismu.\nBandingkan dan diskusikan bersama 3 teman yang tempat duduknya berdekatan \ndenganmu. Tulis kembali di buku tulismu!\nDi unduh dari : Bukupaket.com\nKelas IV SD/MI\n98\nTugas Proyek\nBelajar melakukan pembulatan hasil pengukuran yang telah dilaksanakan\nTujuan: melakukan pembulatan hasil pengukuran panjang dan berat.\nPetunjuk: \n1. Buatlah kelompok yang terdiri atas 4 anak.\n2. Sediakan timbangan berat badan, meteran pengukur tinggi badan, dan alat-alat tulis.\n3. Buatlah tabel hasil pengukuran berat dan tinggi badan bese"", ""erhatikan nilai \nsatuan, puluhan, atau \nratusan dan seterusnya. \nJika angka kurang dari \n5 (4,3,2,1) maka angka \npada pembulatan \ndihilangkan dan jika \nangka lebih dari sama \ndengan 5 (5,6,7,8,9) \nmaka angka pada \npembulatan ditambah \n1 baik puluhan, ratusan, \nmaupun ribuan dan \nseterusnya.\nDi unduh dari : Bukupaket.com\nKelas IV SD/MI\n38\nContoh 1.16\nTentukan hasil operasi hitung berikut dengan taksiran atas.\na. 16,8 x 2,4 ≈ 17 x 2 = 34\n 16,8 dibulatkan ke atas menjadi 17\n 2,4 dibulatkan ke bawah menjadi 2\nb. 24,7 / 4.9 ≈ 25 / 5 = 5\n 24,7 dibulatkan ke atas menjadi 25\n 4,9 dibulatkan ke atas menjadi 5\nc. 153,7 + 8,2 ≈ 154 + 8 = 162\n 153,7 dibulatkan ke atas menjadi 154\n 8,2 dibulatkan ke bawah menjadi 8\nd. 32,4 ­ 5,5 ≈ 32 - 6 = 26\n 32,4 dibulatkan ke bawah menjadi 32\n 5,5 dibulatkan ke atas menjadi 6\nc. Taksiran Persen\nTaksiran persen adalah menaksir hasil operasi hitung \ndengan cara memb"", "" \nPada Pengamatan 1\nPerhatikan tabel berikut.\nEdo mempunyai uang Rp10.000,00 untuk membeli buku \ntulis. \nTahukah Kalian\nTaksiran atas \ndilakukan dengan \nmembulatkan ke atas \nbilangan-bilangan \ndalam operasi hitung. \nDi unduh dari : Bukupaket.com\nKelas IV SD/MI\n32\nTabel 1.3 Taksiran harga\nHarga (Rp) Taksiran Atas ke \nRibuan Terdekat (Rp)\nBuku ke-1 4.550 5.000\nBuku ke-2 2.250 3.000\nBuku ke-3 2.750 3.000\nBuku ke-4 1.750 2.000\nTulislah buku apa saja yang dapat dibeli oleh Edo sehingga \nharganya tidak melebihi Rp10.000,00 (bisa lebih dari satu \njawaban). Dapatkah Edo membeli keempat buku tulis \ntersebut? \nContoh Taksiran Atas\nTabel 1.4 Taksiran atas\nBilangan Satuan \nTerdekat\nPuluhan \nTerdekat\nRatusan \nTerdekat\nRibuan \nTerdekat\n5.368,5 5.369 5.370 5.400 6.000\n7.568,8 7.569 7.570 7.600 8.000\n8.777,9 8.778 8.780 8.800 9.000\n8.777,1 8.778 8.780 8.800 9.000\nContoh 1.11\nTentukan hasil operasi hitun""]",pengukuran,0.0,False,True,C1-rag-only
C1,18,4,Geometri,Volume Balok,mudah,"Sebuah balok memiliki ukuran panjang 10 cm, lebar 5 cm, dan tinggi 3 cm. Volume balok tersebut adalah...?","[""A. 150 cm³"", ""B. 200 cm³"", ""C. 100 cm³"", ""D. 250 cm³""]",A,150,"[""Hitung luas alas balok dengan menggunakan rumus: Luas alas = Panjang x Lebar"", ""Luas alas = 10 cm x 5 cm = 50 cm²"", ""Hitung volume balok dengan menggunakan rumus: Volume = Luas alas x Tinggi"", ""Volume = 50 cm² x 3 cm = 150 cm³""]",150 cm³,"[{""chunk_id"": ""000_0235"", ""source"": ""Buku Matematika Kelas 4 SD.pdf""}, {""chunk_id"": ""000_0131"", ""source"": ""Buku Matematika Kelas 4 SD.pdf""}, {""chunk_id"": ""000_0212"", ""source"": ""Buku Matematika Kelas 4 SD.pdf""}]","[""20 ­ 40 tahun di suatu daerah selama 5 tahun disajikan dalam \ndiagram berikut ini.\na. Berapakah selisih penduduk laki-laki & perempuan pada tahun 2017\nb. Pada tahun berapakah jumlah penduduk terbanyak?\n20. Data tinggi badan siswa kelas IV disajikan dalam diagram berikut. Jika banyak siswa \nkelas IV seluruhnya adalah 60, maka berapa banyak siswa kelas IV yang mempunyai \ntinggi badan 132 cm?\nTugas Berkelompok\nPetunjuk\n1. Tulislah jawaban latihan soal di buku tulis dengan bahasamu sendiri.\n2. Tukarkan jawaban dengan teman sebangkumu.\n3. Bandingkan dan diskusikan hasil pekerjaanmu.\nDi unduh dari : Bukupaket.com\nMatematika • Pengukuran Sudut\n177\nPengukuran \nSudut \n 6\nDi kelas 3 kalian telah mempelajari \ntentang jenis-jenis sudut dan \npengukuran sudut dengan satuan \ntidak baku. Sekarang kalian akan \nmempelajari lebih jauh lagi tentang \npengukuran sudut dengan busur \nderajat. Pada bangun datar,"", ""bulatan ke ratusan terdekat\na. Pembulatan ke bawah, jika angka puluhannya kurang dari 5, maka puluhan \ntersebut dihilangkan.\nb. Pembulatan ke atas, jika angka puluhannya lebih dari atau sama dengan 50 \nmaka puluhan tersebut dihilangkan dan menambahkan 100 ke ratusannya. \nAyo Mengomunikasikan\nPetunjuk\nTulis ulang rangkuman di atas dengan bahasamu sendiri. Kerjakan di buku tulismu.\nBandingkan dan diskusikan bersama 3 teman yang tempat duduknya berdekatan \ndenganmu. Tulis kembali di buku tulismu!\nDi unduh dari : Bukupaket.com\nKelas IV SD/MI\n98\nTugas Proyek\nBelajar melakukan pembulatan hasil pengukuran yang telah dilaksanakan\nTujuan: melakukan pembulatan hasil pengukuran panjang dan berat.\nPetunjuk: \n1. Buatlah kelompok yang terdiri atas 4 anak.\n2. Sediakan timbangan berat badan, meteran pengukur tinggi badan, dan alat-alat tulis.\n3. Buatlah tabel hasil pengukuran berat dan tinggi badan bese"", ""ri : Bukupaket.com\nKelas IV SD/MI\n158\nBacalah dengan saksama\nPerhatikan gambar dan bacaan berikut!\nGambar 5.1 Pemilihan Ketua Kelas\nSumber: kemendikbud.go.id\n Hari ini, siswa kelas 4 duduk rapi dan suasana di kelas \nsangat tenang. Pergantian pengurus dilakukan setiap tiga \nbulan sekali untuk memberi kesempatan seluruh siswa \nmenjadi pengurus kelas dan juga melatih rasa percaya diri \nsetiap siswa.\n Setiap siswa diberi selembar kertas untuk mengisi \nnama calon ketua kelas yang akan dipilih. Setelah itu, \nkertas dikumpulkan, kemudian dilakukan perhitungan \nsuara untuk setiap calon ketua kelas. Agar memudahkan \ndalam pendataan, hasil perolehan suara calon ketua \nkelas ditulis di papan tulis dalam bentuk tabel. Dapatkah \nkamu membaca dan menyajikan data tersebut dalam \nbentuk diagram batang? Temukan jawabannya dalam \npembahasan materi ini.\nDi unduh dari : Bukupaket.com\nMatematika • Statistika"", ""erhatikan nilai \nsatuan, puluhan, atau \nratusan dan seterusnya. \nJika angka kurang dari \n5 (4,3,2,1) maka angka \npada pembulatan \ndihilangkan dan jika \nangka lebih dari sama \ndengan 5 (5,6,7,8,9) \nmaka angka pada \npembulatan ditambah \n1 baik puluhan, ratusan, \nmaupun ribuan dan \nseterusnya.\nDi unduh dari : Bukupaket.com\nKelas IV SD/MI\n38\nContoh 1.16\nTentukan hasil operasi hitung berikut dengan taksiran atas.\na. 16,8 x 2,4 ≈ 17 x 2 = 34\n 16,8 dibulatkan ke atas menjadi 17\n 2,4 dibulatkan ke bawah menjadi 2\nb. 24,7 / 4.9 ≈ 25 / 5 = 5\n 24,7 dibulatkan ke atas menjadi 25\n 4,9 dibulatkan ke atas menjadi 5\nc. 153,7 + 8,2 ≈ 154 + 8 = 162\n 153,7 dibulatkan ke atas menjadi 154\n 8,2 dibulatkan ke bawah menjadi 8\nd. 32,4 ­ 5,5 ≈ 32 - 6 = 26\n 32,4 dibulatkan ke bawah menjadi 32\n 5,5 dibulatkan ke atas menjadi 6\nc. Taksiran Persen\nTaksiran persen adalah menaksir hasil operasi hitung \ndengan cara memb"", ""n segibanyak adalah ….\n4. Ciri-ciri bangun segibanyak tidak beraturan adalah …\n5. Udin setiap pagi berlari mengelilingi taman kota berbentuk segilima beraturan. Jika \npanjang salah satu sisi taman kota adalah 100 meter. Berapakah jarak yang ditempuh \nUdin untuk mengelilingi taman kota?\n6. Diketahui sisi sebuah persegi 14 cm. Berapakah keliling dan luas persegi tersebut?\n7. Sebuah persegi panjang mempunyai panjang 15 cm dan lebar 10 cm. Hitunglah \nkeliling dan luas persegi panjang!\n8. Sisi penyiku segitiga siku-siku adalah 5 cm dan 12 cm. Berapakah keliling dan luas \nsegitiga?\n9. Luas persegi sama dengan kelilingnya. Berapakah panjang sisi persegi?\n10. Keliling persegi panjang sama dengan keliling persegi. Jika sisi persegi 10 cm dan \nlebar persegi panjang 8 cm. Hitunglah luas persegi dan persegi panjang!\n11. Diketahui keliling segitiga sama sisi 18 cm. Tentukan luas segitiga tersebut!\n12""]",geometri,0.0,False,False,C1-rag-only
C1,19,4,penjumlahan_pengurangan,penjumlahan dan pengurangan bilangan puluhan,mudah,Jumlah dari 34 dan 27 adalah...?,"[""A. 51"", ""B. 61"", ""C. 71"", ""D. 81""]",B,61,"[""1. Pertama, jumlahkan puluhan: 30 + 20 = 50"", ""2. Kemudian, jumlahkan satuan: 4 + 7 = 11"", ""3. Tambahkan hasil kedua perhitungan: 50 + 11 = 61""]",61,"[{""chunk_id"": ""000_0212"", ""source"": ""Buku Matematika Kelas 4 SD.pdf""}, {""chunk_id"": ""000_0131"", ""source"": ""Buku Matematika Kelas 4 SD.pdf""}, {""chunk_id"": ""000_0089"", ""source"": ""Buku Matematika Kelas 4 SD.pdf""}]","[""ri : Bukupaket.com\nKelas IV SD/MI\n158\nBacalah dengan saksama\nPerhatikan gambar dan bacaan berikut!\nGambar 5.1 Pemilihan Ketua Kelas\nSumber: kemendikbud.go.id\n Hari ini, siswa kelas 4 duduk rapi dan suasana di kelas \nsangat tenang. Pergantian pengurus dilakukan setiap tiga \nbulan sekali untuk memberi kesempatan seluruh siswa \nmenjadi pengurus kelas dan juga melatih rasa percaya diri \nsetiap siswa.\n Setiap siswa diberi selembar kertas untuk mengisi \nnama calon ketua kelas yang akan dipilih. Setelah itu, \nkertas dikumpulkan, kemudian dilakukan perhitungan \nsuara untuk setiap calon ketua kelas. Agar memudahkan \ndalam pendataan, hasil perolehan suara calon ketua \nkelas ditulis di papan tulis dalam bentuk tabel. Dapatkah \nkamu membaca dan menyajikan data tersebut dalam \nbentuk diagram batang? Temukan jawabannya dalam \npembahasan materi ini.\nDi unduh dari : Bukupaket.com\nMatematika • Statistika"", ""bulatan ke ratusan terdekat\na. Pembulatan ke bawah, jika angka puluhannya kurang dari 5, maka puluhan \ntersebut dihilangkan.\nb. Pembulatan ke atas, jika angka puluhannya lebih dari atau sama dengan 50 \nmaka puluhan tersebut dihilangkan dan menambahkan 100 ke ratusannya. \nAyo Mengomunikasikan\nPetunjuk\nTulis ulang rangkuman di atas dengan bahasamu sendiri. Kerjakan di buku tulismu.\nBandingkan dan diskusikan bersama 3 teman yang tempat duduknya berdekatan \ndenganmu. Tulis kembali di buku tulismu!\nDi unduh dari : Bukupaket.com\nKelas IV SD/MI\n98\nTugas Proyek\nBelajar melakukan pembulatan hasil pengukuran yang telah dilaksanakan\nTujuan: melakukan pembulatan hasil pengukuran panjang dan berat.\nPetunjuk: \n1. Buatlah kelompok yang terdiri atas 4 anak.\n2. Sediakan timbangan berat badan, meteran pengukur tinggi badan, dan alat-alat tulis.\n3. Buatlah tabel hasil pengukuran berat dan tinggi badan bese"", ""rima. Menguraikan bilangan menjadi perkalian faktor-faktor \nprima juga disebut faktorisasi.\n6. Kelipatan persekutuan adalah nilai kelipatan yang sama dari dua bilangan atau \nlebih.\n7. Faktor persekutuan adalah faktor yang sama dari dua bilangan atau lebih.\n8. KPK adalah nilai terkecil dari kelipatan persekutuan 2 atau lebih bilangan. \n9. FPB adalah nilai terbesar dari faktor persekutuan 2 atau lebih bilangan.\nAyo Mengamati\nPetunjuk\nTulis ulang rangkuman di atas dengan bahasamu sendiri. Kerjakan di buku tulismu.\nBandingkan dan diskusikan bersama 3 teman yang tempat duduknya berdekatan \ndenganmu. Tulis kembali di buku tulismu!\nAyo Mengomunikasikan\nKerjakan dengan anggota kelompok belajarmu.\n1. Siapkan 6 penggaris, 24 buku tulis, 18 pensil, dan 12 penghapus pensil.\n2. Tentukan berapa banyak penggaris, buku tulis, pensil, dan penghapus pensil yang \nditerima masing-masing orang dengan menggun"", ""erhatikan nilai \nsatuan, puluhan, atau \nratusan dan seterusnya. \nJika angka kurang dari \n5 (4,3,2,1) maka angka \npada pembulatan \ndihilangkan dan jika \nangka lebih dari sama \ndengan 5 (5,6,7,8,9) \nmaka angka pada \npembulatan ditambah \n1 baik puluhan, ratusan, \nmaupun ribuan dan \nseterusnya.\nDi unduh dari : Bukupaket.com\nKelas IV SD/MI\n38\nContoh 1.16\nTentukan hasil operasi hitung berikut dengan taksiran atas.\na. 16,8 x 2,4 ≈ 17 x 2 = 34\n 16,8 dibulatkan ke atas menjadi 17\n 2,4 dibulatkan ke bawah menjadi 2\nb. 24,7 / 4.9 ≈ 25 / 5 = 5\n 24,7 dibulatkan ke atas menjadi 25\n 4,9 dibulatkan ke atas menjadi 5\nc. 153,7 + 8,2 ≈ 154 + 8 = 162\n 153,7 dibulatkan ke atas menjadi 154\n 8,2 dibulatkan ke bawah menjadi 8\nd. 32,4 ­ 5,5 ≈ 32 - 6 = 26\n 32,4 dibulatkan ke bawah menjadi 32\n 5,5 dibulatkan ke atas menjadi 6\nc. Taksiran Persen\nTaksiran persen adalah menaksir hasil operasi hitung \ndengan cara memb"", ""i Jumat, Sabtu dan Minggu?\nDi unduh dari : Bukupaket.com\nKelas IV SD/MI\n174\n12. Diketahui suatu data : 6, 7, 9, 8, 8, 7, 10, 7, 11, 12, 8. Sajikan data tersebut dalam \nbentuk tabel dan diagram batang!\n13. Data banyaknya kelahiran bayi di salah satu kecamatan disajikan dalam diagram \nbatang berikut!\nBanyak Kelahiran\n Banyak kelahiran bayi selama 5 tahun adalah …\n14. Data nilai ulangan matematika kelas 4 disajikan dalam diagram batang berikut!\nJika kriteria ketuntasan minimal nilai matematika 70, berapakah banyak siswa yang \ntidak ikut remidi?\n15. Diagram batang berikut menyajikan data banyak siswa di SD Balikpapan. Sajikan \ndiagram batang di bawah ini dalam bentuk tabel! Berapakah selisih data banyak \nsiswa kelas 4 dan kelas 5?\nDi unduh dari : Bukupaket.com\nMatematika • Statistika\n175\n16. Tabel berikut menunjukkan hasil panen sayur-sayuran di suatu daerah. Sajikan tabel \ntersebut dalam di""]",penjumlahan_pengurangan,0.0,False,True,C1-rag-only
C1,20,4,perkalian_pembagian,mengenal perkalian dan pembagian,sedang,"Sebuah toko menjual sepatu dengan diskon. Jika sepatu awalnya bernilai Rp. 50.000,- dan mendapatkan diskon 30%, maka harga sepatu setelah diskon adalah...?","[""A. Rp. 20.000,-"", ""B. Rp. 30.000,-"", ""C. Rp. 35.000,-"", ""D. Rp. 40.000,-""]",C,35.000,"[""Hitunglah diskon yang diterima: 30% dari Rp. 50.000,-"", ""Diskon = 30/100 x 50.000 = 15.000,-"", ""Harga setelah diskon = Harga asli - Diskon"", ""Harga setelah diskon = 50.000 - 15.000 = 35.000,-""]",35.000,"[{""chunk_id"": ""000_0023"", ""source"": ""Buku Matematika Kelas 4 SD.pdf""}]","[""ri : Bukupaket.com\nKelas IV SD/MI\n158\nBacalah dengan saksama\nPerhatikan gambar dan bacaan berikut!\nGambar 5.1 Pemilihan Ketua Kelas\nSumber: kemendikbud.go.id\n Hari ini, siswa kelas 4 duduk rapi dan suasana di kelas \nsangat tenang. Pergantian pengurus dilakukan setiap tiga \nbulan sekali untuk memberi kesempatan seluruh siswa \nmenjadi pengurus kelas dan juga melatih rasa percaya diri \nsetiap siswa.\n Setiap siswa diberi selembar kertas untuk mengisi \nnama calon ketua kelas yang akan dipilih. Setelah itu, \nkertas dikumpulkan, kemudian dilakukan perhitungan \nsuara untuk setiap calon ketua kelas. Agar memudahkan \ndalam pendataan, hasil perolehan suara calon ketua \nkelas ditulis di papan tulis dalam bentuk tabel. Dapatkah \nkamu membaca dan menyajikan data tersebut dalam \nbentuk diagram batang? Temukan jawabannya dalam \npembahasan materi ini.\nDi unduh dari : Bukupaket.com\nMatematika • Statistika"", ""b adalah \nbilangan bulat dan b ≠ 0.\n2. Bilangan pecahan terdiri dari pecahan senilai, pecahan sederhana, dan \nmembandingkan pecahan.\n3. Pecahan senilai adalah pecahan yang dituliskan dalam bentuk berbeda, \ntetapi mempunyai nilai yang sama.\n4. Pecahan sederhana adalah mengubah pembilang dan penyebut menjadi pecahan \nsenilai yang paling kecil.\n5. Bentuk pecahan meliputi pecahan biasa, pecahan campuran, pecahan desimal, \ndan persen.\n6. Pecahan biasa adalah pecahan yang pembilang dan penyebutnya merupakan \nbilangan bulat.\n7. Pecahan campuran adalah pecahan yang terdiri atas bilangan bulat dan pecahan, \ndapat ditulis \na \nb\nc = (a x c) + b\nc \ndengan ketentuan a,b,c adalah bilangan bulat dan c ≠ 0.\n8. Pecahan desimal adalah pecahan yang nilai penyebutnya adalah 10, 100, 1000, dan \nseterusnya yang ditulis dengan menggunakan tanda koma.\nDi unduh dari : Bukupaket.com\nKelas IV SD/MI\n44\n9. Persen ad"", ""! Gunakan kalimatmu sendiri. \nKerjakan di buku tugasmu.\nPengamatan 4\nPerhatikan gambar dan bacaan berikut!\nGambar 1.11 Sepatu Diskon\nSumber : dokumentasi penulis\nDi unduh dari : Bukupaket.com\nKelas IV SD/MI\n22\nHari ini ada diskon untuk pembelian sepatu dan \nsandal. Pengunjung berbondong-bondong untuk \nmemilih dan membelinya. Pembelian diberi diskon untuk \npembelian sepatu sebesar 70%, 50% + 30%, 50%, 30%, \n20% + 20%, 20%, dan 10% (Gambar 1.11). \nTulis ulang bacaan di atas! Gunakan kalimatmu sendiri. \nKerjakan di buku tugasmu.\nAyo Menanya\nBerikut ini contoh pertanyaan tentang bentuk pecahan.\n1. Apa saja bentuk pecahan?\n2. Bagaimana mengubah pecahan biasa ke bentuk \npersen?\nBuatlah pertanyaan lainnya!\nAyo Menalar\n1. Pecahan Biasa\nBentuk pecahan yang telah dipelajari sebelum nya \nmerupakan pecahan biasa. Pecahan biasa adalah pecahan \nyang pembilang dan penyebutnya merupakan bilangan \nbulat."", ""20 ­ 40 tahun di suatu daerah selama 5 tahun disajikan dalam \ndiagram berikut ini.\na. Berapakah selisih penduduk laki-laki & perempuan pada tahun 2017\nb. Pada tahun berapakah jumlah penduduk terbanyak?\n20. Data tinggi badan siswa kelas IV disajikan dalam diagram berikut. Jika banyak siswa \nkelas IV seluruhnya adalah 60, maka berapa banyak siswa kelas IV yang mempunyai \ntinggi badan 132 cm?\nTugas Berkelompok\nPetunjuk\n1. Tulislah jawaban latihan soal di buku tulis dengan bahasamu sendiri.\n2. Tukarkan jawaban dengan teman sebangkumu.\n3. Bandingkan dan diskusikan hasil pekerjaanmu.\nDi unduh dari : Bukupaket.com\nMatematika • Pengukuran Sudut\n177\nPengukuran \nSudut \n 6\nDi kelas 3 kalian telah mempelajari \ntentang jenis-jenis sudut dan \npengukuran sudut dengan satuan \ntidak baku. Sekarang kalian akan \nmempelajari lebih jauh lagi tentang \npengukuran sudut dengan busur \nderajat. Pada bangun datar,"", ""in mengenai data\ntersebut yang tidak\ntertulis pada tabel.\nDi unduh dari : Bukupaket.com\nMatematika • Statistika\n163\nGuru matematika di kelas Edo membagikan hasil ujian \nmatematika dan mendata nilai hasil ujian matematika \nsiswa kelas 4A. Dari 32 siswa, 2 siswa mendapat nilai 50, \n11 siswa mendapat nilai 65, 10 siswa mendapat nilai 70, \n6 siswa mendapat nilai 80, dan sisanya mendapat nilai 75. \nGuru di kelas Edo ingin melihat perbandingan nilai yang \ndiperoleh siswa dengan lebih mudah.\nTulis ulang bacaan di atas! Gunakan kalimat sendiri.\nKerjakan di buku tulismu.\nPengamatan 2\nPerhatikan gambar dan bacaan berikut ini.\nGambar 5.4 Kendaraan di Jalan\nSumber: dokumentasi penulis\n Guru di kelas Udin mengajak siswa-siswanya belajar \ndi luar kelas. Beliau meminta siswa-siswanya mencatat \nbanyaknya kendaraan yang lewat di Jalan PB Sudirman \nsetiap 10 menit. Udin mencatat becak yang lewat \nsebanyak""]",perkalian_pembagian,0.0,False,True,C1-rag-only
C1,21,4,pengolahan_data,modus,mudah,"Dalam sebuah kelas, setiap siswa memilih satu nama sebagai ketua kelas. Hasil perolehan suara tercatat dalam tabel berikut. Modus dari data tersebut adalah...?","[""A. 2"", ""B. 3"", ""C. 4"", ""D. 5""]",D,D,"[""1. Siswa A memilih nama A: 5 kali"", ""2. Siswa B memilih nama B: 3 kali"", ""3. Siswa C memilih nama C: 2 kali"", ""4. Siswa D memilih nama D: 4 kali""]",4,"[{""chunk_id"": ""000_0212"", ""source"": ""Buku Matematika Kelas 4 SD.pdf""}, {""chunk_id"": ""000_0143"", ""source"": ""Buku Matematika Kelas 4 SD.pdf""}, {""chunk_id"": ""000_0045"", ""source"": ""Buku Matematika Kelas 4 SD.pdf""}]","[""ri : Bukupaket.com\nKelas IV SD/MI\n158\nBacalah dengan saksama\nPerhatikan gambar dan bacaan berikut!\nGambar 5.1 Pemilihan Ketua Kelas\nSumber: kemendikbud.go.id\n Hari ini, siswa kelas 4 duduk rapi dan suasana di kelas \nsangat tenang. Pergantian pengurus dilakukan setiap tiga \nbulan sekali untuk memberi kesempatan seluruh siswa \nmenjadi pengurus kelas dan juga melatih rasa percaya diri \nsetiap siswa.\n Setiap siswa diberi selembar kertas untuk mengisi \nnama calon ketua kelas yang akan dipilih. Setelah itu, \nkertas dikumpulkan, kemudian dilakukan perhitungan \nsuara untuk setiap calon ketua kelas. Agar memudahkan \ndalam pendataan, hasil perolehan suara calon ketua \nkelas ditulis di papan tulis dalam bentuk tabel. Dapatkah \nkamu membaca dan menyajikan data tersebut dalam \nbentuk diagram batang? Temukan jawabannya dalam \npembahasan materi ini.\nDi unduh dari : Bukupaket.com\nMatematika • Statistika"", ""langkah tersebut \nadalah mengamati, menanya, menalar, mencoba, dan \nmengkomunikasikan.\nAyo Mengamati\nPengamatan 1\nPerhatikan gambar dan bacaan berikut dengan cermat!\nGambar 4.2 Benda-benda yang ada di kelas\nSumber: dokumentasi penulis\nDi unduh dari : Bukupaket.com\nKelas IV SD/MI\n106\nEdo mengelompokkan beberapa benda yang ada di \nkelasnya seperti tulisan “Welcome to Our Class” , jadwal \npiket, dan penggaris setengah lingkaran. Bentuk benda \napakah yang dipilih oleh Edo?\nTulis ulang bacaan di atas! Gunakan kalimat sendiri. \nKerjakan di buku tulismu. \nPengamatan 2\nPerhatikan gambar dan bacaan berikut dengan cermat!\nGambar 4.3 Contoh-contoh bangun datar\nSumber: dokumentasi penulis\nMeli mengelompokkan beberapa benda yang ada di \nkelasnya seperti jadwal pelajaran, peta Indonesia, penggaris \npanjang, penggaris segitiga, motto “In Our Class” , buku, \ndan meja. Bentuk benda apakah yang dipilih ol"", ""erhatikan nilai \nsatuan, puluhan, atau \nratusan dan seterusnya. \nJika angka kurang dari \n5 (4,3,2,1) maka angka \npada pembulatan \ndihilangkan dan jika \nangka lebih dari sama \ndengan 5 (5,6,7,8,9) \nmaka angka pada \npembulatan ditambah \n1 baik puluhan, ratusan, \nmaupun ribuan dan \nseterusnya.\nDi unduh dari : Bukupaket.com\nKelas IV SD/MI\n38\nContoh 1.16\nTentukan hasil operasi hitung berikut dengan taksiran atas.\na. 16,8 x 2,4 ≈ 17 x 2 = 34\n 16,8 dibulatkan ke atas menjadi 17\n 2,4 dibulatkan ke bawah menjadi 2\nb. 24,7 / 4.9 ≈ 25 / 5 = 5\n 24,7 dibulatkan ke atas menjadi 25\n 4,9 dibulatkan ke atas menjadi 5\nc. 153,7 + 8,2 ≈ 154 + 8 = 162\n 153,7 dibulatkan ke atas menjadi 154\n 8,2 dibulatkan ke bawah menjadi 8\nd. 32,4 ­ 5,5 ≈ 32 - 6 = 26\n 32,4 dibulatkan ke bawah menjadi 32\n 5,5 dibulatkan ke atas menjadi 6\nc. Taksiran Persen\nTaksiran persen adalah menaksir hasil operasi hitung \ndengan cara memb"", ""b adalah \nbilangan bulat dan b ≠ 0.\n2. Bilangan pecahan terdiri dari pecahan senilai, pecahan sederhana, dan \nmembandingkan pecahan.\n3. Pecahan senilai adalah pecahan yang dituliskan dalam bentuk berbeda, \ntetapi mempunyai nilai yang sama.\n4. Pecahan sederhana adalah mengubah pembilang dan penyebut menjadi pecahan \nsenilai yang paling kecil.\n5. Bentuk pecahan meliputi pecahan biasa, pecahan campuran, pecahan desimal, \ndan persen.\n6. Pecahan biasa adalah pecahan yang pembilang dan penyebutnya merupakan \nbilangan bulat.\n7. Pecahan campuran adalah pecahan yang terdiri atas bilangan bulat dan pecahan, \ndapat ditulis \na \nb\nc = (a x c) + b\nc \ndengan ketentuan a,b,c adalah bilangan bulat dan c ≠ 0.\n8. Pecahan desimal adalah pecahan yang nilai penyebutnya adalah 10, 100, 1000, dan \nseterusnya yang ditulis dengan menggunakan tanda koma.\nDi unduh dari : Bukupaket.com\nKelas IV SD/MI\n44\n9. Persen ad"", "" \nPada Pengamatan 1\nPerhatikan tabel berikut.\nEdo mempunyai uang Rp10.000,00 untuk membeli buku \ntulis. \nTahukah Kalian\nTaksiran atas \ndilakukan dengan \nmembulatkan ke atas \nbilangan-bilangan \ndalam operasi hitung. \nDi unduh dari : Bukupaket.com\nKelas IV SD/MI\n32\nTabel 1.3 Taksiran harga\nHarga (Rp) Taksiran Atas ke \nRibuan Terdekat (Rp)\nBuku ke-1 4.550 5.000\nBuku ke-2 2.250 3.000\nBuku ke-3 2.750 3.000\nBuku ke-4 1.750 2.000\nTulislah buku apa saja yang dapat dibeli oleh Edo sehingga \nharganya tidak melebihi Rp10.000,00 (bisa lebih dari satu \njawaban). Dapatkah Edo membeli keempat buku tulis \ntersebut? \nContoh Taksiran Atas\nTabel 1.4 Taksiran atas\nBilangan Satuan \nTerdekat\nPuluhan \nTerdekat\nRatusan \nTerdekat\nRibuan \nTerdekat\n5.368,5 5.369 5.370 5.400 6.000\n7.568,8 7.569 7.570 7.600 8.000\n8.777,9 8.778 8.780 8.800 9.000\n8.777,1 8.778 8.780 8.800 9.000\nContoh 1.11\nTentukan hasil operasi hitun""]",pengolahan_data,0.0,False,False,C1-rag-only
C1,22,4,kpk_fpb,menentukan FPB,mudah,"Dayu membeli apel 1/2 kg, Udin membeli apel 3/4 kg. Berapa kg apel yang mereka beli bersama?","[""A. 1/4 kg"", ""B. 3/4 kg"", ""C. 5/4 kg"", ""D. 7/4 kg""]",C,5/4,"[""1. Pertama, kita perlu menjumlahkan kedua jumlah apel yang dibeli."", ""2. Jumlah apel yang dibeli adalah 1/2 + 3/4 = 2/4 + 3/4 = 5/4 kg.""]",5/4 kg,"[{""chunk_id"": ""000_0021"", ""source"": ""Buku Matematika Kelas 4 SD.pdf""}, {""chunk_id"": ""000_0060"", ""source"": ""Buku Matematika Kelas 4 SD.pdf""}, {""chunk_id"": ""000_0084"", ""source"": ""Buku Matematika Kelas 4 SD.pdf""}]","["" biasa, pecahan \ncampuran, pecahan desimal dan persen. Kelima langkah \ntersebut adalah mengamati, menanya, menalar, mencoba, \ndan mengkomunikasikan.\nTahukah Kalian\nPecahan a\nb dikatakan \npecahan yang paling \nsederhanan apabila FPB \n(a,b) =1\nDi unduh dari : Bukupaket.com\nKelas IV SD/MI\n20\nAyo Mengamati\nPengamatan 1\nPerhatikan gambar dan bacaan berikut!\nGambar 1.8 Buah Apel\nSumber : dokumentasi penulis\nDayu membeli apel 1\n2 kg, kemudian Udin juga membeli \napel 3\n4 kg. Berapa kg apel yang mereka beli?\nTulis ulang bacaan di atas! Gunakan kalimatmu sendiri. \nKerjakan di buku tugasmu.\nPengamatan 2\nPerhatikan gambar dan bacaan berikut!\nIbu berbelanja di pasar tradisonal. Ibu membeli \nberas 5 kg, telur 1\n1\n2 kg, bawang putih 1\n4 kg, \ndan bawang merah \n3\n4 kg (Gambar 1.9). Berapa \nkilogram keseluruhan belanja ibu? \nGambar 1.9 Dagangan Pasar\nSumber : dokumentasi penulis\nTulis ulang bacaan di atas!"", ""ergunakan \nuntuk menyelesaikan masalah dalam \nkehidupan sehari-hari. Konsep KPK \ndapat digunakan untuk menentukan \njadwal liburan, menghitung orbit \nplanet, dan menentukan jumlah \nbarang yang disusun dalam baris dan \nkolom. \nSedangkan konsep FPB sering \ndigunakan untuk menyederhanakan \npecahan, menentukan berapa potong \nkain yang terbesar, pembagian kue \nyang sama banyak ke beberapa \nbagian (kotak/plastik), dan \nsebagainya. Agar dapat memahami \nKPK dan FPB dengan baik, maka kalian \nharus mengingat kembali tentang \nperkalian, pembagian, penjumlahan \ndan pengurangan bilangan.\nKata Kunci\nFaktor dan \nKelipatan Bilangan\nBilangan Prima\nKPK dan FPB\nPenerapan KPK \ndan FPB\nDi unduh dari : Bukupaket.com\nKelas IV SD/MI\n48\nBacalah dengan saksama\nPerhatikan gambar dan bacaan berikut!\nGambar 2.1 Berenang\nSumber: dokumentasi penulis \nBeni dan Edo mengikuti les renang bersama-sama pada \ntanggal 3 Novemb"", "" 9, 10 dan 12\nc. 12, 16 dan 18\nd. 15, 20 dan 30\ne. 32, 36 dan 48\nD. Penerapan KPK dan FPB\nAda 5 tahapan yang harus kalian lakukan untuk \npenerapan KPK dan FPB. Kelima tahapan tersebut \nadalah mengamati, menanya, menalar, mencoba, dan \nmengkomunikasikan.\nAyo Mengamati\nPengamatan\nSetelah mempelajari tentang KPK dan FPB pasti kalian \nsudah paham tentang kelipatan dan faktor bilangan, \nfaktorisasi, dan kelipatan dan faktor persekutuan. Dalam \nkehidupan sehari-hari banyak permasalahan yang \nmemanfaatkan konsep KPK dan FPB. Perhatikan contoh \naplikasi KPK dan FPB dalam kehidupan sehari-hari berikut \nini.\nPerhatikan bacaan dan gambar berikut dengan \ncermat!\nEdo dan Meli sedang latihan lari di lapangan sekolah yang \nberbentuk lingkaran untuk persiapan turnamen. Edo \ndapat menyelesaikan 1 putaran dalam waktu 90 detik, \nsedangkan Meli dapat menyelesaikan 1 putaran dalam \nwaktu 120 detik. Mereka mu"", ""eseluruhan \npenonton musik yang akan berada di dalam gedung!\n18. 30% dari x adalah 21 dan \n1\n6 dari y adalah 13. Berapa nilai x + y ?\n19. Umur Dayu 9 tahun 2 bulan dan umur Meli 6 tahun 8 bulan. Berapakah perbandingan \numur Dayu dengan Meli?\n20. Siti mempunyai sebuah bilangan desimal yaitu 0,45.\na. Berapakah pecahan biasa dari bilangan yang dimiliki Siti?\nb. Berapakah pecahan yang senilai?\nTugas Berkelompok\nPetunjuk\n1. Tulislah jawaban latihan soal di buku tulis dengan bahasa sendiri.\n2. Tukarkan jawaban dengan teman sebangkumu.\n3. Bandingkan dan diskusikan hasil pekerjaanmu.\nDi unduh dari : Bukupaket.com\nMatematika • KPK dan FPB\n47\nKPK dan FPB\n 2\nKonsep kelipatan persekutuan \nterkecil (KPK) dan faktor persekutuan \nterbesar (FPB) banyak dipergunakan \nuntuk menyelesaikan masalah dalam \nkehidupan sehari-hari. Konsep KPK \ndapat digunakan untuk menentukan \njadwal liburan, menghitung orbit \np"", ""n 12 penghapus pensil.\n2. Tentukan berapa banyak penggaris, buku tulis, pensil, dan penghapus pensil yang \nditerima masing-masing orang dengan menggunakan faktor persekutuan.\nDi unduh dari : Bukupaket.com\nMatematika • KPK dan FPB\n71\n3. Bagikan keempat barang tersebut kepada anggota kelompokmu sehingga \nmasing-masing anak mendapat bagian yang sama. Jika setiap kelompok ada 3 orang.\nPetunjuk :\na. Gunakan tabel untuk faktor persekutuan\nb. Tulislah jawabanmu dibuku tulis dengan bahasamu sendiri.\nc. Tukarkan jawaban dengan teman sebangkumu.\nd. Bandingkan dan diskusikan hasil pekerjaanmu.\nLatihan Soal\nJawablah pertanyaan berikut dengan tepat!\n1. Tentukan faktor dari bilangan 80.\n2. Tentukan kelipatan 9 yang kurang dari 100.\n3. Tentukan faktor prima dari 84.\n4. Tentukan faktorisasi prima dari bilangan 84.\n5. Buatlah pohon faktor untuk menentukan faktorisasi prima dari bilangan \n14 dan 44.\n6. Te""]",kpk_fpb,0.0,False,False,C1-rag-only
C1,23,4,skala,denah dan peta,sulit,"Sebuah denah menggunakan skala 1:1000. Jika sebuah bangunan pada denah memiliki ukuran 2 cm x 3 cm, berapakah ukuran bangunan tersebut di lapangan?","[""A. 200 cm x 300 cm"", ""B. 2000 cm x 3000 cm"", ""C. 200 cm x 3000 cm"", ""D. 2000 cm x 300 cm""]",B,2000 cm x 3000 cm,"[""Skala 1:1000 berarti 1 cm pada denah sama dengan 1000 cm di lapangan."", ""Jadi, 2 cm x 1000 = 2000 cm dan 3 cm x 1000 = 3000 cm."", ""Ukuran bangunan tersebut di lapangan adalah 2000 cm x 3000 cm.""]",2000 * 3000,"[{""chunk_id"": ""000_0212"", ""source"": ""Buku Matematika Kelas 4 SD.pdf""}, {""chunk_id"": ""000_0263"", ""source"": ""Buku Matematika Kelas 4 SD.pdf""}, {""chunk_id"": ""000_0210"", ""source"": ""Buku Matematika Kelas 4 SD.pdf""}]","[""ri : Bukupaket.com\nKelas IV SD/MI\n158\nBacalah dengan saksama\nPerhatikan gambar dan bacaan berikut!\nGambar 5.1 Pemilihan Ketua Kelas\nSumber: kemendikbud.go.id\n Hari ini, siswa kelas 4 duduk rapi dan suasana di kelas \nsangat tenang. Pergantian pengurus dilakukan setiap tiga \nbulan sekali untuk memberi kesempatan seluruh siswa \nmenjadi pengurus kelas dan juga melatih rasa percaya diri \nsetiap siswa.\n Setiap siswa diberi selembar kertas untuk mengisi \nnama calon ketua kelas yang akan dipilih. Setelah itu, \nkertas dikumpulkan, kemudian dilakukan perhitungan \nsuara untuk setiap calon ketua kelas. Agar memudahkan \ndalam pendataan, hasil perolehan suara calon ketua \nkelas ditulis di papan tulis dalam bentuk tabel. Dapatkah \nkamu membaca dan menyajikan data tersebut dalam \nbentuk diagram batang? Temukan jawabannya dalam \npembahasan materi ini.\nDi unduh dari : Bukupaket.com\nMatematika • Statistika"", ""m2 C. 45 cm2\n B. 54 cm2 D. 36 cm2\n12. Pak Edo mempunyai kebun berbentuk gambar di bawah ini!\n \n Jika taman tersebut ingin ditanami rumput dan biaya rumput per meter persegi \nadalah Rp50.000,00, maka biaya yang harus dikeluarkan pak Edo adalah ….\n A. Rp4.200.000,00 C. Rp5.100.000,00\n B. Rp4.550.000,00 D. Rp5.250.000,00\n13. Perhatikan gambar berikut!\n \np\nq\n Garis p dan garis q merupakan dua garis yang saling ….\n A. Tegak lurus C. Berimpit\n B. Berpotongan D. Sejajar\nDi unduh dari : Bukupaket.com\nKelas IV SD/MI\n200\n14. Berikut ini data hobi siswa salah satu SD.\nJenis Hobi Banyak Siswa\nMembaca 5\nMenggambar 9\nOlahraga 12\nMenyanyi 8\nMenari 6\n Penyajian data tersebut dalam bentuk diagram batang adalah ….\n A. \n B. \n C. \n D. \n D. \n15. Data pengunjung obyek wisata dinyatakan pada sebuah diagram batang sebagai berikut:\n Pada hari apakah banyak pengunjung terbanyak berkunjung?\nDi unduh dari : Bukupak"", ""aris adalah ….\nDi unduh dari : Bukupaket.com\nKelas IV SD/MI\n156\n18. Luas yang diarsir pada gambar berikut adalah …. (IMSO 2004) .\n19. Pak Edo mempunyai kebun berbentuk gambar di bawah ini! \n Jika taman tersebut ingin ditanami rumput dan biaya rumput permeter persegi \nadalah Rp250.000,00, maka biaya yang harus dikeluarkan pak Edo adalah …\n20. Pak Beni mempunyai tanah berbentuk persegi panjang. Sebagian tanah tersebut \nterkena proyek pelebaran jalan. Sebagian lagi digunakan untuk membuat rumah. \nDenah tanah Pak Beni yang tersisa ditunjukkan seperti daerah yang diarsir pada \ngambar berikut. Luas tanah Pak Beni yang belum digunakan adalah … m\n2.\nTugas Berkelompok\nPetunjuk\n1. Tulislah jawaban latihan soal di buku tulis dengan bahasamu sendiri.\n2. Tukarkan jawaban dengan teman sebangkumu.\n3. Bandingkan dan diskusikan hasil pekerjaanmu.\nDi unduh dari : Bukupaket.com\nMatematika • Statistika\n157\n"", ""20 ­ 40 tahun di suatu daerah selama 5 tahun disajikan dalam \ndiagram berikut ini.\na. Berapakah selisih penduduk laki-laki & perempuan pada tahun 2017\nb. Pada tahun berapakah jumlah penduduk terbanyak?\n20. Data tinggi badan siswa kelas IV disajikan dalam diagram berikut. Jika banyak siswa \nkelas IV seluruhnya adalah 60, maka berapa banyak siswa kelas IV yang mempunyai \ntinggi badan 132 cm?\nTugas Berkelompok\nPetunjuk\n1. Tulislah jawaban latihan soal di buku tulis dengan bahasamu sendiri.\n2. Tukarkan jawaban dengan teman sebangkumu.\n3. Bandingkan dan diskusikan hasil pekerjaanmu.\nDi unduh dari : Bukupaket.com\nMatematika • Pengukuran Sudut\n177\nPengukuran \nSudut \n 6\nDi kelas 3 kalian telah mempelajari \ntentang jenis-jenis sudut dan \npengukuran sudut dengan satuan \ntidak baku. Sekarang kalian akan \nmempelajari lebih jauh lagi tentang \npengukuran sudut dengan busur \nderajat. Pada bangun datar,"", ""in mengenai data\ntersebut yang tidak\ntertulis pada tabel.\nDi unduh dari : Bukupaket.com\nMatematika • Statistika\n163\nGuru matematika di kelas Edo membagikan hasil ujian \nmatematika dan mendata nilai hasil ujian matematika \nsiswa kelas 4A. Dari 32 siswa, 2 siswa mendapat nilai 50, \n11 siswa mendapat nilai 65, 10 siswa mendapat nilai 70, \n6 siswa mendapat nilai 80, dan sisanya mendapat nilai 75. \nGuru di kelas Edo ingin melihat perbandingan nilai yang \ndiperoleh siswa dengan lebih mudah.\nTulis ulang bacaan di atas! Gunakan kalimat sendiri.\nKerjakan di buku tulismu.\nPengamatan 2\nPerhatikan gambar dan bacaan berikut ini.\nGambar 5.4 Kendaraan di Jalan\nSumber: dokumentasi penulis\n Guru di kelas Udin mengajak siswa-siswanya belajar \ndi luar kelas. Beliau meminta siswa-siswanya mencatat \nbanyaknya kendaraan yang lewat di Jalan PB Sudirman \nsetiap 10 menit. Udin mencatat becak yang lewat \nsebanyak""]",skala,0.0,False,False,C1-rag-only
C1,24,4,aritmetika_sosial,rugi,sedang,"Dalam sebuah toko, harga beli buku adalah Rp10.000,- dan harga jual adalah Rp12.000,-. Jika toko tersebut menjual 50 buku, berapakah rugi yang didapatkan toko tersebut?","[""A. Rp1.000,-"", ""B. Rp5.000,-"", ""C. Rp1.000.000,-"", ""D. -Rp1.000.000,-""]",D,-Rp1.000.000,"[""Hitunglah biaya total untuk membeli 50 buku:"", ""Biaya total = Harga beli × Jumlah buku = Rp10.000 × 50 = Rp5.000.000"", ""Hitunglah omzet total dari penjualan 50 buku:"", ""Omzet total = Harga jual × Jumlah buku = Rp12.000 × 50 = Rp6.000.000"", ""Hitunglah rugi:"", ""Rugi = Biaya total - Omzet total = Rp5.000.000 - Rp6.000.000 = -Rp1.000.000""]",-1.000.000,"[{""chunk_id"": ""000_0233"", ""source"": ""Buku Matematika Kelas 4 SD.pdf""}, {""chunk_id"": ""000_0231"", ""source"": ""Buku Matematika Kelas 4 SD.pdf""}, {""chunk_id"": ""000_0212"", ""source"": ""Buku Matematika Kelas 4 SD.pdf""}]","[""i Jumat, Sabtu dan Minggu?\nDi unduh dari : Bukupaket.com\nKelas IV SD/MI\n174\n12. Diketahui suatu data : 6, 7, 9, 8, 8, 7, 10, 7, 11, 12, 8. Sajikan data tersebut dalam \nbentuk tabel dan diagram batang!\n13. Data banyaknya kelahiran bayi di salah satu kecamatan disajikan dalam diagram \nbatang berikut!\nBanyak Kelahiran\n Banyak kelahiran bayi selama 5 tahun adalah …\n14. Data nilai ulangan matematika kelas 4 disajikan dalam diagram batang berikut!\nJika kriteria ketuntasan minimal nilai matematika 70, berapakah banyak siswa yang \ntidak ikut remidi?\n15. Diagram batang berikut menyajikan data banyak siswa di SD Balikpapan. Sajikan \ndiagram batang di bawah ini dalam bentuk tabel! Berapakah selisih data banyak \nsiswa kelas 4 dan kelas 5?\nDi unduh dari : Bukupaket.com\nMatematika • Statistika\n175\n16. Tabel berikut menunjukkan hasil panen sayur-sayuran di suatu daerah. Sajikan tabel \ntersebut dalam di"", ""ikan diagram batang hasil ulangan tengah semester matematika \nkelas 4B dan 4D.\n \n Berapa banyak siswa di kelas 4B?\n Berapa banyak siswa di kelas 4D?\n Berapa banyaknya siswa yang memperoleh nilai 10 di kelas 4D?\n Berapa siswa yang memperoleh nilai tertinggi di kelas 4D?\n6. Diagram di bawah menunjukkan tinggi badan 5 anak dalam satuan cm.\n Ceritakan diagram di atas dengan bahasamu sendiri.\n7. Berikut daftar persediaan buah di toko buah.\n Ceritakan diagram di atas dengan bahasamu sendiri.\nDi unduh dari : Bukupaket.com\nMatematika • Statistika\n173\n8. Di sebuah desa, pada bulan Januari hasil panen padi mencapai 250 ton, panen jagung \nmencapai 255 ton, dan panen singkong 100 ton. Pada bulan Februari hasil panen padi \nmencapai 350 ton, hasil panen jagung 190 ton, dan hasil panen singkong mencapai \n185 ton. Sementara itu pada bulan Maret panen padi menurun 150 ton, hasil panen \njagung 250 ton, da"", ""ri : Bukupaket.com\nKelas IV SD/MI\n158\nBacalah dengan saksama\nPerhatikan gambar dan bacaan berikut!\nGambar 5.1 Pemilihan Ketua Kelas\nSumber: kemendikbud.go.id\n Hari ini, siswa kelas 4 duduk rapi dan suasana di kelas \nsangat tenang. Pergantian pengurus dilakukan setiap tiga \nbulan sekali untuk memberi kesempatan seluruh siswa \nmenjadi pengurus kelas dan juga melatih rasa percaya diri \nsetiap siswa.\n Setiap siswa diberi selembar kertas untuk mengisi \nnama calon ketua kelas yang akan dipilih. Setelah itu, \nkertas dikumpulkan, kemudian dilakukan perhitungan \nsuara untuk setiap calon ketua kelas. Agar memudahkan \ndalam pendataan, hasil perolehan suara calon ketua \nkelas ditulis di papan tulis dalam bentuk tabel. Dapatkah \nkamu membaca dan menyajikan data tersebut dalam \nbentuk diagram batang? Temukan jawabannya dalam \npembahasan materi ini.\nDi unduh dari : Bukupaket.com\nMatematika • Statistika"", ""20 ­ 40 tahun di suatu daerah selama 5 tahun disajikan dalam \ndiagram berikut ini.\na. Berapakah selisih penduduk laki-laki & perempuan pada tahun 2017\nb. Pada tahun berapakah jumlah penduduk terbanyak?\n20. Data tinggi badan siswa kelas IV disajikan dalam diagram berikut. Jika banyak siswa \nkelas IV seluruhnya adalah 60, maka berapa banyak siswa kelas IV yang mempunyai \ntinggi badan 132 cm?\nTugas Berkelompok\nPetunjuk\n1. Tulislah jawaban latihan soal di buku tulis dengan bahasamu sendiri.\n2. Tukarkan jawaban dengan teman sebangkumu.\n3. Bandingkan dan diskusikan hasil pekerjaanmu.\nDi unduh dari : Bukupaket.com\nMatematika • Pengukuran Sudut\n177\nPengukuran \nSudut \n 6\nDi kelas 3 kalian telah mempelajari \ntentang jenis-jenis sudut dan \npengukuran sudut dengan satuan \ntidak baku. Sekarang kalian akan \nmempelajari lebih jauh lagi tentang \npengukuran sudut dengan busur \nderajat. Pada bangun datar,"", ""b adalah \nbilangan bulat dan b ≠ 0.\n2. Bilangan pecahan terdiri dari pecahan senilai, pecahan sederhana, dan \nmembandingkan pecahan.\n3. Pecahan senilai adalah pecahan yang dituliskan dalam bentuk berbeda, \ntetapi mempunyai nilai yang sama.\n4. Pecahan sederhana adalah mengubah pembilang dan penyebut menjadi pecahan \nsenilai yang paling kecil.\n5. Bentuk pecahan meliputi pecahan biasa, pecahan campuran, pecahan desimal, \ndan persen.\n6. Pecahan biasa adalah pecahan yang pembilang dan penyebutnya merupakan \nbilangan bulat.\n7. Pecahan campuran adalah pecahan yang terdiri atas bilangan bulat dan pecahan, \ndapat ditulis \na \nb\nc = (a x c) + b\nc \ndengan ketentuan a,b,c adalah bilangan bulat dan c ≠ 0.\n8. Pecahan desimal adalah pecahan yang nilai penyebutnya adalah 10, 100, 1000, dan \nseterusnya yang ditulis dengan menggunakan tanda koma.\nDi unduh dari : Bukupaket.com\nKelas IV SD/MI\n44\n9. Persen ad""]",aritmetika_sosial,0.0,False,False,C1-rag-only
C1,25,4,pengukuran,waktu,sulit,Sebuah mobil membutuhkan waktu 3 jam 45 menit untuk menempuh jarak 240 km. Berapa kecepatan rata-rata mobil tersebut dalam km/jam?,"[""A. 56 km/jam"", ""B. 60 km/jam"", ""C. 64 km/jam"", ""D. 70 km/jam""]",C,64,"[""Hitung total waktu dalam menit: 3 jam 45 menit = 3 x 60 + 45 = 225 menit"", ""Hitung kecepatan rata-rata: \frac{Jarak}{Waktu} = \frac{240 km}{225 menit}"", ""Ubah waktu menjadi jam: 225 menit = \frac{225}{60} jam = 3.75 jam"", ""Hitung kecepatan: \frac{240}{3.75} = 64 km/jam""]",64 km/jam,"[{""chunk_id"": ""000_0212"", ""source"": ""Buku Matematika Kelas 4 SD.pdf""}, {""chunk_id"": ""000_0235"", ""source"": ""Buku Matematika Kelas 4 SD.pdf""}, {""chunk_id"": ""000_0219"", ""source"": ""Buku Matematika Kelas 4 SD.pdf""}]","[""ri : Bukupaket.com\nKelas IV SD/MI\n158\nBacalah dengan saksama\nPerhatikan gambar dan bacaan berikut!\nGambar 5.1 Pemilihan Ketua Kelas\nSumber: kemendikbud.go.id\n Hari ini, siswa kelas 4 duduk rapi dan suasana di kelas \nsangat tenang. Pergantian pengurus dilakukan setiap tiga \nbulan sekali untuk memberi kesempatan seluruh siswa \nmenjadi pengurus kelas dan juga melatih rasa percaya diri \nsetiap siswa.\n Setiap siswa diberi selembar kertas untuk mengisi \nnama calon ketua kelas yang akan dipilih. Setelah itu, \nkertas dikumpulkan, kemudian dilakukan perhitungan \nsuara untuk setiap calon ketua kelas. Agar memudahkan \ndalam pendataan, hasil perolehan suara calon ketua \nkelas ditulis di papan tulis dalam bentuk tabel. Dapatkah \nkamu membaca dan menyajikan data tersebut dalam \nbentuk diagram batang? Temukan jawabannya dalam \npembahasan materi ini.\nDi unduh dari : Bukupaket.com\nMatematika • Statistika"", ""20 ­ 40 tahun di suatu daerah selama 5 tahun disajikan dalam \ndiagram berikut ini.\na. Berapakah selisih penduduk laki-laki & perempuan pada tahun 2017\nb. Pada tahun berapakah jumlah penduduk terbanyak?\n20. Data tinggi badan siswa kelas IV disajikan dalam diagram berikut. Jika banyak siswa \nkelas IV seluruhnya adalah 60, maka berapa banyak siswa kelas IV yang mempunyai \ntinggi badan 132 cm?\nTugas Berkelompok\nPetunjuk\n1. Tulislah jawaban latihan soal di buku tulis dengan bahasamu sendiri.\n2. Tukarkan jawaban dengan teman sebangkumu.\n3. Bandingkan dan diskusikan hasil pekerjaanmu.\nDi unduh dari : Bukupaket.com\nMatematika • Pengukuran Sudut\n177\nPengukuran \nSudut \n 6\nDi kelas 3 kalian telah mempelajari \ntentang jenis-jenis sudut dan \npengukuran sudut dengan satuan \ntidak baku. Sekarang kalian akan \nmempelajari lebih jauh lagi tentang \npengukuran sudut dengan busur \nderajat. Pada bangun datar,"", ""in mengenai data\ntersebut yang tidak\ntertulis pada tabel.\nDi unduh dari : Bukupaket.com\nMatematika • Statistika\n163\nGuru matematika di kelas Edo membagikan hasil ujian \nmatematika dan mendata nilai hasil ujian matematika \nsiswa kelas 4A. Dari 32 siswa, 2 siswa mendapat nilai 50, \n11 siswa mendapat nilai 65, 10 siswa mendapat nilai 70, \n6 siswa mendapat nilai 80, dan sisanya mendapat nilai 75. \nGuru di kelas Edo ingin melihat perbandingan nilai yang \ndiperoleh siswa dengan lebih mudah.\nTulis ulang bacaan di atas! Gunakan kalimat sendiri.\nKerjakan di buku tulismu.\nPengamatan 2\nPerhatikan gambar dan bacaan berikut ini.\nGambar 5.4 Kendaraan di Jalan\nSumber: dokumentasi penulis\n Guru di kelas Udin mengajak siswa-siswanya belajar \ndi luar kelas. Beliau meminta siswa-siswanya mencatat \nbanyaknya kendaraan yang lewat di Jalan PB Sudirman \nsetiap 10 menit. Udin mencatat becak yang lewat \nsebanyak"", ""i Jumat, Sabtu dan Minggu?\nDi unduh dari : Bukupaket.com\nKelas IV SD/MI\n174\n12. Diketahui suatu data : 6, 7, 9, 8, 8, 7, 10, 7, 11, 12, 8. Sajikan data tersebut dalam \nbentuk tabel dan diagram batang!\n13. Data banyaknya kelahiran bayi di salah satu kecamatan disajikan dalam diagram \nbatang berikut!\nBanyak Kelahiran\n Banyak kelahiran bayi selama 5 tahun adalah …\n14. Data nilai ulangan matematika kelas 4 disajikan dalam diagram batang berikut!\nJika kriteria ketuntasan minimal nilai matematika 70, berapakah banyak siswa yang \ntidak ikut remidi?\n15. Diagram batang berikut menyajikan data banyak siswa di SD Balikpapan. Sajikan \ndiagram batang di bawah ini dalam bentuk tabel! Berapakah selisih data banyak \nsiswa kelas 4 dan kelas 5?\nDi unduh dari : Bukupaket.com\nMatematika • Statistika\n175\n16. Tabel berikut menunjukkan hasil panen sayur-sayuran di suatu daerah. Sajikan tabel \ntersebut dalam di"", ""ikan diagram batang hasil ulangan tengah semester matematika \nkelas 4B dan 4D.\n \n Berapa banyak siswa di kelas 4B?\n Berapa banyak siswa di kelas 4D?\n Berapa banyaknya siswa yang memperoleh nilai 10 di kelas 4D?\n Berapa siswa yang memperoleh nilai tertinggi di kelas 4D?\n6. Diagram di bawah menunjukkan tinggi badan 5 anak dalam satuan cm.\n Ceritakan diagram di atas dengan bahasamu sendiri.\n7. Berikut daftar persediaan buah di toko buah.\n Ceritakan diagram di atas dengan bahasamu sendiri.\nDi unduh dari : Bukupaket.com\nMatematika • Statistika\n173\n8. Di sebuah desa, pada bulan Januari hasil panen padi mencapai 250 ton, panen jagung \nmencapai 255 ton, dan panen singkong 100 ton. Pada bulan Februari hasil panen padi \nmencapai 350 ton, hasil panen jagung 190 ton, dan hasil panen singkong mencapai \n185 ton. Sementara itu pada bulan Maret panen padi menurun 150 ton, hasil panen \njagung 250 ton, da""]",pengukuran,0.0,False,False,C1-rag-only
C1,26,4,bilangan,penyajian data dalam bentuk diagram batang,mudah,"Dalam sebuah kelas, terdapat 24 siswa yang masing-masing memilih salah satu nama sebagai ketua kelas. Hasil perolehan suara dapat dinyatakan dalam tabel berikut. Berdasarkan tabel tersebut, berapakah jumlah siswa yang memilih nama Ahmad sebagai ketua kelas?

| Nama | Jumlah |
|------|--------|
| Ahmad | 8      |
| Fauzan | 12     |
| Rizky | 4      |
| Zainal | 4      |
","[""A. 5"", ""B. 8"", ""C. 12"", ""D. 24""]",B,8,"[""Total siswa yang mendaftar adalah 24."", ""Jumlah siswa yang memilih Ahmad adalah 8.""]",8,"[{""chunk_id"": ""000_0212"", ""source"": ""Buku Matematika Kelas 4 SD.pdf""}, {""chunk_id"": ""000_0045"", ""source"": ""Buku Matematika Kelas 4 SD.pdf""}]","[""ri : Bukupaket.com\nKelas IV SD/MI\n158\nBacalah dengan saksama\nPerhatikan gambar dan bacaan berikut!\nGambar 5.1 Pemilihan Ketua Kelas\nSumber: kemendikbud.go.id\n Hari ini, siswa kelas 4 duduk rapi dan suasana di kelas \nsangat tenang. Pergantian pengurus dilakukan setiap tiga \nbulan sekali untuk memberi kesempatan seluruh siswa \nmenjadi pengurus kelas dan juga melatih rasa percaya diri \nsetiap siswa.\n Setiap siswa diberi selembar kertas untuk mengisi \nnama calon ketua kelas yang akan dipilih. Setelah itu, \nkertas dikumpulkan, kemudian dilakukan perhitungan \nsuara untuk setiap calon ketua kelas. Agar memudahkan \ndalam pendataan, hasil perolehan suara calon ketua \nkelas ditulis di papan tulis dalam bentuk tabel. Dapatkah \nkamu membaca dan menyajikan data tersebut dalam \nbentuk diagram batang? Temukan jawabannya dalam \npembahasan materi ini.\nDi unduh dari : Bukupaket.com\nMatematika • Statistika"", ""b adalah \nbilangan bulat dan b ≠ 0.\n2. Bilangan pecahan terdiri dari pecahan senilai, pecahan sederhana, dan \nmembandingkan pecahan.\n3. Pecahan senilai adalah pecahan yang dituliskan dalam bentuk berbeda, \ntetapi mempunyai nilai yang sama.\n4. Pecahan sederhana adalah mengubah pembilang dan penyebut menjadi pecahan \nsenilai yang paling kecil.\n5. Bentuk pecahan meliputi pecahan biasa, pecahan campuran, pecahan desimal, \ndan persen.\n6. Pecahan biasa adalah pecahan yang pembilang dan penyebutnya merupakan \nbilangan bulat.\n7. Pecahan campuran adalah pecahan yang terdiri atas bilangan bulat dan pecahan, \ndapat ditulis \na \nb\nc = (a x c) + b\nc \ndengan ketentuan a,b,c adalah bilangan bulat dan c ≠ 0.\n8. Pecahan desimal adalah pecahan yang nilai penyebutnya adalah 10, 100, 1000, dan \nseterusnya yang ditulis dengan menggunakan tanda koma.\nDi unduh dari : Bukupaket.com\nKelas IV SD/MI\n44\n9. Persen ad"", ""erhatikan nilai \nsatuan, puluhan, atau \nratusan dan seterusnya. \nJika angka kurang dari \n5 (4,3,2,1) maka angka \npada pembulatan \ndihilangkan dan jika \nangka lebih dari sama \ndengan 5 (5,6,7,8,9) \nmaka angka pada \npembulatan ditambah \n1 baik puluhan, ratusan, \nmaupun ribuan dan \nseterusnya.\nDi unduh dari : Bukupaket.com\nKelas IV SD/MI\n38\nContoh 1.16\nTentukan hasil operasi hitung berikut dengan taksiran atas.\na. 16,8 x 2,4 ≈ 17 x 2 = 34\n 16,8 dibulatkan ke atas menjadi 17\n 2,4 dibulatkan ke bawah menjadi 2\nb. 24,7 / 4.9 ≈ 25 / 5 = 5\n 24,7 dibulatkan ke atas menjadi 25\n 4,9 dibulatkan ke atas menjadi 5\nc. 153,7 + 8,2 ≈ 154 + 8 = 162\n 153,7 dibulatkan ke atas menjadi 154\n 8,2 dibulatkan ke bawah menjadi 8\nd. 32,4 ­ 5,5 ≈ 32 - 6 = 26\n 32,4 dibulatkan ke bawah menjadi 32\n 5,5 dibulatkan ke atas menjadi 6\nc. Taksiran Persen\nTaksiran persen adalah menaksir hasil operasi hitung \ndengan cara memb"", ""i Jumat, Sabtu dan Minggu?\nDi unduh dari : Bukupaket.com\nKelas IV SD/MI\n174\n12. Diketahui suatu data : 6, 7, 9, 8, 8, 7, 10, 7, 11, 12, 8. Sajikan data tersebut dalam \nbentuk tabel dan diagram batang!\n13. Data banyaknya kelahiran bayi di salah satu kecamatan disajikan dalam diagram \nbatang berikut!\nBanyak Kelahiran\n Banyak kelahiran bayi selama 5 tahun adalah …\n14. Data nilai ulangan matematika kelas 4 disajikan dalam diagram batang berikut!\nJika kriteria ketuntasan minimal nilai matematika 70, berapakah banyak siswa yang \ntidak ikut remidi?\n15. Diagram batang berikut menyajikan data banyak siswa di SD Balikpapan. Sajikan \ndiagram batang di bawah ini dalam bentuk tabel! Berapakah selisih data banyak \nsiswa kelas 4 dan kelas 5?\nDi unduh dari : Bukupaket.com\nMatematika • Statistika\n175\n16. Tabel berikut menunjukkan hasil panen sayur-sayuran di suatu daerah. Sajikan tabel \ntersebut dalam di"", ""in mengenai data\ntersebut yang tidak\ntertulis pada tabel.\nDi unduh dari : Bukupaket.com\nMatematika • Statistika\n163\nGuru matematika di kelas Edo membagikan hasil ujian \nmatematika dan mendata nilai hasil ujian matematika \nsiswa kelas 4A. Dari 32 siswa, 2 siswa mendapat nilai 50, \n11 siswa mendapat nilai 65, 10 siswa mendapat nilai 70, \n6 siswa mendapat nilai 80, dan sisanya mendapat nilai 75. \nGuru di kelas Edo ingin melihat perbandingan nilai yang \ndiperoleh siswa dengan lebih mudah.\nTulis ulang bacaan di atas! Gunakan kalimat sendiri.\nKerjakan di buku tulismu.\nPengamatan 2\nPerhatikan gambar dan bacaan berikut ini.\nGambar 5.4 Kendaraan di Jalan\nSumber: dokumentasi penulis\n Guru di kelas Udin mengajak siswa-siswanya belajar \ndi luar kelas. Beliau meminta siswa-siswanya mencatat \nbanyaknya kendaraan yang lewat di Jalan PB Sudirman \nsetiap 10 menit. Udin mencatat becak yang lewat \nsebanyak""]",bilangan,0.0,False,True,C1-rag-only
C1,27,4,perkalian_pembagian,mengenal operasi perkalian dan pembagian,sedang,"Sebuah toko menjual sepatu dengan diskon. Jika sepatu awalnya dijual dengan harga Rp 100.000,00 dan mendapatkan diskon 30%, berapakah harga sepatu setelah diskon? Tuliskan proses penyelesaiannya.","[""A. Rp 30.000,00"", ""B. Rp 70.000,00"", ""C. Rp 100.000,00"", ""D. Rp 130.000,00""]",B,70.000,"[""Diskon sepatu adalah 30%"", ""Hitunglah seberapa besar diskon yang diterima sepatu tersebut. 30% dari Rp 100.000,00 dapat dicari dengan mengalikan 100.000,00 dengan 30/100."", ""Proses penjumlahan diskon adalah 100.000,00 - (100.000,00 x 30/100)""]",100.000 - (100.000 x 30/100),"[{""chunk_id"": ""000_0023"", ""source"": ""Buku Matematika Kelas 4 SD.pdf""}]","[""ri : Bukupaket.com\nKelas IV SD/MI\n158\nBacalah dengan saksama\nPerhatikan gambar dan bacaan berikut!\nGambar 5.1 Pemilihan Ketua Kelas\nSumber: kemendikbud.go.id\n Hari ini, siswa kelas 4 duduk rapi dan suasana di kelas \nsangat tenang. Pergantian pengurus dilakukan setiap tiga \nbulan sekali untuk memberi kesempatan seluruh siswa \nmenjadi pengurus kelas dan juga melatih rasa percaya diri \nsetiap siswa.\n Setiap siswa diberi selembar kertas untuk mengisi \nnama calon ketua kelas yang akan dipilih. Setelah itu, \nkertas dikumpulkan, kemudian dilakukan perhitungan \nsuara untuk setiap calon ketua kelas. Agar memudahkan \ndalam pendataan, hasil perolehan suara calon ketua \nkelas ditulis di papan tulis dalam bentuk tabel. Dapatkah \nkamu membaca dan menyajikan data tersebut dalam \nbentuk diagram batang? Temukan jawabannya dalam \npembahasan materi ini.\nDi unduh dari : Bukupaket.com\nMatematika • Statistika"", ""b adalah \nbilangan bulat dan b ≠ 0.\n2. Bilangan pecahan terdiri dari pecahan senilai, pecahan sederhana, dan \nmembandingkan pecahan.\n3. Pecahan senilai adalah pecahan yang dituliskan dalam bentuk berbeda, \ntetapi mempunyai nilai yang sama.\n4. Pecahan sederhana adalah mengubah pembilang dan penyebut menjadi pecahan \nsenilai yang paling kecil.\n5. Bentuk pecahan meliputi pecahan biasa, pecahan campuran, pecahan desimal, \ndan persen.\n6. Pecahan biasa adalah pecahan yang pembilang dan penyebutnya merupakan \nbilangan bulat.\n7. Pecahan campuran adalah pecahan yang terdiri atas bilangan bulat dan pecahan, \ndapat ditulis \na \nb\nc = (a x c) + b\nc \ndengan ketentuan a,b,c adalah bilangan bulat dan c ≠ 0.\n8. Pecahan desimal adalah pecahan yang nilai penyebutnya adalah 10, 100, 1000, dan \nseterusnya yang ditulis dengan menggunakan tanda koma.\nDi unduh dari : Bukupaket.com\nKelas IV SD/MI\n44\n9. Persen ad"", ""! Gunakan kalimatmu sendiri. \nKerjakan di buku tugasmu.\nPengamatan 4\nPerhatikan gambar dan bacaan berikut!\nGambar 1.11 Sepatu Diskon\nSumber : dokumentasi penulis\nDi unduh dari : Bukupaket.com\nKelas IV SD/MI\n22\nHari ini ada diskon untuk pembelian sepatu dan \nsandal. Pengunjung berbondong-bondong untuk \nmemilih dan membelinya. Pembelian diberi diskon untuk \npembelian sepatu sebesar 70%, 50% + 30%, 50%, 30%, \n20% + 20%, 20%, dan 10% (Gambar 1.11). \nTulis ulang bacaan di atas! Gunakan kalimatmu sendiri. \nKerjakan di buku tugasmu.\nAyo Menanya\nBerikut ini contoh pertanyaan tentang bentuk pecahan.\n1. Apa saja bentuk pecahan?\n2. Bagaimana mengubah pecahan biasa ke bentuk \npersen?\nBuatlah pertanyaan lainnya!\nAyo Menalar\n1. Pecahan Biasa\nBentuk pecahan yang telah dipelajari sebelum nya \nmerupakan pecahan biasa. Pecahan biasa adalah pecahan \nyang pembilang dan penyebutnya merupakan bilangan \nbulat."", ""20 ­ 40 tahun di suatu daerah selama 5 tahun disajikan dalam \ndiagram berikut ini.\na. Berapakah selisih penduduk laki-laki & perempuan pada tahun 2017\nb. Pada tahun berapakah jumlah penduduk terbanyak?\n20. Data tinggi badan siswa kelas IV disajikan dalam diagram berikut. Jika banyak siswa \nkelas IV seluruhnya adalah 60, maka berapa banyak siswa kelas IV yang mempunyai \ntinggi badan 132 cm?\nTugas Berkelompok\nPetunjuk\n1. Tulislah jawaban latihan soal di buku tulis dengan bahasamu sendiri.\n2. Tukarkan jawaban dengan teman sebangkumu.\n3. Bandingkan dan diskusikan hasil pekerjaanmu.\nDi unduh dari : Bukupaket.com\nMatematika • Pengukuran Sudut\n177\nPengukuran \nSudut \n 6\nDi kelas 3 kalian telah mempelajari \ntentang jenis-jenis sudut dan \npengukuran sudut dengan satuan \ntidak baku. Sekarang kalian akan \nmempelajari lebih jauh lagi tentang \npengukuran sudut dengan busur \nderajat. Pada bangun datar,"", ""in mengenai data\ntersebut yang tidak\ntertulis pada tabel.\nDi unduh dari : Bukupaket.com\nMatematika • Statistika\n163\nGuru matematika di kelas Edo membagikan hasil ujian \nmatematika dan mendata nilai hasil ujian matematika \nsiswa kelas 4A. Dari 32 siswa, 2 siswa mendapat nilai 50, \n11 siswa mendapat nilai 65, 10 siswa mendapat nilai 70, \n6 siswa mendapat nilai 80, dan sisanya mendapat nilai 75. \nGuru di kelas Edo ingin melihat perbandingan nilai yang \ndiperoleh siswa dengan lebih mudah.\nTulis ulang bacaan di atas! Gunakan kalimat sendiri.\nKerjakan di buku tulismu.\nPengamatan 2\nPerhatikan gambar dan bacaan berikut ini.\nGambar 5.4 Kendaraan di Jalan\nSumber: dokumentasi penulis\n Guru di kelas Udin mengajak siswa-siswanya belajar \ndi luar kelas. Beliau meminta siswa-siswanya mencatat \nbanyaknya kendaraan yang lewat di Jalan PB Sudirman \nsetiap 10 menit. Udin mencatat becak yang lewat \nsebanyak""]",perkalian_pembagian,0.0,False,False,C1-rag-only
C1,28,4,pengukuran,volume,sulit,Sebuah kotak berbentuk kubus memiliki panjang rusuk 10 cm. Volume kotak tersebut adalah...?,"[""A. 100 cm³"", ""B. 1000 cm³"", ""C. 10000 cm³"", ""D. 100000 cm³""]",B,1000,"[""Volume kubus dapat dihitung menggunakan rumus V = s³"", ""Dimana s adalah panjang rusuk kubus"", ""Dalam soal, panjang rusuk kubus adalah 10 cm"", ""Maka, V = 10³ = 10 × 10 × 10"", ""Jadi, volume kotak tersebut adalah 1000 cm³""]",10³,"[{""chunk_id"": ""000_0131"", ""source"": ""Buku Matematika Kelas 4 SD.pdf""}, {""chunk_id"": ""000_0212"", ""source"": ""Buku Matematika Kelas 4 SD.pdf""}, {""chunk_id"": ""000_0235"", ""source"": ""Buku Matematika Kelas 4 SD.pdf""}]","[""ri : Bukupaket.com\nKelas IV SD/MI\n158\nBacalah dengan saksama\nPerhatikan gambar dan bacaan berikut!\nGambar 5.1 Pemilihan Ketua Kelas\nSumber: kemendikbud.go.id\n Hari ini, siswa kelas 4 duduk rapi dan suasana di kelas \nsangat tenang. Pergantian pengurus dilakukan setiap tiga \nbulan sekali untuk memberi kesempatan seluruh siswa \nmenjadi pengurus kelas dan juga melatih rasa percaya diri \nsetiap siswa.\n Setiap siswa diberi selembar kertas untuk mengisi \nnama calon ketua kelas yang akan dipilih. Setelah itu, \nkertas dikumpulkan, kemudian dilakukan perhitungan \nsuara untuk setiap calon ketua kelas. Agar memudahkan \ndalam pendataan, hasil perolehan suara calon ketua \nkelas ditulis di papan tulis dalam bentuk tabel. Dapatkah \nkamu membaca dan menyajikan data tersebut dalam \nbentuk diagram batang? Temukan jawabannya dalam \npembahasan materi ini.\nDi unduh dari : Bukupaket.com\nMatematika • Statistika"", ""20 ­ 40 tahun di suatu daerah selama 5 tahun disajikan dalam \ndiagram berikut ini.\na. Berapakah selisih penduduk laki-laki & perempuan pada tahun 2017\nb. Pada tahun berapakah jumlah penduduk terbanyak?\n20. Data tinggi badan siswa kelas IV disajikan dalam diagram berikut. Jika banyak siswa \nkelas IV seluruhnya adalah 60, maka berapa banyak siswa kelas IV yang mempunyai \ntinggi badan 132 cm?\nTugas Berkelompok\nPetunjuk\n1. Tulislah jawaban latihan soal di buku tulis dengan bahasamu sendiri.\n2. Tukarkan jawaban dengan teman sebangkumu.\n3. Bandingkan dan diskusikan hasil pekerjaanmu.\nDi unduh dari : Bukupaket.com\nMatematika • Pengukuran Sudut\n177\nPengukuran \nSudut \n 6\nDi kelas 3 kalian telah mempelajari \ntentang jenis-jenis sudut dan \npengukuran sudut dengan satuan \ntidak baku. Sekarang kalian akan \nmempelajari lebih jauh lagi tentang \npengukuran sudut dengan busur \nderajat. Pada bangun datar,"", ""bulatan ke ratusan terdekat\na. Pembulatan ke bawah, jika angka puluhannya kurang dari 5, maka puluhan \ntersebut dihilangkan.\nb. Pembulatan ke atas, jika angka puluhannya lebih dari atau sama dengan 50 \nmaka puluhan tersebut dihilangkan dan menambahkan 100 ke ratusannya. \nAyo Mengomunikasikan\nPetunjuk\nTulis ulang rangkuman di atas dengan bahasamu sendiri. Kerjakan di buku tulismu.\nBandingkan dan diskusikan bersama 3 teman yang tempat duduknya berdekatan \ndenganmu. Tulis kembali di buku tulismu!\nDi unduh dari : Bukupaket.com\nKelas IV SD/MI\n98\nTugas Proyek\nBelajar melakukan pembulatan hasil pengukuran yang telah dilaksanakan\nTujuan: melakukan pembulatan hasil pengukuran panjang dan berat.\nPetunjuk: \n1. Buatlah kelompok yang terdiri atas 4 anak.\n2. Sediakan timbangan berat badan, meteran pengukur tinggi badan, dan alat-alat tulis.\n3. Buatlah tabel hasil pengukuran berat dan tinggi badan bese"", ""erhatikan nilai \nsatuan, puluhan, atau \nratusan dan seterusnya. \nJika angka kurang dari \n5 (4,3,2,1) maka angka \npada pembulatan \ndihilangkan dan jika \nangka lebih dari sama \ndengan 5 (5,6,7,8,9) \nmaka angka pada \npembulatan ditambah \n1 baik puluhan, ratusan, \nmaupun ribuan dan \nseterusnya.\nDi unduh dari : Bukupaket.com\nKelas IV SD/MI\n38\nContoh 1.16\nTentukan hasil operasi hitung berikut dengan taksiran atas.\na. 16,8 x 2,4 ≈ 17 x 2 = 34\n 16,8 dibulatkan ke atas menjadi 17\n 2,4 dibulatkan ke bawah menjadi 2\nb. 24,7 / 4.9 ≈ 25 / 5 = 5\n 24,7 dibulatkan ke atas menjadi 25\n 4,9 dibulatkan ke atas menjadi 5\nc. 153,7 + 8,2 ≈ 154 + 8 = 162\n 153,7 dibulatkan ke atas menjadi 154\n 8,2 dibulatkan ke bawah menjadi 8\nd. 32,4 ­ 5,5 ≈ 32 - 6 = 26\n 32,4 dibulatkan ke bawah menjadi 32\n 5,5 dibulatkan ke atas menjadi 6\nc. Taksiran Persen\nTaksiran persen adalah menaksir hasil operasi hitung \ndengan cara memb"", "" \nPada Pengamatan 1\nPerhatikan tabel berikut.\nEdo mempunyai uang Rp10.000,00 untuk membeli buku \ntulis. \nTahukah Kalian\nTaksiran atas \ndilakukan dengan \nmembulatkan ke atas \nbilangan-bilangan \ndalam operasi hitung. \nDi unduh dari : Bukupaket.com\nKelas IV SD/MI\n32\nTabel 1.3 Taksiran harga\nHarga (Rp) Taksiran Atas ke \nRibuan Terdekat (Rp)\nBuku ke-1 4.550 5.000\nBuku ke-2 2.250 3.000\nBuku ke-3 2.750 3.000\nBuku ke-4 1.750 2.000\nTulislah buku apa saja yang dapat dibeli oleh Edo sehingga \nharganya tidak melebihi Rp10.000,00 (bisa lebih dari satu \njawaban). Dapatkah Edo membeli keempat buku tulis \ntersebut? \nContoh Taksiran Atas\nTabel 1.4 Taksiran atas\nBilangan Satuan \nTerdekat\nPuluhan \nTerdekat\nRatusan \nTerdekat\nRibuan \nTerdekat\n5.368,5 5.369 5.370 5.400 6.000\n7.568,8 7.569 7.570 7.600 8.000\n8.777,9 8.778 8.780 8.800 9.000\n8.777,1 8.778 8.780 8.800 9.000\nContoh 1.11\nTentukan hasil operasi hitun""]",pengukuran,0.0,False,False,C1-rag-only
C1,29,4,Pecahan,Penjumlahan pecahan,sedang,Dua pecahan 3/5 dan 1/5 dikombinasikan menjadi satu pecahan. Hasil penjumlahan tersebut adalah...?,"[""A. 1/5"", ""B. 2/5"", ""C. 3/5"", ""D. 4/5""]",B,2/5,"[""Buatlah pecahan 3/5 dan 1/5 dalam bentuk pecahan biasa."", ""Jumlahkan pembilangnya, yaitu 3 + 1 = 4."", ""Jumlahkan penyebutnya, yaitu 5 + 5 = 10."", ""Hasil penjumlahan pecahan adalah 4/10."", ""Sederhanakan pecahan 4/10 menjadi pecahan yang paling sederhana."", ""4/10 dapat disederhanakan menjadi 2/5.""]",2/5,"[{""chunk_id"": ""000_0054"", ""source"": ""Buku Matematika Kelas 4 SD.pdf""}, {""chunk_id"": ""000_0023"", ""source"": ""Buku Matematika Kelas 4 SD.pdf""}, {""chunk_id"": ""000_0009"", ""source"": ""Buku Matematika Kelas 4 SD.pdf""}]","[""b adalah \nbilangan bulat dan b ≠ 0.\n2. Bilangan pecahan terdiri dari pecahan senilai, pecahan sederhana, dan \nmembandingkan pecahan.\n3. Pecahan senilai adalah pecahan yang dituliskan dalam bentuk berbeda, \ntetapi mempunyai nilai yang sama.\n4. Pecahan sederhana adalah mengubah pembilang dan penyebut menjadi pecahan \nsenilai yang paling kecil.\n5. Bentuk pecahan meliputi pecahan biasa, pecahan campuran, pecahan desimal, \ndan persen.\n6. Pecahan biasa adalah pecahan yang pembilang dan penyebutnya merupakan \nbilangan bulat.\n7. Pecahan campuran adalah pecahan yang terdiri atas bilangan bulat dan pecahan, \ndapat ditulis \na \nb\nc = (a x c) + b\nc \ndengan ketentuan a,b,c adalah bilangan bulat dan c ≠ 0.\n8. Pecahan desimal adalah pecahan yang nilai penyebutnya adalah 10, 100, 1000, dan \nseterusnya yang ditulis dengan menggunakan tanda koma.\nDi unduh dari : Bukupaket.com\nKelas IV SD/MI\n44\n9. Persen ad"", ""! Gunakan kalimatmu sendiri. \nKerjakan di buku tugasmu.\nPengamatan 4\nPerhatikan gambar dan bacaan berikut!\nGambar 1.11 Sepatu Diskon\nSumber : dokumentasi penulis\nDi unduh dari : Bukupaket.com\nKelas IV SD/MI\n22\nHari ini ada diskon untuk pembelian sepatu dan \nsandal. Pengunjung berbondong-bondong untuk \nmemilih dan membelinya. Pembelian diberi diskon untuk \npembelian sepatu sebesar 70%, 50% + 30%, 50%, 30%, \n20% + 20%, 20%, dan 10% (Gambar 1.11). \nTulis ulang bacaan di atas! Gunakan kalimatmu sendiri. \nKerjakan di buku tugasmu.\nAyo Menanya\nBerikut ini contoh pertanyaan tentang bentuk pecahan.\n1. Apa saja bentuk pecahan?\n2. Bagaimana mengubah pecahan biasa ke bentuk \npersen?\nBuatlah pertanyaan lainnya!\nAyo Menalar\n1. Pecahan Biasa\nBentuk pecahan yang telah dipelajari sebelum nya \nmerupakan pecahan biasa. Pecahan biasa adalah pecahan \nyang pembilang dan penyebutnya merupakan bilangan \nbulat."", ""aian\nBentuk pecahan gambar di atas adalah 4\n6 .\nb.\nPenyelesaian\nBentuk pecahan gambar di atas adalah 3\n8 .\nContoh 1.2\nSebutkan pembilang dan penyebut dari pecahan di bawah \nini.\na. 3\n8 maka pembilang adalah 3 dan penyebut adalah 8.\nb. 1\n4 maka pembilang adalah 1 dan penyebut adalah 4.\nc. \n5\n6 maka pembilang adalah 5 dan penyebut adalah 6.\nDi unduh dari : Bukupaket.com\nKelas IV SD/MI\n8\nAyo Mencoba\n1. Meli memiliki 1 batang coklat. Dia ingin mem­\nbagikan kepada 5 orang sahabatnya dengan \nbagian yang sama. Berapa bagian coklat yang diperoleh \nmasing-masing sahabat Meli?\n2. Beni memiliki 8 buah apel. Dia akan membagikan \nkepada 4 orang temannya dengan bagian yang sama \nbanyak. Berapa buah apel yang diperoleh masingmasing temannya?\n3. Nyatakan bagian yang diarsir pada gambar di bawah \nini ke dalam bentuk pecahan.\na. b. c.\n4. Nyatakan pecahan di bawah ini dalam bentuk gambar \ndengan beberapa b"", ""ri : Bukupaket.com\nKelas IV SD/MI\n158\nBacalah dengan saksama\nPerhatikan gambar dan bacaan berikut!\nGambar 5.1 Pemilihan Ketua Kelas\nSumber: kemendikbud.go.id\n Hari ini, siswa kelas 4 duduk rapi dan suasana di kelas \nsangat tenang. Pergantian pengurus dilakukan setiap tiga \nbulan sekali untuk memberi kesempatan seluruh siswa \nmenjadi pengurus kelas dan juga melatih rasa percaya diri \nsetiap siswa.\n Setiap siswa diberi selembar kertas untuk mengisi \nnama calon ketua kelas yang akan dipilih. Setelah itu, \nkertas dikumpulkan, kemudian dilakukan perhitungan \nsuara untuk setiap calon ketua kelas. Agar memudahkan \ndalam pendataan, hasil perolehan suara calon ketua \nkelas ditulis di papan tulis dalam bentuk tabel. Dapatkah \nkamu membaca dan menyajikan data tersebut dalam \nbentuk diagram batang? Temukan jawabannya dalam \npembahasan materi ini.\nDi unduh dari : Bukupaket.com\nMatematika • Statistika"", "" \nadalah pecahan \nyang hanya terdiri \natas pembilang dan \npenyebut\nDi unduh dari : Bukupaket.com\nKelas IV SD/MI\n24\nPenyelesaian\nPecahan campuran 1 1\n2 terdiri atas bilangan bulat 1 dan \nbilangan pecahan 1\n2 .\nLangkah-langkah menyederhanakan pecahan campuran \nmenjadi pecahan biasa sebagai berikut.\n1\n1\n2 = 1 + 1\n2\nUbahlah angka 1 menjadi pecahan yang penyebutnya 2\n1\n1\n2 = 2\n2 + \n1\n2\nJumlahkan pembilangnya\n1\n1\n2 = 2 + 1\n2 = 3\n2\nMengubah pecahan campuran menjadi pecahan \nbiasa juga dapat dilakukan dengan cara berikut.\n1\n1\n2 = (1 x 2) + 1\n2 = 3\n2 \nCoba kalian ubah pecahan campuran berikut menjadi \npecahan biasa.\n2\n1\n3 = ...\n3 2\n5 = ...\nJadi, menurut kalian apa yang dimaksud dengan pecahan \ncampuran?\nBagaimana mengubah pecahan biasa menjadi pecahan \ncampuran?\nCoba kalian tuliskan langkah-langkah mengubah pecahan \ncampuran ke pecahan biasa. Tulis di buku tulismu. \nTahukah Kalian\nJika angka \npem""]",pecahan,0.0,False,True,C1-rag-only
C1,30,4,Pecahan,Pecahan Senilai,Sulit,"Sebuah toko menjual sepatu dengan diskon 70%. Jika harga aslinya adalah Rp 100.000, berapakah harga sepatu tersebut setelah mendapatkan diskon? A. Rp 30.000, B. Rp 70.000, C. Rp 100.000, D. Rp 170.000.","[""A. Rp 30.000"", ""B. Rp 70.000"", ""C. Rp 100.000"", ""D. Rp 170.000""]",A,Rp 30.000,"[""Diskon 70% berarti harga yang harus dibayar adalah 30% dari harga asli."", ""Hitunglah 30% dari Rp 100.000."", ""30% dari Rp 100.000 adalah 0,30 x 100.000 = Rp 30.000.""]","0,30 x 100.000 = 30.000","[{""chunk_id"": ""000_0054"", ""source"": ""Buku Matematika Kelas 4 SD.pdf""}, {""chunk_id"": ""000_0212"", ""source"": ""Buku Matematika Kelas 4 SD.pdf""}]","[""b adalah \nbilangan bulat dan b ≠ 0.\n2. Bilangan pecahan terdiri dari pecahan senilai, pecahan sederhana, dan \nmembandingkan pecahan.\n3. Pecahan senilai adalah pecahan yang dituliskan dalam bentuk berbeda, \ntetapi mempunyai nilai yang sama.\n4. Pecahan sederhana adalah mengubah pembilang dan penyebut menjadi pecahan \nsenilai yang paling kecil.\n5. Bentuk pecahan meliputi pecahan biasa, pecahan campuran, pecahan desimal, \ndan persen.\n6. Pecahan biasa adalah pecahan yang pembilang dan penyebutnya merupakan \nbilangan bulat.\n7. Pecahan campuran adalah pecahan yang terdiri atas bilangan bulat dan pecahan, \ndapat ditulis \na \nb\nc = (a x c) + b\nc \ndengan ketentuan a,b,c adalah bilangan bulat dan c ≠ 0.\n8. Pecahan desimal adalah pecahan yang nilai penyebutnya adalah 10, 100, 1000, dan \nseterusnya yang ditulis dengan menggunakan tanda koma.\nDi unduh dari : Bukupaket.com\nKelas IV SD/MI\n44\n9. Persen ad"", ""! Gunakan kalimatmu sendiri. \nKerjakan di buku tugasmu.\nPengamatan 4\nPerhatikan gambar dan bacaan berikut!\nGambar 1.11 Sepatu Diskon\nSumber : dokumentasi penulis\nDi unduh dari : Bukupaket.com\nKelas IV SD/MI\n22\nHari ini ada diskon untuk pembelian sepatu dan \nsandal. Pengunjung berbondong-bondong untuk \nmemilih dan membelinya. Pembelian diberi diskon untuk \npembelian sepatu sebesar 70%, 50% + 30%, 50%, 30%, \n20% + 20%, 20%, dan 10% (Gambar 1.11). \nTulis ulang bacaan di atas! Gunakan kalimatmu sendiri. \nKerjakan di buku tugasmu.\nAyo Menanya\nBerikut ini contoh pertanyaan tentang bentuk pecahan.\n1. Apa saja bentuk pecahan?\n2. Bagaimana mengubah pecahan biasa ke bentuk \npersen?\nBuatlah pertanyaan lainnya!\nAyo Menalar\n1. Pecahan Biasa\nBentuk pecahan yang telah dipelajari sebelum nya \nmerupakan pecahan biasa. Pecahan biasa adalah pecahan \nyang pembilang dan penyebutnya merupakan bilangan \nbulat."", ""ri : Bukupaket.com\nKelas IV SD/MI\n158\nBacalah dengan saksama\nPerhatikan gambar dan bacaan berikut!\nGambar 5.1 Pemilihan Ketua Kelas\nSumber: kemendikbud.go.id\n Hari ini, siswa kelas 4 duduk rapi dan suasana di kelas \nsangat tenang. Pergantian pengurus dilakukan setiap tiga \nbulan sekali untuk memberi kesempatan seluruh siswa \nmenjadi pengurus kelas dan juga melatih rasa percaya diri \nsetiap siswa.\n Setiap siswa diberi selembar kertas untuk mengisi \nnama calon ketua kelas yang akan dipilih. Setelah itu, \nkertas dikumpulkan, kemudian dilakukan perhitungan \nsuara untuk setiap calon ketua kelas. Agar memudahkan \ndalam pendataan, hasil perolehan suara calon ketua \nkelas ditulis di papan tulis dalam bentuk tabel. Dapatkah \nkamu membaca dan menyajikan data tersebut dalam \nbentuk diagram batang? Temukan jawabannya dalam \npembahasan materi ini.\nDi unduh dari : Bukupaket.com\nMatematika • Statistika"", ""otongan pizza di atas dapat digambar dengan lingkaran \nberikut.\nManakah pecahan yang lebih besar nilainya?\nDi unduh dari : Bukupaket.com\nKelas IV SD/MI\n18\nMenjadi Menjadi\ndengan\n 2\n1 > 4\n1\nContoh 1.5\na.\nlebih besar atau ... > ...\nb.\nDi unduh dari : Bukupaket.com\nMatematika • Pecahan\n19\nc.\nAyo Mencoba\n1. Tentukan 3 pecahan yang senilai dengan pecahan \nberikut.\n a. 1\n2 b. 9 \n12 c. 1\n5 d. \n10\n14\n2. Sederhanakan pecahan berikut menjadi pecahan \npaling sederhana.\n a. \n 8 \n56 b. 20\n35 c. 13\n52 d. \n10\n14\n3. Berilah tanda >, <, atau = pada dua pecahan di bawah \nini\n a. \n1\n5 ... 4\n5 b. \n 8 \n10 ... 4\n5 c. \n 4 \n36 ... 2\n9 d. \n10\n14 ... \n15\n28\n \n \nB. Bentuk Pecahan\nAda 5 tahapan yang harus kalian lakukan untuk mema­\nhami bentuk pecahan meliputi pecahan biasa, pecahan \ncampuran, pecahan desimal dan persen. Kelima langkah \ntersebut adalah mengamati, menanya, menalar, mencoba, \ndan mengkomunikasikan.\nT"", "" 10\n5\n. \nSedangkan pizza B yang belum dimakan adalah \n1 dari 2 bagian atau dapat ditulis dalam bentuk \npecahan 2\n1\n. Kedua pizza tersebut dapat di- \nnyatakan dalam gambar berikut.\nDi unduh dari : Bukupaket.com\nKelas IV SD/MI\n12\nPizza A Pizza B\n 5 \n10\n1\n2\nCoba perhatikan gambar di atas! Bagaimana besar kedua \nbagian lingkaran yang diarsir?\nApakah pecahan 5 \n10 sama dengan 1\n2 ? Jelaskan!\nCoba kalian buat kesimpulan dari pengamatan 1 dan \n2 di buku tulismu. Bandingkan kesimpulanmu dengan \npenjelasan gurumu. Pecahan yang dituliskan dalam \nbentuk berbeda, tetapi mempunyai nilai yang sama \ndinamakan pecahan senilai.\nContoh 1.3\nTuliskan pecahan yang senilai dengan daerah yang \nberwarna di bawah ini!\na.\nb.\nTahukah Kalian\nAyo bereksplorasi, \ntentukan pecahan \nsenilai dengan pecahan \nDi unduh dari : Bukupaket.com\nMatematika • Pecahan\n13\nPenyelesaian\na.\n6\n9\n4\n6\n2\n3\nb.\n1\n3\n2\n6\n3\n9\n 4 \n12= = =\n2. Me""]",pecahan,0.0,False,False,C1-rag-only
C1,31,4,bilangan,perbandingan dan diagram,sulit,"Dalam sebuah kelas 4, 2 siswa mendapat nilai 50, 11 siswa mendapat nilai 65, 10 siswa mendapat nilai 70, 6 siswa mendapat nilai 80, dan sisanya mendapat nilai 75. Jika total siswa kelas tersebut 32 orang, berapakah jumlah siswa yang mendapat nilai 75?","[""A. 2"", ""B. 4"", ""C. 6"", ""D. 8""]",C,6,"[""Total siswa = 32 orang"", ""Jumlah siswa yang mendapat nilai 50 + 65 + 70 + 80 = 265"", ""Jumlah siswa yang mendapat nilai 75 = Total siswa - (2 siswa + 11 siswa + 10 siswa + 6 siswa)"", ""Jumlah siswa yang mendapat nilai 75 = 32 - 26""]",6,"[{""chunk_id"": ""000_0219"", ""source"": ""Buku Matematika Kelas 4 SD.pdf""}]","[""ri : Bukupaket.com\nKelas IV SD/MI\n158\nBacalah dengan saksama\nPerhatikan gambar dan bacaan berikut!\nGambar 5.1 Pemilihan Ketua Kelas\nSumber: kemendikbud.go.id\n Hari ini, siswa kelas 4 duduk rapi dan suasana di kelas \nsangat tenang. Pergantian pengurus dilakukan setiap tiga \nbulan sekali untuk memberi kesempatan seluruh siswa \nmenjadi pengurus kelas dan juga melatih rasa percaya diri \nsetiap siswa.\n Setiap siswa diberi selembar kertas untuk mengisi \nnama calon ketua kelas yang akan dipilih. Setelah itu, \nkertas dikumpulkan, kemudian dilakukan perhitungan \nsuara untuk setiap calon ketua kelas. Agar memudahkan \ndalam pendataan, hasil perolehan suara calon ketua \nkelas ditulis di papan tulis dalam bentuk tabel. Dapatkah \nkamu membaca dan menyajikan data tersebut dalam \nbentuk diagram batang? Temukan jawabannya dalam \npembahasan materi ini.\nDi unduh dari : Bukupaket.com\nMatematika • Statistika"", ""in mengenai data\ntersebut yang tidak\ntertulis pada tabel.\nDi unduh dari : Bukupaket.com\nMatematika • Statistika\n163\nGuru matematika di kelas Edo membagikan hasil ujian \nmatematika dan mendata nilai hasil ujian matematika \nsiswa kelas 4A. Dari 32 siswa, 2 siswa mendapat nilai 50, \n11 siswa mendapat nilai 65, 10 siswa mendapat nilai 70, \n6 siswa mendapat nilai 80, dan sisanya mendapat nilai 75. \nGuru di kelas Edo ingin melihat perbandingan nilai yang \ndiperoleh siswa dengan lebih mudah.\nTulis ulang bacaan di atas! Gunakan kalimat sendiri.\nKerjakan di buku tulismu.\nPengamatan 2\nPerhatikan gambar dan bacaan berikut ini.\nGambar 5.4 Kendaraan di Jalan\nSumber: dokumentasi penulis\n Guru di kelas Udin mengajak siswa-siswanya belajar \ndi luar kelas. Beliau meminta siswa-siswanya mencatat \nbanyaknya kendaraan yang lewat di Jalan PB Sudirman \nsetiap 10 menit. Udin mencatat becak yang lewat \nsebanyak"", ""20 ­ 40 tahun di suatu daerah selama 5 tahun disajikan dalam \ndiagram berikut ini.\na. Berapakah selisih penduduk laki-laki & perempuan pada tahun 2017\nb. Pada tahun berapakah jumlah penduduk terbanyak?\n20. Data tinggi badan siswa kelas IV disajikan dalam diagram berikut. Jika banyak siswa \nkelas IV seluruhnya adalah 60, maka berapa banyak siswa kelas IV yang mempunyai \ntinggi badan 132 cm?\nTugas Berkelompok\nPetunjuk\n1. Tulislah jawaban latihan soal di buku tulis dengan bahasamu sendiri.\n2. Tukarkan jawaban dengan teman sebangkumu.\n3. Bandingkan dan diskusikan hasil pekerjaanmu.\nDi unduh dari : Bukupaket.com\nMatematika • Pengukuran Sudut\n177\nPengukuran \nSudut \n 6\nDi kelas 3 kalian telah mempelajari \ntentang jenis-jenis sudut dan \npengukuran sudut dengan satuan \ntidak baku. Sekarang kalian akan \nmempelajari lebih jauh lagi tentang \npengukuran sudut dengan busur \nderajat. Pada bangun datar,"", ""i Jumat, Sabtu dan Minggu?\nDi unduh dari : Bukupaket.com\nKelas IV SD/MI\n174\n12. Diketahui suatu data : 6, 7, 9, 8, 8, 7, 10, 7, 11, 12, 8. Sajikan data tersebut dalam \nbentuk tabel dan diagram batang!\n13. Data banyaknya kelahiran bayi di salah satu kecamatan disajikan dalam diagram \nbatang berikut!\nBanyak Kelahiran\n Banyak kelahiran bayi selama 5 tahun adalah …\n14. Data nilai ulangan matematika kelas 4 disajikan dalam diagram batang berikut!\nJika kriteria ketuntasan minimal nilai matematika 70, berapakah banyak siswa yang \ntidak ikut remidi?\n15. Diagram batang berikut menyajikan data banyak siswa di SD Balikpapan. Sajikan \ndiagram batang di bawah ini dalam bentuk tabel! Berapakah selisih data banyak \nsiswa kelas 4 dan kelas 5?\nDi unduh dari : Bukupaket.com\nMatematika • Statistika\n175\n16. Tabel berikut menunjukkan hasil panen sayur-sayuran di suatu daerah. Sajikan tabel \ntersebut dalam di"", ""erhatikan nilai \nsatuan, puluhan, atau \nratusan dan seterusnya. \nJika angka kurang dari \n5 (4,3,2,1) maka angka \npada pembulatan \ndihilangkan dan jika \nangka lebih dari sama \ndengan 5 (5,6,7,8,9) \nmaka angka pada \npembulatan ditambah \n1 baik puluhan, ratusan, \nmaupun ribuan dan \nseterusnya.\nDi unduh dari : Bukupaket.com\nKelas IV SD/MI\n38\nContoh 1.16\nTentukan hasil operasi hitung berikut dengan taksiran atas.\na. 16,8 x 2,4 ≈ 17 x 2 = 34\n 16,8 dibulatkan ke atas menjadi 17\n 2,4 dibulatkan ke bawah menjadi 2\nb. 24,7 / 4.9 ≈ 25 / 5 = 5\n 24,7 dibulatkan ke atas menjadi 25\n 4,9 dibulatkan ke atas menjadi 5\nc. 153,7 + 8,2 ≈ 154 + 8 = 162\n 153,7 dibulatkan ke atas menjadi 154\n 8,2 dibulatkan ke bawah menjadi 8\nd. 32,4 ­ 5,5 ≈ 32 - 6 = 26\n 32,4 dibulatkan ke bawah menjadi 32\n 5,5 dibulatkan ke atas menjadi 6\nc. Taksiran Persen\nTaksiran persen adalah menaksir hasil operasi hitung \ndengan cara memb""]",bilangan,0.0,False,True,C1-rag-only
C1,32,4,Pecahan,Pecahan Senilai,Sulit,"Sebuah toko sedang memberikan diskon pada sepatu dan sandal. Diskon untuk sepatu adalah 70%, 50% + 30%, 50%, 30%, 20% + 20%, 20%, dan 10%. Jika diskon untuk sandal adalah 50% + 30%, maka pecahan senilai dari diskon tersebut adalah...?","[""A. 60%"", ""B. 70%"", ""C. 80%"", ""D. 90%""]",C,80%,"[""Diskon untuk sepatu adalah 70% + 50% + 30% + 50% + 30% + 20% + 20% + 10%"", ""70% + 50% + 30% + 50% + 30% + 20% + 20% + 10% = 290%"", ""Diskon untuk sandal adalah 50% + 30%"", ""50% + 30% = 80%""]",80%,"[{""chunk_id"": ""000_0054"", ""source"": ""Buku Matematika Kelas 4 SD.pdf""}, {""chunk_id"": ""000_0023"", ""source"": ""Buku Matematika Kelas 4 SD.pdf""}, {""chunk_id"": ""000_0212"", ""source"": ""Buku Matematika Kelas 4 SD.pdf""}]","[""b adalah \nbilangan bulat dan b ≠ 0.\n2. Bilangan pecahan terdiri dari pecahan senilai, pecahan sederhana, dan \nmembandingkan pecahan.\n3. Pecahan senilai adalah pecahan yang dituliskan dalam bentuk berbeda, \ntetapi mempunyai nilai yang sama.\n4. Pecahan sederhana adalah mengubah pembilang dan penyebut menjadi pecahan \nsenilai yang paling kecil.\n5. Bentuk pecahan meliputi pecahan biasa, pecahan campuran, pecahan desimal, \ndan persen.\n6. Pecahan biasa adalah pecahan yang pembilang dan penyebutnya merupakan \nbilangan bulat.\n7. Pecahan campuran adalah pecahan yang terdiri atas bilangan bulat dan pecahan, \ndapat ditulis \na \nb\nc = (a x c) + b\nc \ndengan ketentuan a,b,c adalah bilangan bulat dan c ≠ 0.\n8. Pecahan desimal adalah pecahan yang nilai penyebutnya adalah 10, 100, 1000, dan \nseterusnya yang ditulis dengan menggunakan tanda koma.\nDi unduh dari : Bukupaket.com\nKelas IV SD/MI\n44\n9. Persen ad"", ""! Gunakan kalimatmu sendiri. \nKerjakan di buku tugasmu.\nPengamatan 4\nPerhatikan gambar dan bacaan berikut!\nGambar 1.11 Sepatu Diskon\nSumber : dokumentasi penulis\nDi unduh dari : Bukupaket.com\nKelas IV SD/MI\n22\nHari ini ada diskon untuk pembelian sepatu dan \nsandal. Pengunjung berbondong-bondong untuk \nmemilih dan membelinya. Pembelian diberi diskon untuk \npembelian sepatu sebesar 70%, 50% + 30%, 50%, 30%, \n20% + 20%, 20%, dan 10% (Gambar 1.11). \nTulis ulang bacaan di atas! Gunakan kalimatmu sendiri. \nKerjakan di buku tugasmu.\nAyo Menanya\nBerikut ini contoh pertanyaan tentang bentuk pecahan.\n1. Apa saja bentuk pecahan?\n2. Bagaimana mengubah pecahan biasa ke bentuk \npersen?\nBuatlah pertanyaan lainnya!\nAyo Menalar\n1. Pecahan Biasa\nBentuk pecahan yang telah dipelajari sebelum nya \nmerupakan pecahan biasa. Pecahan biasa adalah pecahan \nyang pembilang dan penyebutnya merupakan bilangan \nbulat."", ""ri : Bukupaket.com\nKelas IV SD/MI\n158\nBacalah dengan saksama\nPerhatikan gambar dan bacaan berikut!\nGambar 5.1 Pemilihan Ketua Kelas\nSumber: kemendikbud.go.id\n Hari ini, siswa kelas 4 duduk rapi dan suasana di kelas \nsangat tenang. Pergantian pengurus dilakukan setiap tiga \nbulan sekali untuk memberi kesempatan seluruh siswa \nmenjadi pengurus kelas dan juga melatih rasa percaya diri \nsetiap siswa.\n Setiap siswa diberi selembar kertas untuk mengisi \nnama calon ketua kelas yang akan dipilih. Setelah itu, \nkertas dikumpulkan, kemudian dilakukan perhitungan \nsuara untuk setiap calon ketua kelas. Agar memudahkan \ndalam pendataan, hasil perolehan suara calon ketua \nkelas ditulis di papan tulis dalam bentuk tabel. Dapatkah \nkamu membaca dan menyajikan data tersebut dalam \nbentuk diagram batang? Temukan jawabannya dalam \npembahasan materi ini.\nDi unduh dari : Bukupaket.com\nMatematika • Statistika"", ""otongan pizza di atas dapat digambar dengan lingkaran \nberikut.\nManakah pecahan yang lebih besar nilainya?\nDi unduh dari : Bukupaket.com\nKelas IV SD/MI\n18\nMenjadi Menjadi\ndengan\n 2\n1 > 4\n1\nContoh 1.5\na.\nlebih besar atau ... > ...\nb.\nDi unduh dari : Bukupaket.com\nMatematika • Pecahan\n19\nc.\nAyo Mencoba\n1. Tentukan 3 pecahan yang senilai dengan pecahan \nberikut.\n a. 1\n2 b. 9 \n12 c. 1\n5 d. \n10\n14\n2. Sederhanakan pecahan berikut menjadi pecahan \npaling sederhana.\n a. \n 8 \n56 b. 20\n35 c. 13\n52 d. \n10\n14\n3. Berilah tanda >, <, atau = pada dua pecahan di bawah \nini\n a. \n1\n5 ... 4\n5 b. \n 8 \n10 ... 4\n5 c. \n 4 \n36 ... 2\n9 d. \n10\n14 ... \n15\n28\n \n \nB. Bentuk Pecahan\nAda 5 tahapan yang harus kalian lakukan untuk mema­\nhami bentuk pecahan meliputi pecahan biasa, pecahan \ncampuran, pecahan desimal dan persen. Kelima langkah \ntersebut adalah mengamati, menanya, menalar, mencoba, \ndan mengkomunikasikan.\nT"", "" 10\n5\n. \nSedangkan pizza B yang belum dimakan adalah \n1 dari 2 bagian atau dapat ditulis dalam bentuk \npecahan 2\n1\n. Kedua pizza tersebut dapat di- \nnyatakan dalam gambar berikut.\nDi unduh dari : Bukupaket.com\nKelas IV SD/MI\n12\nPizza A Pizza B\n 5 \n10\n1\n2\nCoba perhatikan gambar di atas! Bagaimana besar kedua \nbagian lingkaran yang diarsir?\nApakah pecahan 5 \n10 sama dengan 1\n2 ? Jelaskan!\nCoba kalian buat kesimpulan dari pengamatan 1 dan \n2 di buku tulismu. Bandingkan kesimpulanmu dengan \npenjelasan gurumu. Pecahan yang dituliskan dalam \nbentuk berbeda, tetapi mempunyai nilai yang sama \ndinamakan pecahan senilai.\nContoh 1.3\nTuliskan pecahan yang senilai dengan daerah yang \nberwarna di bawah ini!\na.\nb.\nTahukah Kalian\nAyo bereksplorasi, \ntentukan pecahan \nsenilai dengan pecahan \nDi unduh dari : Bukupaket.com\nMatematika • Pecahan\n13\nPenyelesaian\na.\n6\n9\n4\n6\n2\n3\nb.\n1\n3\n2\n6\n3\n9\n 4 \n12= = =\n2. Me""]",pecahan,0.0,False,False,C1-rag-only
C1,33,4,aritmetika sosial,untung,sulit,"Sebuah toko menjual buku dengan harga awal Rp 16.800. Jika buku tersebut dibeli oleh seorang pelanggan dengan taksiran atas, berapa harga yang harus dibayar pelanggan?","[""A. Rp 16.500"", ""B. Rp 16.800"", ""C. Rp 17.000"", ""D. Rp 17.500""]",C,Rp 17.000,"[""Buku asli dijual dengan harga Rp 16.800"", ""Untuk pembulatan ke atas, kita ubah 16.800 menjadi 17.000"", ""Jadi, harga yang harus dibayar pelanggan adalah Rp 17.000""]",17.000,"[{""chunk_id"": ""000_0045"", ""source"": ""Buku Matematika Kelas 4 SD.pdf""}, {""chunk_id"": ""000_0231"", ""source"": ""Buku Matematika Kelas 4 SD.pdf""}, {""chunk_id"": ""000_0212"", ""source"": ""Buku Matematika Kelas 4 SD.pdf""}]","[""erhatikan nilai \nsatuan, puluhan, atau \nratusan dan seterusnya. \nJika angka kurang dari \n5 (4,3,2,1) maka angka \npada pembulatan \ndihilangkan dan jika \nangka lebih dari sama \ndengan 5 (5,6,7,8,9) \nmaka angka pada \npembulatan ditambah \n1 baik puluhan, ratusan, \nmaupun ribuan dan \nseterusnya.\nDi unduh dari : Bukupaket.com\nKelas IV SD/MI\n38\nContoh 1.16\nTentukan hasil operasi hitung berikut dengan taksiran atas.\na. 16,8 x 2,4 ≈ 17 x 2 = 34\n 16,8 dibulatkan ke atas menjadi 17\n 2,4 dibulatkan ke bawah menjadi 2\nb. 24,7 / 4.9 ≈ 25 / 5 = 5\n 24,7 dibulatkan ke atas menjadi 25\n 4,9 dibulatkan ke atas menjadi 5\nc. 153,7 + 8,2 ≈ 154 + 8 = 162\n 153,7 dibulatkan ke atas menjadi 154\n 8,2 dibulatkan ke bawah menjadi 8\nd. 32,4 ­ 5,5 ≈ 32 - 6 = 26\n 32,4 dibulatkan ke bawah menjadi 32\n 5,5 dibulatkan ke atas menjadi 6\nc. Taksiran Persen\nTaksiran persen adalah menaksir hasil operasi hitung \ndengan cara memb"", ""ikan diagram batang hasil ulangan tengah semester matematika \nkelas 4B dan 4D.\n \n Berapa banyak siswa di kelas 4B?\n Berapa banyak siswa di kelas 4D?\n Berapa banyaknya siswa yang memperoleh nilai 10 di kelas 4D?\n Berapa siswa yang memperoleh nilai tertinggi di kelas 4D?\n6. Diagram di bawah menunjukkan tinggi badan 5 anak dalam satuan cm.\n Ceritakan diagram di atas dengan bahasamu sendiri.\n7. Berikut daftar persediaan buah di toko buah.\n Ceritakan diagram di atas dengan bahasamu sendiri.\nDi unduh dari : Bukupaket.com\nMatematika • Statistika\n173\n8. Di sebuah desa, pada bulan Januari hasil panen padi mencapai 250 ton, panen jagung \nmencapai 255 ton, dan panen singkong 100 ton. Pada bulan Februari hasil panen padi \nmencapai 350 ton, hasil panen jagung 190 ton, dan hasil panen singkong mencapai \n185 ton. Sementara itu pada bulan Maret panen padi menurun 150 ton, hasil panen \njagung 250 ton, da"", ""ri : Bukupaket.com\nKelas IV SD/MI\n158\nBacalah dengan saksama\nPerhatikan gambar dan bacaan berikut!\nGambar 5.1 Pemilihan Ketua Kelas\nSumber: kemendikbud.go.id\n Hari ini, siswa kelas 4 duduk rapi dan suasana di kelas \nsangat tenang. Pergantian pengurus dilakukan setiap tiga \nbulan sekali untuk memberi kesempatan seluruh siswa \nmenjadi pengurus kelas dan juga melatih rasa percaya diri \nsetiap siswa.\n Setiap siswa diberi selembar kertas untuk mengisi \nnama calon ketua kelas yang akan dipilih. Setelah itu, \nkertas dikumpulkan, kemudian dilakukan perhitungan \nsuara untuk setiap calon ketua kelas. Agar memudahkan \ndalam pendataan, hasil perolehan suara calon ketua \nkelas ditulis di papan tulis dalam bentuk tabel. Dapatkah \nkamu membaca dan menyajikan data tersebut dalam \nbentuk diagram batang? Temukan jawabannya dalam \npembahasan materi ini.\nDi unduh dari : Bukupaket.com\nMatematika • Statistika"", ""i Jumat, Sabtu dan Minggu?\nDi unduh dari : Bukupaket.com\nKelas IV SD/MI\n174\n12. Diketahui suatu data : 6, 7, 9, 8, 8, 7, 10, 7, 11, 12, 8. Sajikan data tersebut dalam \nbentuk tabel dan diagram batang!\n13. Data banyaknya kelahiran bayi di salah satu kecamatan disajikan dalam diagram \nbatang berikut!\nBanyak Kelahiran\n Banyak kelahiran bayi selama 5 tahun adalah …\n14. Data nilai ulangan matematika kelas 4 disajikan dalam diagram batang berikut!\nJika kriteria ketuntasan minimal nilai matematika 70, berapakah banyak siswa yang \ntidak ikut remidi?\n15. Diagram batang berikut menyajikan data banyak siswa di SD Balikpapan. Sajikan \ndiagram batang di bawah ini dalam bentuk tabel! Berapakah selisih data banyak \nsiswa kelas 4 dan kelas 5?\nDi unduh dari : Bukupaket.com\nMatematika • Statistika\n175\n16. Tabel berikut menunjukkan hasil panen sayur-sayuran di suatu daerah. Sajikan tabel \ntersebut dalam di"", ""20 ­ 40 tahun di suatu daerah selama 5 tahun disajikan dalam \ndiagram berikut ini.\na. Berapakah selisih penduduk laki-laki & perempuan pada tahun 2017\nb. Pada tahun berapakah jumlah penduduk terbanyak?\n20. Data tinggi badan siswa kelas IV disajikan dalam diagram berikut. Jika banyak siswa \nkelas IV seluruhnya adalah 60, maka berapa banyak siswa kelas IV yang mempunyai \ntinggi badan 132 cm?\nTugas Berkelompok\nPetunjuk\n1. Tulislah jawaban latihan soal di buku tulis dengan bahasamu sendiri.\n2. Tukarkan jawaban dengan teman sebangkumu.\n3. Bandingkan dan diskusikan hasil pekerjaanmu.\nDi unduh dari : Bukupaket.com\nMatematika • Pengukuran Sudut\n177\nPengukuran \nSudut \n 6\nDi kelas 3 kalian telah mempelajari \ntentang jenis-jenis sudut dan \npengukuran sudut dengan satuan \ntidak baku. Sekarang kalian akan \nmempelajari lebih jauh lagi tentang \npengukuran sudut dengan busur \nderajat. Pada bangun datar,""]",aritmetika_sosial,0.0,False,False,C1-rag-only
C1,34,4,perkalian_pembagian,menggunakan perkalian untuk membagi,sedang,"Sebuah kelas memiliki 30 siswa. Jika setiap siswa dibagi menjadi 5 kelompok, berapa jumlah kelompok yang terbentuk?","[""A. 6"", ""B. 10"", ""C. 15"", ""D. 20""]",A,6,"[""Jumlah siswa = 30"", ""Jumlah kelompok = Jumlah siswa ÷ Jumlah siswa per kelompok"", ""Jumlah kelompok = 30 ÷ 5""]",6,"[{""chunk_id"": ""000_0212"", ""source"": ""Buku Matematika Kelas 4 SD.pdf""}, {""chunk_id"": ""000_0054"", ""source"": ""Buku Matematika Kelas 4 SD.pdf""}, {""chunk_id"": ""000_0023"", ""source"": ""Buku Matematika Kelas 4 SD.pdf""}]","[""ri : Bukupaket.com\nKelas IV SD/MI\n158\nBacalah dengan saksama\nPerhatikan gambar dan bacaan berikut!\nGambar 5.1 Pemilihan Ketua Kelas\nSumber: kemendikbud.go.id\n Hari ini, siswa kelas 4 duduk rapi dan suasana di kelas \nsangat tenang. Pergantian pengurus dilakukan setiap tiga \nbulan sekali untuk memberi kesempatan seluruh siswa \nmenjadi pengurus kelas dan juga melatih rasa percaya diri \nsetiap siswa.\n Setiap siswa diberi selembar kertas untuk mengisi \nnama calon ketua kelas yang akan dipilih. Setelah itu, \nkertas dikumpulkan, kemudian dilakukan perhitungan \nsuara untuk setiap calon ketua kelas. Agar memudahkan \ndalam pendataan, hasil perolehan suara calon ketua \nkelas ditulis di papan tulis dalam bentuk tabel. Dapatkah \nkamu membaca dan menyajikan data tersebut dalam \nbentuk diagram batang? Temukan jawabannya dalam \npembahasan materi ini.\nDi unduh dari : Bukupaket.com\nMatematika • Statistika"", ""b adalah \nbilangan bulat dan b ≠ 0.\n2. Bilangan pecahan terdiri dari pecahan senilai, pecahan sederhana, dan \nmembandingkan pecahan.\n3. Pecahan senilai adalah pecahan yang dituliskan dalam bentuk berbeda, \ntetapi mempunyai nilai yang sama.\n4. Pecahan sederhana adalah mengubah pembilang dan penyebut menjadi pecahan \nsenilai yang paling kecil.\n5. Bentuk pecahan meliputi pecahan biasa, pecahan campuran, pecahan desimal, \ndan persen.\n6. Pecahan biasa adalah pecahan yang pembilang dan penyebutnya merupakan \nbilangan bulat.\n7. Pecahan campuran adalah pecahan yang terdiri atas bilangan bulat dan pecahan, \ndapat ditulis \na \nb\nc = (a x c) + b\nc \ndengan ketentuan a,b,c adalah bilangan bulat dan c ≠ 0.\n8. Pecahan desimal adalah pecahan yang nilai penyebutnya adalah 10, 100, 1000, dan \nseterusnya yang ditulis dengan menggunakan tanda koma.\nDi unduh dari : Bukupaket.com\nKelas IV SD/MI\n44\n9. Persen ad"", ""! Gunakan kalimatmu sendiri. \nKerjakan di buku tugasmu.\nPengamatan 4\nPerhatikan gambar dan bacaan berikut!\nGambar 1.11 Sepatu Diskon\nSumber : dokumentasi penulis\nDi unduh dari : Bukupaket.com\nKelas IV SD/MI\n22\nHari ini ada diskon untuk pembelian sepatu dan \nsandal. Pengunjung berbondong-bondong untuk \nmemilih dan membelinya. Pembelian diberi diskon untuk \npembelian sepatu sebesar 70%, 50% + 30%, 50%, 30%, \n20% + 20%, 20%, dan 10% (Gambar 1.11). \nTulis ulang bacaan di atas! Gunakan kalimatmu sendiri. \nKerjakan di buku tugasmu.\nAyo Menanya\nBerikut ini contoh pertanyaan tentang bentuk pecahan.\n1. Apa saja bentuk pecahan?\n2. Bagaimana mengubah pecahan biasa ke bentuk \npersen?\nBuatlah pertanyaan lainnya!\nAyo Menalar\n1. Pecahan Biasa\nBentuk pecahan yang telah dipelajari sebelum nya \nmerupakan pecahan biasa. Pecahan biasa adalah pecahan \nyang pembilang dan penyebutnya merupakan bilangan \nbulat."", ""20 ­ 40 tahun di suatu daerah selama 5 tahun disajikan dalam \ndiagram berikut ini.\na. Berapakah selisih penduduk laki-laki & perempuan pada tahun 2017\nb. Pada tahun berapakah jumlah penduduk terbanyak?\n20. Data tinggi badan siswa kelas IV disajikan dalam diagram berikut. Jika banyak siswa \nkelas IV seluruhnya adalah 60, maka berapa banyak siswa kelas IV yang mempunyai \ntinggi badan 132 cm?\nTugas Berkelompok\nPetunjuk\n1. Tulislah jawaban latihan soal di buku tulis dengan bahasamu sendiri.\n2. Tukarkan jawaban dengan teman sebangkumu.\n3. Bandingkan dan diskusikan hasil pekerjaanmu.\nDi unduh dari : Bukupaket.com\nMatematika • Pengukuran Sudut\n177\nPengukuran \nSudut \n 6\nDi kelas 3 kalian telah mempelajari \ntentang jenis-jenis sudut dan \npengukuran sudut dengan satuan \ntidak baku. Sekarang kalian akan \nmempelajari lebih jauh lagi tentang \npengukuran sudut dengan busur \nderajat. Pada bangun datar,"", ""in mengenai data\ntersebut yang tidak\ntertulis pada tabel.\nDi unduh dari : Bukupaket.com\nMatematika • Statistika\n163\nGuru matematika di kelas Edo membagikan hasil ujian \nmatematika dan mendata nilai hasil ujian matematika \nsiswa kelas 4A. Dari 32 siswa, 2 siswa mendapat nilai 50, \n11 siswa mendapat nilai 65, 10 siswa mendapat nilai 70, \n6 siswa mendapat nilai 80, dan sisanya mendapat nilai 75. \nGuru di kelas Edo ingin melihat perbandingan nilai yang \ndiperoleh siswa dengan lebih mudah.\nTulis ulang bacaan di atas! Gunakan kalimat sendiri.\nKerjakan di buku tulismu.\nPengamatan 2\nPerhatikan gambar dan bacaan berikut ini.\nGambar 5.4 Kendaraan di Jalan\nSumber: dokumentasi penulis\n Guru di kelas Udin mengajak siswa-siswanya belajar \ndi luar kelas. Beliau meminta siswa-siswanya mencatat \nbanyaknya kendaraan yang lewat di Jalan PB Sudirman \nsetiap 10 menit. Udin mencatat becak yang lewat \nsebanyak""]",perkalian_pembagian,0.0,False,True,C1-rag-only
C1,35,4,aritmetika sosial,harga pembelian,sulit,"Edo memiliki uang Rp10.000,00. Berikut adalah taksiran atas harga buku tulis per buku:
- Buku ke-1: Rp4.550,00
- Buku ke-2: Rp2.250,00
- Buku ke-3: Rp2.750,00
- Buku ke-4: Rp1.750,00
Edo ingin membeli semua buku tersebut. Berapakah taksiran atas harga total pembelian buku Edo?","[""A. Rp8.000,00"", ""B. Rp9.000,00"", ""C. Rp10.000,00"", ""D. Rp13.000,00""]",D,"Rp13.000,00","[""Taksir harga buku tulis per buku:"", ""- Buku ke-1: Rp4.550,00 → Rp5.000,00"", ""- Buku ke-2: Rp2.250,00 → Rp3.000,00"", ""- Buku ke-3: Rp2.750,00 → Rp3.000,00"", ""- Buku ke-4: Rp1.750,00 → Rp2.000,00"", ""Hitung taksiran atas harga total pembelian:"", ""Rp5.000,00 + Rp3.000,00 + Rp3.000,00 + Rp2.000,00 = Rp13.000,00""]",13.000,"[{""chunk_id"": ""000_0039"", ""source"": ""Buku Matematika Kelas 4 SD.pdf""}, {""chunk_id"": ""000_0036"", ""source"": ""Buku Matematika Kelas 4 SD.pdf""}, {""chunk_id"": ""000_0212"", ""source"": ""Buku Matematika Kelas 4 SD.pdf""}]","["" menjadi 10. \n28 dibulatkan ke bawah menjadi 20.\nDi unduh dari : Bukupaket.com\nKelas IV SD/MI\n34\nb. 61 / 27 ≈ 60 / 20 = 3 \n 61 dibulatkan ke bawah menjadi 60. \n 27 dibulatkan ke bawah menjadi 20.\nc. 37 + 88 ≈ 30 + 80 = 110\n 37 dibulatkan ke bawah menjadi 30.\n 88 dibulatkan ke bawah menjadi 80.\nd. 294 - 58 ≈ 200 - 50 = 150\n 294 dibulatkan ke bawah menjadi 200.\n 58 dibulatkan ke bawah menjadi 50.\nc. Taksiran Terbaik \nEdo memperkirakan harga buku tulis per tama Rp4.600,00, \nharga buku tulis kedua Rp2.300,00, harga buku tulis ketiga \nRp2.800,00. Edo melakukan taksiran terbaik dengan \nmembulatkan semua bilangan di bawahnya untuk satuan, \npuluhan, dan ratusan.\nJika Edo membeli buku tulis pertama, buku \ntulis kedua, dan buku tulis ketiga maka total \npembelian buku sebesar Rp9.700,00. \nJika Edo ingin membeli buku tulis kedua, \nbuku tulis ketiga, dan buku tulis keempat, maka \nberapa perkiraan ter"", "" \nPada Pengamatan 1\nPerhatikan tabel berikut.\nEdo mempunyai uang Rp10.000,00 untuk membeli buku \ntulis. \nTahukah Kalian\nTaksiran atas \ndilakukan dengan \nmembulatkan ke atas \nbilangan-bilangan \ndalam operasi hitung. \nDi unduh dari : Bukupaket.com\nKelas IV SD/MI\n32\nTabel 1.3 Taksiran harga\nHarga (Rp) Taksiran Atas ke \nRibuan Terdekat (Rp)\nBuku ke-1 4.550 5.000\nBuku ke-2 2.250 3.000\nBuku ke-3 2.750 3.000\nBuku ke-4 1.750 2.000\nTulislah buku apa saja yang dapat dibeli oleh Edo sehingga \nharganya tidak melebihi Rp10.000,00 (bisa lebih dari satu \njawaban). Dapatkah Edo membeli keempat buku tulis \ntersebut? \nContoh Taksiran Atas\nTabel 1.4 Taksiran atas\nBilangan Satuan \nTerdekat\nPuluhan \nTerdekat\nRatusan \nTerdekat\nRibuan \nTerdekat\n5.368,5 5.369 5.370 5.400 6.000\n7.568,8 7.569 7.570 7.600 8.000\n8.777,9 8.778 8.780 8.800 9.000\n8.777,1 8.778 8.780 8.800 9.000\nContoh 1.11\nTentukan hasil operasi hitun"", ""ri : Bukupaket.com\nKelas IV SD/MI\n158\nBacalah dengan saksama\nPerhatikan gambar dan bacaan berikut!\nGambar 5.1 Pemilihan Ketua Kelas\nSumber: kemendikbud.go.id\n Hari ini, siswa kelas 4 duduk rapi dan suasana di kelas \nsangat tenang. Pergantian pengurus dilakukan setiap tiga \nbulan sekali untuk memberi kesempatan seluruh siswa \nmenjadi pengurus kelas dan juga melatih rasa percaya diri \nsetiap siswa.\n Setiap siswa diberi selembar kertas untuk mengisi \nnama calon ketua kelas yang akan dipilih. Setelah itu, \nkertas dikumpulkan, kemudian dilakukan perhitungan \nsuara untuk setiap calon ketua kelas. Agar memudahkan \ndalam pendataan, hasil perolehan suara calon ketua \nkelas ditulis di papan tulis dalam bentuk tabel. Dapatkah \nkamu membaca dan menyajikan data tersebut dalam \nbentuk diagram batang? Temukan jawabannya dalam \npembahasan materi ini.\nDi unduh dari : Bukupaket.com\nMatematika • Statistika"", "" biasa, pecahan \ncampuran, pecahan desimal dan persen. Kelima langkah \ntersebut adalah mengamati, menanya, menalar, mencoba, \ndan mengkomunikasikan.\nTahukah Kalian\nPecahan a\nb dikatakan \npecahan yang paling \nsederhanan apabila FPB \n(a,b) =1\nDi unduh dari : Bukupaket.com\nKelas IV SD/MI\n20\nAyo Mengamati\nPengamatan 1\nPerhatikan gambar dan bacaan berikut!\nGambar 1.8 Buah Apel\nSumber : dokumentasi penulis\nDayu membeli apel 1\n2 kg, kemudian Udin juga membeli \napel 3\n4 kg. Berapa kg apel yang mereka beli?\nTulis ulang bacaan di atas! Gunakan kalimatmu sendiri. \nKerjakan di buku tugasmu.\nPengamatan 2\nPerhatikan gambar dan bacaan berikut!\nIbu berbelanja di pasar tradisonal. Ibu membeli \nberas 5 kg, telur 1\n1\n2 kg, bawang putih 1\n4 kg, \ndan bawang merah \n3\n4 kg (Gambar 1.9). Berapa \nkilogram keseluruhan belanja ibu? \nGambar 1.9 Dagangan Pasar\nSumber : dokumentasi penulis\nTulis ulang bacaan di atas!"", ""gan anggota kelompokmu untuk menaksir harga keseluruhan.\nJawablah pertanyaan berikut.\n1. Taksirlah berapa harga sebuah buku tulis, pensil, penggaris dan penghapus \npensil.\n2. Bandingkan hasil penulisan kelompokmu.\n3. Ubahlah setiap harga barang menjadi taksiran persen.\n4. Berapakah jumlah uang yang harus dibayarkan untuk membeli semua barang-barang \ntersebut?\nDi unduh dari : Bukupaket.com\nMatematika • Pecahan\n45\nLatihan Soal\nJawablah pertanyaan berikut dengan tepat!\n1. Bentuk sederhana dari pecahan 16 \n56 adalah … .\n2. Pecahan 27 \n 2 dapat diubah menjadi pecahan campuran, yaitu … .\n3. Bentuk pecahan dari 0,25 adalah … .\n4. Pecahan desimal dari 72% adalah … .\n5. Bentuk desimal dari \n2\n7 adalah … .\n6. 25% dari 240 adalah … .\n7. Dua bilangan pecahan yang senilai dengan \n2\n5 adalah … .\n8. Hasil taksiran dari penjumlahan 5.211 + 1.755 adalah …\n9. Udin membeli tas seharga Rp188.000,00 dengan d""]",aritmetika_sosial,0.0,False,False,C1-rag-only
C1,36,4,pengolahan_data,modus,mudah,"Dalam sebuah rapat, beberapa siswa mewakili kelas dengan nama-nama berikut: Ahmad, Budi, Candra, Dina, Eko, Fajar, Gede, Hesti, Ira, Joko. Nama yang paling sering mewakili kelas disebut sebagai...","[""A. Ahmad"", ""B. Candra"", ""C. Dina"", ""D. Eko""]",B,Candra,"[""Identifikasi semua nama yang mewakili kelas."", ""Hitung berapa kali setiap nama muncul."", ""Nama yang muncul terbanyak disebut modus.""]",Candra,"[{""chunk_id"": ""000_0212"", ""source"": ""Buku Matematika Kelas 4 SD.pdf""}, {""chunk_id"": ""000_0143"", ""source"": ""Buku Matematika Kelas 4 SD.pdf""}, {""chunk_id"": ""000_0045"", ""source"": ""Buku Matematika Kelas 4 SD.pdf""}]","[""ri : Bukupaket.com\nKelas IV SD/MI\n158\nBacalah dengan saksama\nPerhatikan gambar dan bacaan berikut!\nGambar 5.1 Pemilihan Ketua Kelas\nSumber: kemendikbud.go.id\n Hari ini, siswa kelas 4 duduk rapi dan suasana di kelas \nsangat tenang. Pergantian pengurus dilakukan setiap tiga \nbulan sekali untuk memberi kesempatan seluruh siswa \nmenjadi pengurus kelas dan juga melatih rasa percaya diri \nsetiap siswa.\n Setiap siswa diberi selembar kertas untuk mengisi \nnama calon ketua kelas yang akan dipilih. Setelah itu, \nkertas dikumpulkan, kemudian dilakukan perhitungan \nsuara untuk setiap calon ketua kelas. Agar memudahkan \ndalam pendataan, hasil perolehan suara calon ketua \nkelas ditulis di papan tulis dalam bentuk tabel. Dapatkah \nkamu membaca dan menyajikan data tersebut dalam \nbentuk diagram batang? Temukan jawabannya dalam \npembahasan materi ini.\nDi unduh dari : Bukupaket.com\nMatematika • Statistika"", ""langkah tersebut \nadalah mengamati, menanya, menalar, mencoba, dan \nmengkomunikasikan.\nAyo Mengamati\nPengamatan 1\nPerhatikan gambar dan bacaan berikut dengan cermat!\nGambar 4.2 Benda-benda yang ada di kelas\nSumber: dokumentasi penulis\nDi unduh dari : Bukupaket.com\nKelas IV SD/MI\n106\nEdo mengelompokkan beberapa benda yang ada di \nkelasnya seperti tulisan “Welcome to Our Class” , jadwal \npiket, dan penggaris setengah lingkaran. Bentuk benda \napakah yang dipilih oleh Edo?\nTulis ulang bacaan di atas! Gunakan kalimat sendiri. \nKerjakan di buku tulismu. \nPengamatan 2\nPerhatikan gambar dan bacaan berikut dengan cermat!\nGambar 4.3 Contoh-contoh bangun datar\nSumber: dokumentasi penulis\nMeli mengelompokkan beberapa benda yang ada di \nkelasnya seperti jadwal pelajaran, peta Indonesia, penggaris \npanjang, penggaris segitiga, motto “In Our Class” , buku, \ndan meja. Bentuk benda apakah yang dipilih ol"", ""erhatikan nilai \nsatuan, puluhan, atau \nratusan dan seterusnya. \nJika angka kurang dari \n5 (4,3,2,1) maka angka \npada pembulatan \ndihilangkan dan jika \nangka lebih dari sama \ndengan 5 (5,6,7,8,9) \nmaka angka pada \npembulatan ditambah \n1 baik puluhan, ratusan, \nmaupun ribuan dan \nseterusnya.\nDi unduh dari : Bukupaket.com\nKelas IV SD/MI\n38\nContoh 1.16\nTentukan hasil operasi hitung berikut dengan taksiran atas.\na. 16,8 x 2,4 ≈ 17 x 2 = 34\n 16,8 dibulatkan ke atas menjadi 17\n 2,4 dibulatkan ke bawah menjadi 2\nb. 24,7 / 4.9 ≈ 25 / 5 = 5\n 24,7 dibulatkan ke atas menjadi 25\n 4,9 dibulatkan ke atas menjadi 5\nc. 153,7 + 8,2 ≈ 154 + 8 = 162\n 153,7 dibulatkan ke atas menjadi 154\n 8,2 dibulatkan ke bawah menjadi 8\nd. 32,4 ­ 5,5 ≈ 32 - 6 = 26\n 32,4 dibulatkan ke bawah menjadi 32\n 5,5 dibulatkan ke atas menjadi 6\nc. Taksiran Persen\nTaksiran persen adalah menaksir hasil operasi hitung \ndengan cara memb"", ""b adalah \nbilangan bulat dan b ≠ 0.\n2. Bilangan pecahan terdiri dari pecahan senilai, pecahan sederhana, dan \nmembandingkan pecahan.\n3. Pecahan senilai adalah pecahan yang dituliskan dalam bentuk berbeda, \ntetapi mempunyai nilai yang sama.\n4. Pecahan sederhana adalah mengubah pembilang dan penyebut menjadi pecahan \nsenilai yang paling kecil.\n5. Bentuk pecahan meliputi pecahan biasa, pecahan campuran, pecahan desimal, \ndan persen.\n6. Pecahan biasa adalah pecahan yang pembilang dan penyebutnya merupakan \nbilangan bulat.\n7. Pecahan campuran adalah pecahan yang terdiri atas bilangan bulat dan pecahan, \ndapat ditulis \na \nb\nc = (a x c) + b\nc \ndengan ketentuan a,b,c adalah bilangan bulat dan c ≠ 0.\n8. Pecahan desimal adalah pecahan yang nilai penyebutnya adalah 10, 100, 1000, dan \nseterusnya yang ditulis dengan menggunakan tanda koma.\nDi unduh dari : Bukupaket.com\nKelas IV SD/MI\n44\n9. Persen ad"", "" \nPada Pengamatan 1\nPerhatikan tabel berikut.\nEdo mempunyai uang Rp10.000,00 untuk membeli buku \ntulis. \nTahukah Kalian\nTaksiran atas \ndilakukan dengan \nmembulatkan ke atas \nbilangan-bilangan \ndalam operasi hitung. \nDi unduh dari : Bukupaket.com\nKelas IV SD/MI\n32\nTabel 1.3 Taksiran harga\nHarga (Rp) Taksiran Atas ke \nRibuan Terdekat (Rp)\nBuku ke-1 4.550 5.000\nBuku ke-2 2.250 3.000\nBuku ke-3 2.750 3.000\nBuku ke-4 1.750 2.000\nTulislah buku apa saja yang dapat dibeli oleh Edo sehingga \nharganya tidak melebihi Rp10.000,00 (bisa lebih dari satu \njawaban). Dapatkah Edo membeli keempat buku tulis \ntersebut? \nContoh Taksiran Atas\nTabel 1.4 Taksiran atas\nBilangan Satuan \nTerdekat\nPuluhan \nTerdekat\nRatusan \nTerdekat\nRibuan \nTerdekat\n5.368,5 5.369 5.370 5.400 6.000\n7.568,8 7.569 7.570 7.600 8.000\n8.777,9 8.778 8.780 8.800 9.000\n8.777,1 8.778 8.780 8.800 9.000\nContoh 1.11\nTentukan hasil operasi hitun""]",pengolahan_data,0.0,False,False,C1-rag-only
C1,37,4,pengolahan_data,rata-rata,sulit,"Sebuah kelas memiliki 30 siswa. Hasil ulangan matematika siswa dinyatakan dalam tabel berikut. Berapa rata-rata nilai ulangan matematika siswa tersebut?

| Nilai | Jumlah Siswa |
|-------|--------------|
|   80  |       5      |
|   85  |       10     |
|   90  |       15     |
|   95  |       10     |
|   100 |       10     |","[""A. 85"", ""B. 90"", ""C. 95"", ""D. 100""]",B,90,"[""1. Hitung jumlah semua nilai yang diberikan."", ""2. Hitung total jumlah siswa yang mengerjakan ulangan."", ""3. Rata-rata = Jumlah nilai / Jumlah siswa.""]",90,"[{""chunk_id"": ""000_0212"", ""source"": ""Buku Matematika Kelas 4 SD.pdf""}, {""chunk_id"": ""000_0214"", ""source"": ""Buku Matematika Kelas 4 SD.pdf""}]","[""ri : Bukupaket.com\nKelas IV SD/MI\n158\nBacalah dengan saksama\nPerhatikan gambar dan bacaan berikut!\nGambar 5.1 Pemilihan Ketua Kelas\nSumber: kemendikbud.go.id\n Hari ini, siswa kelas 4 duduk rapi dan suasana di kelas \nsangat tenang. Pergantian pengurus dilakukan setiap tiga \nbulan sekali untuk memberi kesempatan seluruh siswa \nmenjadi pengurus kelas dan juga melatih rasa percaya diri \nsetiap siswa.\n Setiap siswa diberi selembar kertas untuk mengisi \nnama calon ketua kelas yang akan dipilih. Setelah itu, \nkertas dikumpulkan, kemudian dilakukan perhitungan \nsuara untuk setiap calon ketua kelas. Agar memudahkan \ndalam pendataan, hasil perolehan suara calon ketua \nkelas ditulis di papan tulis dalam bentuk tabel. Dapatkah \nkamu membaca dan menyajikan data tersebut dalam \nbentuk diagram batang? Temukan jawabannya dalam \npembahasan materi ini.\nDi unduh dari : Bukupaket.com\nMatematika • Statistika"", "" \nPada Pengamatan 1\nPerhatikan tabel berikut.\nEdo mempunyai uang Rp10.000,00 untuk membeli buku \ntulis. \nTahukah Kalian\nTaksiran atas \ndilakukan dengan \nmembulatkan ke atas \nbilangan-bilangan \ndalam operasi hitung. \nDi unduh dari : Bukupaket.com\nKelas IV SD/MI\n32\nTabel 1.3 Taksiran harga\nHarga (Rp) Taksiran Atas ke \nRibuan Terdekat (Rp)\nBuku ke-1 4.550 5.000\nBuku ke-2 2.250 3.000\nBuku ke-3 2.750 3.000\nBuku ke-4 1.750 2.000\nTulislah buku apa saja yang dapat dibeli oleh Edo sehingga \nharganya tidak melebihi Rp10.000,00 (bisa lebih dari satu \njawaban). Dapatkah Edo membeli keempat buku tulis \ntersebut? \nContoh Taksiran Atas\nTabel 1.4 Taksiran atas\nBilangan Satuan \nTerdekat\nPuluhan \nTerdekat\nRatusan \nTerdekat\nRibuan \nTerdekat\n5.368,5 5.369 5.370 5.400 6.000\n7.568,8 7.569 7.570 7.600 8.000\n8.777,9 8.778 8.780 8.800 9.000\n8.777,1 8.778 8.780 8.800 9.000\nContoh 1.11\nTentukan hasil operasi hitun"", ""ministratif dan pemerintahan.\nPengumpulan data terus berlanjut, khususnya melalui \nsensus yang dilakukan secara teratur untuk memberi \ninformasi kependudukan yang berubah setiap saat.\nPada tahun 1662 John Graunt merupakan orang \npertama yang menyortir data ke dalam tabel. Dia juga \nmembicarakan tentang reliabilitas data.\nSumber: http://www.marthamatika.com Diakses 25/11/2017 pukul 21.35\nJOHN GRAUNT\nA. Membaca dan Menafsirkan Data\nAda 5 tahapan yang harus kalian lakukan untuk \nmembaca dan menafsirkan data. Kelima langkah tersebut \nadalah mengamati, menanya, menalar, mencoba, dan \nmengkomunikasikan.\nDi unduh dari : Bukupaket.com\nKelas IV SD/MI\n160\nAyo Mengamati\nPengamatan\nPerhatikan gambar dan bacaan berikut dengan cermat!\nGambar 5.2 Suasana Ujian di Kelas\nSumber: dokumentasi penulis\nDi suatu kelas, terdapat 33 siswa yang mengikuti ujian \nmatematika. Dari data yang diperoleh, nilai dari 33"", ""ikan diagram batang hasil ulangan tengah semester matematika \nkelas 4B dan 4D.\n \n Berapa banyak siswa di kelas 4B?\n Berapa banyak siswa di kelas 4D?\n Berapa banyaknya siswa yang memperoleh nilai 10 di kelas 4D?\n Berapa siswa yang memperoleh nilai tertinggi di kelas 4D?\n6. Diagram di bawah menunjukkan tinggi badan 5 anak dalam satuan cm.\n Ceritakan diagram di atas dengan bahasamu sendiri.\n7. Berikut daftar persediaan buah di toko buah.\n Ceritakan diagram di atas dengan bahasamu sendiri.\nDi unduh dari : Bukupaket.com\nMatematika • Statistika\n173\n8. Di sebuah desa, pada bulan Januari hasil panen padi mencapai 250 ton, panen jagung \nmencapai 255 ton, dan panen singkong 100 ton. Pada bulan Februari hasil panen padi \nmencapai 350 ton, hasil panen jagung 190 ton, dan hasil panen singkong mencapai \n185 ton. Sementara itu pada bulan Maret panen padi menurun 150 ton, hasil panen \njagung 250 ton, da"", ""i Jumat, Sabtu dan Minggu?\nDi unduh dari : Bukupaket.com\nKelas IV SD/MI\n174\n12. Diketahui suatu data : 6, 7, 9, 8, 8, 7, 10, 7, 11, 12, 8. Sajikan data tersebut dalam \nbentuk tabel dan diagram batang!\n13. Data banyaknya kelahiran bayi di salah satu kecamatan disajikan dalam diagram \nbatang berikut!\nBanyak Kelahiran\n Banyak kelahiran bayi selama 5 tahun adalah …\n14. Data nilai ulangan matematika kelas 4 disajikan dalam diagram batang berikut!\nJika kriteria ketuntasan minimal nilai matematika 70, berapakah banyak siswa yang \ntidak ikut remidi?\n15. Diagram batang berikut menyajikan data banyak siswa di SD Balikpapan. Sajikan \ndiagram batang di bawah ini dalam bentuk tabel! Berapakah selisih data banyak \nsiswa kelas 4 dan kelas 5?\nDi unduh dari : Bukupaket.com\nMatematika • Statistika\n175\n16. Tabel berikut menunjukkan hasil panen sayur-sayuran di suatu daerah. Sajikan tabel \ntersebut dalam di""]",pengolahan_data,0.0,False,True,C1-rag-only
C1,38,4,perkalian_pembagian,mengenal perkalian dan pembagian,sedang,"Sebuah toko menjual sepatu dengan diskon. Jika sepatu awalnya bernilai Rp 50.000 dan mendapatkan diskon 30%, berapakah harga sepatu setelah mendapatkan diskon tersebut?","[""A. Rp 30.000"", ""B. Rp 35.000"", ""C. Rp 40.000"", ""D. Rp 45.000""]",B,35.000,"[""Hitunglah diskon yang diterima: 30% dari Rp 50.000"", ""Diskon = 30/100 x 50.000 = 15.000"", ""Harga setelah diskon = Harga semula - Diskon"", ""Harga setelah diskon = 50.000 - 15.000 = 35.000""]",35.000,"[{""chunk_id"": ""000_0023"", ""source"": ""Buku Matematika Kelas 4 SD.pdf""}, {""chunk_id"": ""000_0212"", ""source"": ""Buku Matematika Kelas 4 SD.pdf""}]","[""ri : Bukupaket.com\nKelas IV SD/MI\n158\nBacalah dengan saksama\nPerhatikan gambar dan bacaan berikut!\nGambar 5.1 Pemilihan Ketua Kelas\nSumber: kemendikbud.go.id\n Hari ini, siswa kelas 4 duduk rapi dan suasana di kelas \nsangat tenang. Pergantian pengurus dilakukan setiap tiga \nbulan sekali untuk memberi kesempatan seluruh siswa \nmenjadi pengurus kelas dan juga melatih rasa percaya diri \nsetiap siswa.\n Setiap siswa diberi selembar kertas untuk mengisi \nnama calon ketua kelas yang akan dipilih. Setelah itu, \nkertas dikumpulkan, kemudian dilakukan perhitungan \nsuara untuk setiap calon ketua kelas. Agar memudahkan \ndalam pendataan, hasil perolehan suara calon ketua \nkelas ditulis di papan tulis dalam bentuk tabel. Dapatkah \nkamu membaca dan menyajikan data tersebut dalam \nbentuk diagram batang? Temukan jawabannya dalam \npembahasan materi ini.\nDi unduh dari : Bukupaket.com\nMatematika • Statistika"", ""b adalah \nbilangan bulat dan b ≠ 0.\n2. Bilangan pecahan terdiri dari pecahan senilai, pecahan sederhana, dan \nmembandingkan pecahan.\n3. Pecahan senilai adalah pecahan yang dituliskan dalam bentuk berbeda, \ntetapi mempunyai nilai yang sama.\n4. Pecahan sederhana adalah mengubah pembilang dan penyebut menjadi pecahan \nsenilai yang paling kecil.\n5. Bentuk pecahan meliputi pecahan biasa, pecahan campuran, pecahan desimal, \ndan persen.\n6. Pecahan biasa adalah pecahan yang pembilang dan penyebutnya merupakan \nbilangan bulat.\n7. Pecahan campuran adalah pecahan yang terdiri atas bilangan bulat dan pecahan, \ndapat ditulis \na \nb\nc = (a x c) + b\nc \ndengan ketentuan a,b,c adalah bilangan bulat dan c ≠ 0.\n8. Pecahan desimal adalah pecahan yang nilai penyebutnya adalah 10, 100, 1000, dan \nseterusnya yang ditulis dengan menggunakan tanda koma.\nDi unduh dari : Bukupaket.com\nKelas IV SD/MI\n44\n9. Persen ad"", ""! Gunakan kalimatmu sendiri. \nKerjakan di buku tugasmu.\nPengamatan 4\nPerhatikan gambar dan bacaan berikut!\nGambar 1.11 Sepatu Diskon\nSumber : dokumentasi penulis\nDi unduh dari : Bukupaket.com\nKelas IV SD/MI\n22\nHari ini ada diskon untuk pembelian sepatu dan \nsandal. Pengunjung berbondong-bondong untuk \nmemilih dan membelinya. Pembelian diberi diskon untuk \npembelian sepatu sebesar 70%, 50% + 30%, 50%, 30%, \n20% + 20%, 20%, dan 10% (Gambar 1.11). \nTulis ulang bacaan di atas! Gunakan kalimatmu sendiri. \nKerjakan di buku tugasmu.\nAyo Menanya\nBerikut ini contoh pertanyaan tentang bentuk pecahan.\n1. Apa saja bentuk pecahan?\n2. Bagaimana mengubah pecahan biasa ke bentuk \npersen?\nBuatlah pertanyaan lainnya!\nAyo Menalar\n1. Pecahan Biasa\nBentuk pecahan yang telah dipelajari sebelum nya \nmerupakan pecahan biasa. Pecahan biasa adalah pecahan \nyang pembilang dan penyebutnya merupakan bilangan \nbulat."", ""20 ­ 40 tahun di suatu daerah selama 5 tahun disajikan dalam \ndiagram berikut ini.\na. Berapakah selisih penduduk laki-laki & perempuan pada tahun 2017\nb. Pada tahun berapakah jumlah penduduk terbanyak?\n20. Data tinggi badan siswa kelas IV disajikan dalam diagram berikut. Jika banyak siswa \nkelas IV seluruhnya adalah 60, maka berapa banyak siswa kelas IV yang mempunyai \ntinggi badan 132 cm?\nTugas Berkelompok\nPetunjuk\n1. Tulislah jawaban latihan soal di buku tulis dengan bahasamu sendiri.\n2. Tukarkan jawaban dengan teman sebangkumu.\n3. Bandingkan dan diskusikan hasil pekerjaanmu.\nDi unduh dari : Bukupaket.com\nMatematika • Pengukuran Sudut\n177\nPengukuran \nSudut \n 6\nDi kelas 3 kalian telah mempelajari \ntentang jenis-jenis sudut dan \npengukuran sudut dengan satuan \ntidak baku. Sekarang kalian akan \nmempelajari lebih jauh lagi tentang \npengukuran sudut dengan busur \nderajat. Pada bangun datar,"", ""in mengenai data\ntersebut yang tidak\ntertulis pada tabel.\nDi unduh dari : Bukupaket.com\nMatematika • Statistika\n163\nGuru matematika di kelas Edo membagikan hasil ujian \nmatematika dan mendata nilai hasil ujian matematika \nsiswa kelas 4A. Dari 32 siswa, 2 siswa mendapat nilai 50, \n11 siswa mendapat nilai 65, 10 siswa mendapat nilai 70, \n6 siswa mendapat nilai 80, dan sisanya mendapat nilai 75. \nGuru di kelas Edo ingin melihat perbandingan nilai yang \ndiperoleh siswa dengan lebih mudah.\nTulis ulang bacaan di atas! Gunakan kalimat sendiri.\nKerjakan di buku tulismu.\nPengamatan 2\nPerhatikan gambar dan bacaan berikut ini.\nGambar 5.4 Kendaraan di Jalan\nSumber: dokumentasi penulis\n Guru di kelas Udin mengajak siswa-siswanya belajar \ndi luar kelas. Beliau meminta siswa-siswanya mencatat \nbanyaknya kendaraan yang lewat di Jalan PB Sudirman \nsetiap 10 menit. Udin mencatat becak yang lewat \nsebanyak""]",perkalian_pembagian,0.0,False,True,C1-rag-only
C1,39,4,Pecahan,Pengurangan pecahan,mudah,"Hasil dari 15
20 - 5
20 adalah...","[""A. 1\n4"", ""B. 2\n4"", ""C. 3\n4"", ""D. 1\n2""]",D,"1
2","[""Langkah 1: Sederhanakan masing-masing pecahan terlebih dahulu."", ""Pecahan 15\n20 dapat disederhanakan menjadi 3\n4 karena pembilang dan penyebut dapat dibagi dengan 5."", ""Pecahan 5\n20 dapat disederhanakan menjadi 1\n4 karena pembilang dan penyebut dapat dibagi dengan 5."", ""Langkah 2: Kurangkan pecahan yang sudah disederhanakan."", ""3\n4 - 1\n4 = 2\n4"", ""Langkah 3: Sederhanakan hasil kurangannya."", ""2\n4 dapat disederhanakan menjadi 1\n2 karena pembilang dan penyebut dapat dibagi dengan 2.""]",1/2,"[{""chunk_id"": ""000_0018"", ""source"": ""Buku Matematika Kelas 4 SD.pdf""}, {""chunk_id"": ""000_0054"", ""source"": ""Buku Matematika Kelas 4 SD.pdf""}, {""chunk_id"": ""000_0023"", ""source"": ""Buku Matematika Kelas 4 SD.pdf""}]","[""n\nCara menyederhanakan \npecahan adalah \nmembagi pembilang \ndan penyebut dengan \nbilangan prima (2, 3, \n5, ...), sehingga tidak \ndapat dibagi lagi oleh \nbilangan prima yang \nlain.\nDi unduh dari : Bukupaket.com\nKelas IV SD/MI\n16\nJadi, pecahan 2\n4 mempunyai bentuk paling sederhana \nyaitu 1\n2 .\nDapatkah kalian menentukan pecahan paling sederhana \ndari \n15\n20?\nContoh 1.4\nTentukan pecahan paling sederhana dari pecahan di \nbawah ini. \n10\n20\n10 : 10\n20 : 10\n1\n2= =\n16\n24\n16 : 8\n24 : 8\n2\n3= =\n 9 \n27\n 9 : 9 \n27 : 9\n1\n3= =\n 4 \n12\n 4 : 4 \n12 : 4\n1\n3= =\n3. Membandingkan Pecahan\nAyo Mengamati\nPengamatan\nPerhatikan gambar dan bacaan berikut!\nSebuah pizza dipotong menjadi 2 bagian sama besar. \nSetengah bagian pizza yang telah dipotong, dipotong lagi \nmenjadi dua bagian sama besar. \nPotongan manakah yang lebih besar?\nTulis ulang bacaan di atas! Gunakan kalimatmu sendiri. \nKerjakan di buku tugasmu.\nTahukah"", ""b adalah \nbilangan bulat dan b ≠ 0.\n2. Bilangan pecahan terdiri dari pecahan senilai, pecahan sederhana, dan \nmembandingkan pecahan.\n3. Pecahan senilai adalah pecahan yang dituliskan dalam bentuk berbeda, \ntetapi mempunyai nilai yang sama.\n4. Pecahan sederhana adalah mengubah pembilang dan penyebut menjadi pecahan \nsenilai yang paling kecil.\n5. Bentuk pecahan meliputi pecahan biasa, pecahan campuran, pecahan desimal, \ndan persen.\n6. Pecahan biasa adalah pecahan yang pembilang dan penyebutnya merupakan \nbilangan bulat.\n7. Pecahan campuran adalah pecahan yang terdiri atas bilangan bulat dan pecahan, \ndapat ditulis \na \nb\nc = (a x c) + b\nc \ndengan ketentuan a,b,c adalah bilangan bulat dan c ≠ 0.\n8. Pecahan desimal adalah pecahan yang nilai penyebutnya adalah 10, 100, 1000, dan \nseterusnya yang ditulis dengan menggunakan tanda koma.\nDi unduh dari : Bukupaket.com\nKelas IV SD/MI\n44\n9. Persen ad"", ""! Gunakan kalimatmu sendiri. \nKerjakan di buku tugasmu.\nPengamatan 4\nPerhatikan gambar dan bacaan berikut!\nGambar 1.11 Sepatu Diskon\nSumber : dokumentasi penulis\nDi unduh dari : Bukupaket.com\nKelas IV SD/MI\n22\nHari ini ada diskon untuk pembelian sepatu dan \nsandal. Pengunjung berbondong-bondong untuk \nmemilih dan membelinya. Pembelian diberi diskon untuk \npembelian sepatu sebesar 70%, 50% + 30%, 50%, 30%, \n20% + 20%, 20%, dan 10% (Gambar 1.11). \nTulis ulang bacaan di atas! Gunakan kalimatmu sendiri. \nKerjakan di buku tugasmu.\nAyo Menanya\nBerikut ini contoh pertanyaan tentang bentuk pecahan.\n1. Apa saja bentuk pecahan?\n2. Bagaimana mengubah pecahan biasa ke bentuk \npersen?\nBuatlah pertanyaan lainnya!\nAyo Menalar\n1. Pecahan Biasa\nBentuk pecahan yang telah dipelajari sebelum nya \nmerupakan pecahan biasa. Pecahan biasa adalah pecahan \nyang pembilang dan penyebutnya merupakan bilangan \nbulat."", ""kah keenam daerah yang diarsir adalah 2 bagian \ndari 4 bagian yang sama. Bentuk pecahannya ditulis 2\n4 . \nDapatkah kalian menyederhanakan pecahan 2\n4 ? \nBagaimana dengan \n1\n2 ?\nLangkah-langkah menyederhanakan pecahan\nUntuk menyederhakan pecahan, kalian juga dapat \nmelakukan langkah-langkah berikut!\nPecahan yang akan disederhakan adalah \n2\n4 .\nLangkah 1\nBagilah pembilang dan penyebut dengan bilangan 2 \nsehingga hasil baginya adalah bilangan asli. Ulangi, jika \nmemungkinkan. \nLangkah 2\nJika langkah 1 tidak memungkinkan, bagilah pembilang \ndan penyebut dengan bilangan 3.\nLangkah 3\nJika langkah 1 dan 2 tidak memungkinkan, bagilah \npembilang dan penyebut dengan bilangan 5.\nLangkah 4\nUntuk pecahan 2\n4 bagilah dengan 2.\n2\n4\n1\n2\n:2\n:2\nTahukah Kalian\nCara menyederhanakan \npecahan adalah \nmembagi pembilang \ndan penyebut dengan \nbilangan prima (2, 3, \n5, ...), sehingga tidak \ndapat dibagi lagi oleh"", ""aian\nBentuk pecahan gambar di atas adalah 4\n6 .\nb.\nPenyelesaian\nBentuk pecahan gambar di atas adalah 3\n8 .\nContoh 1.2\nSebutkan pembilang dan penyebut dari pecahan di bawah \nini.\na. 3\n8 maka pembilang adalah 3 dan penyebut adalah 8.\nb. 1\n4 maka pembilang adalah 1 dan penyebut adalah 4.\nc. \n5\n6 maka pembilang adalah 5 dan penyebut adalah 6.\nDi unduh dari : Bukupaket.com\nKelas IV SD/MI\n8\nAyo Mencoba\n1. Meli memiliki 1 batang coklat. Dia ingin mem­\nbagikan kepada 5 orang sahabatnya dengan \nbagian yang sama. Berapa bagian coklat yang diperoleh \nmasing-masing sahabat Meli?\n2. Beni memiliki 8 buah apel. Dia akan membagikan \nkepada 4 orang temannya dengan bagian yang sama \nbanyak. Berapa buah apel yang diperoleh masingmasing temannya?\n3. Nyatakan bagian yang diarsir pada gambar di bawah \nini ke dalam bentuk pecahan.\na. b. c.\n4. Nyatakan pecahan di bawah ini dalam bentuk gambar \ndengan beberapa b""]",pecahan,0.0,False,False,C1-rag-only
C1,40,4,pengukuran,massa,mudah,"Sebuah balok berat 35,6 gram. Bulatkan hasil pengukuran tersebut ke ratusan terdekat. Pilihan jawaban: A. 35 gram, B. 36 gram, C. 30 gram, D. 40 gram.","[""A. 35 gram"", ""B. 36 gram"", ""C. 30 gram"", ""D. 40 gram""]",C,30 gram,"[""Balikkan angka puluhan 35,6 menjadi 35."", ""Angka puluhannya adalah 5."", ""Jika angka puluhannya kurang dari 5, maka puluhan tersebut dihilangkan."", ""Jadi, hasil bulatannya adalah 30 gram.""]",30,"[{""chunk_id"": ""000_0131"", ""source"": ""Buku Matematika Kelas 4 SD.pdf""}, {""chunk_id"": ""000_0212"", ""source"": ""Buku Matematika Kelas 4 SD.pdf""}, {""chunk_id"": ""000_0235"", ""source"": ""Buku Matematika Kelas 4 SD.pdf""}]","[""bulatan ke ratusan terdekat\na. Pembulatan ke bawah, jika angka puluhannya kurang dari 5, maka puluhan \ntersebut dihilangkan.\nb. Pembulatan ke atas, jika angka puluhannya lebih dari atau sama dengan 50 \nmaka puluhan tersebut dihilangkan dan menambahkan 100 ke ratusannya. \nAyo Mengomunikasikan\nPetunjuk\nTulis ulang rangkuman di atas dengan bahasamu sendiri. Kerjakan di buku tulismu.\nBandingkan dan diskusikan bersama 3 teman yang tempat duduknya berdekatan \ndenganmu. Tulis kembali di buku tulismu!\nDi unduh dari : Bukupaket.com\nKelas IV SD/MI\n98\nTugas Proyek\nBelajar melakukan pembulatan hasil pengukuran yang telah dilaksanakan\nTujuan: melakukan pembulatan hasil pengukuran panjang dan berat.\nPetunjuk: \n1. Buatlah kelompok yang terdiri atas 4 anak.\n2. Sediakan timbangan berat badan, meteran pengukur tinggi badan, dan alat-alat tulis.\n3. Buatlah tabel hasil pengukuran berat dan tinggi badan bese"", ""ri : Bukupaket.com\nKelas IV SD/MI\n158\nBacalah dengan saksama\nPerhatikan gambar dan bacaan berikut!\nGambar 5.1 Pemilihan Ketua Kelas\nSumber: kemendikbud.go.id\n Hari ini, siswa kelas 4 duduk rapi dan suasana di kelas \nsangat tenang. Pergantian pengurus dilakukan setiap tiga \nbulan sekali untuk memberi kesempatan seluruh siswa \nmenjadi pengurus kelas dan juga melatih rasa percaya diri \nsetiap siswa.\n Setiap siswa diberi selembar kertas untuk mengisi \nnama calon ketua kelas yang akan dipilih. Setelah itu, \nkertas dikumpulkan, kemudian dilakukan perhitungan \nsuara untuk setiap calon ketua kelas. Agar memudahkan \ndalam pendataan, hasil perolehan suara calon ketua \nkelas ditulis di papan tulis dalam bentuk tabel. Dapatkah \nkamu membaca dan menyajikan data tersebut dalam \nbentuk diagram batang? Temukan jawabannya dalam \npembahasan materi ini.\nDi unduh dari : Bukupaket.com\nMatematika • Statistika"", ""20 ­ 40 tahun di suatu daerah selama 5 tahun disajikan dalam \ndiagram berikut ini.\na. Berapakah selisih penduduk laki-laki & perempuan pada tahun 2017\nb. Pada tahun berapakah jumlah penduduk terbanyak?\n20. Data tinggi badan siswa kelas IV disajikan dalam diagram berikut. Jika banyak siswa \nkelas IV seluruhnya adalah 60, maka berapa banyak siswa kelas IV yang mempunyai \ntinggi badan 132 cm?\nTugas Berkelompok\nPetunjuk\n1. Tulislah jawaban latihan soal di buku tulis dengan bahasamu sendiri.\n2. Tukarkan jawaban dengan teman sebangkumu.\n3. Bandingkan dan diskusikan hasil pekerjaanmu.\nDi unduh dari : Bukupaket.com\nMatematika • Pengukuran Sudut\n177\nPengukuran \nSudut \n 6\nDi kelas 3 kalian telah mempelajari \ntentang jenis-jenis sudut dan \npengukuran sudut dengan satuan \ntidak baku. Sekarang kalian akan \nmempelajari lebih jauh lagi tentang \npengukuran sudut dengan busur \nderajat. Pada bangun datar,"", ""langkah tersebut \nadalah mengamati, menanya, menalar, mencoba, dan \nmengkomunikasikan.\nAyo Mengamati\nPengamatan 1\nPerhatikan gambar dan bacaan berikut dengan cermat!\nGambar 4.2 Benda-benda yang ada di kelas\nSumber: dokumentasi penulis\nDi unduh dari : Bukupaket.com\nKelas IV SD/MI\n106\nEdo mengelompokkan beberapa benda yang ada di \nkelasnya seperti tulisan “Welcome to Our Class” , jadwal \npiket, dan penggaris setengah lingkaran. Bentuk benda \napakah yang dipilih oleh Edo?\nTulis ulang bacaan di atas! Gunakan kalimat sendiri. \nKerjakan di buku tulismu. \nPengamatan 2\nPerhatikan gambar dan bacaan berikut dengan cermat!\nGambar 4.3 Contoh-contoh bangun datar\nSumber: dokumentasi penulis\nMeli mengelompokkan beberapa benda yang ada di \nkelasnya seperti jadwal pelajaran, peta Indonesia, penggaris \npanjang, penggaris segitiga, motto “In Our Class” , buku, \ndan meja. Bentuk benda apakah yang dipilih ol"", ""tinggi badan \nSumber:: https://www.healthklin.\ncom/Height-Meter-Stature-MeterMeasure-Scale-200CM\nTahukah Kalian\nPenggaris atau mistar \nadalah sebuah alat \npengukur dan alat \nbantu gambar untuk \nmenggambar garis \nlurus.\nSumber: https://id.wikipedia.org/\nwiki/Penggaris\n \nDi unduh dari : Bukupaket.com\nKelas IV SD/MI\n78\nAyo Menanya\nContoh pertanyaan tentang pembulatan hasil pengukuran \npanjang dan berat ke satuan terdekat.\n1. Bagaimana cara melakukan pembulatan ke atas? \n2. Bagaimana cara melakukan pembulatan ke bawah?\n3. Bagaimana cara melakukan pembulatan terbaik?\nBuatlah pertanyaan lainnya.\nAyo Menalar\nPengamatan 1\nBerat badan balita pada pengamatan 1 adalah 8,4 \nkg. Jika dibulatkan ke atas menjadi 9 kg dengan cara \nmenghilangkan angka 4 di belakang koma dan menambahkan bilangan 1 ke angka satuannya sehingga \nmenjadi 9 kg. Untuk lebih jelasnya, perhatikan tabel di \nbawah ini. Jelaskan jaw""]",pengukuran,0.0,False,False,C1-rag-only
C1,41,4,skala,denah dan peta,sedang,"Pak Edo memiliki kebun berbentuk persegi dengan panjang dan lebar masing-masing 30 cm. Jika skala yang digunakan adalah 1:10, berapa luas kebun Pak Edo dalam satuan persegi?","[""A. 45 cm²"", ""B. 54 cm²"", ""C. 36 cm²"", ""D. 1,44 m²""]",D,"1,44","[""Hitung keliling kebun dengan menggunakan ukuran sebenarnya: \\(30 \text{ cm} + 30 \text{ cm} + 30 \text{ cm} + 30 \text{ cm} = 120 \text{ cm}\\)"", ""Setelah mendapatkan keliling, ubah menjadi satuan meter: \\(120 \text{ cm} = 1,2 \text{ m}\\)"", ""Dengan skala 1:10, artinya 1 cm pada gambar sama dengan 10 cm pada kebenarnya. Oleh karena itu, luas kebun dalam skala adalah \\(1,2 \text{ m} \times 1,2 \text{ m} = 1,44 \text{ m}^2\\)"", ""Jadi, luas kebun Pak Edo dalam satuan persegi adalah \\(1,44 \text{ m}^2\\)""]","1,44 m²","[{""chunk_id"": ""000_0263"", ""source"": ""Buku Matematika Kelas 4 SD.pdf""}]","[""m2 C. 45 cm2\n B. 54 cm2 D. 36 cm2\n12. Pak Edo mempunyai kebun berbentuk gambar di bawah ini!\n \n Jika taman tersebut ingin ditanami rumput dan biaya rumput per meter persegi \nadalah Rp50.000,00, maka biaya yang harus dikeluarkan pak Edo adalah ….\n A. Rp4.200.000,00 C. Rp5.100.000,00\n B. Rp4.550.000,00 D. Rp5.250.000,00\n13. Perhatikan gambar berikut!\n \np\nq\n Garis p dan garis q merupakan dua garis yang saling ….\n A. Tegak lurus C. Berimpit\n B. Berpotongan D. Sejajar\nDi unduh dari : Bukupaket.com\nKelas IV SD/MI\n200\n14. Berikut ini data hobi siswa salah satu SD.\nJenis Hobi Banyak Siswa\nMembaca 5\nMenggambar 9\nOlahraga 12\nMenyanyi 8\nMenari 6\n Penyajian data tersebut dalam bentuk diagram batang adalah ….\n A. \n B. \n C. \n D. \n D. \n15. Data pengunjung obyek wisata dinyatakan pada sebuah diagram batang sebagai berikut:\n Pada hari apakah banyak pengunjung terbanyak berkunjung?\nDi unduh dari : Bukupak"", ""ri : Bukupaket.com\nKelas IV SD/MI\n158\nBacalah dengan saksama\nPerhatikan gambar dan bacaan berikut!\nGambar 5.1 Pemilihan Ketua Kelas\nSumber: kemendikbud.go.id\n Hari ini, siswa kelas 4 duduk rapi dan suasana di kelas \nsangat tenang. Pergantian pengurus dilakukan setiap tiga \nbulan sekali untuk memberi kesempatan seluruh siswa \nmenjadi pengurus kelas dan juga melatih rasa percaya diri \nsetiap siswa.\n Setiap siswa diberi selembar kertas untuk mengisi \nnama calon ketua kelas yang akan dipilih. Setelah itu, \nkertas dikumpulkan, kemudian dilakukan perhitungan \nsuara untuk setiap calon ketua kelas. Agar memudahkan \ndalam pendataan, hasil perolehan suara calon ketua \nkelas ditulis di papan tulis dalam bentuk tabel. Dapatkah \nkamu membaca dan menyajikan data tersebut dalam \nbentuk diagram batang? Temukan jawabannya dalam \npembahasan materi ini.\nDi unduh dari : Bukupaket.com\nMatematika • Statistika"", ""langkah tersebut \nadalah mengamati, menanya, menalar, mencoba, dan \nmengkomunikasikan.\nAyo Mengamati\nPengamatan 1\nPerhatikan gambar dan bacaan berikut dengan cermat!\nGambar 4.2 Benda-benda yang ada di kelas\nSumber: dokumentasi penulis\nDi unduh dari : Bukupaket.com\nKelas IV SD/MI\n106\nEdo mengelompokkan beberapa benda yang ada di \nkelasnya seperti tulisan “Welcome to Our Class” , jadwal \npiket, dan penggaris setengah lingkaran. Bentuk benda \napakah yang dipilih oleh Edo?\nTulis ulang bacaan di atas! Gunakan kalimat sendiri. \nKerjakan di buku tulismu. \nPengamatan 2\nPerhatikan gambar dan bacaan berikut dengan cermat!\nGambar 4.3 Contoh-contoh bangun datar\nSumber: dokumentasi penulis\nMeli mengelompokkan beberapa benda yang ada di \nkelasnya seperti jadwal pelajaran, peta Indonesia, penggaris \npanjang, penggaris segitiga, motto “In Our Class” , buku, \ndan meja. Bentuk benda apakah yang dipilih ol"", "" obyek wisata dinyatakan pada sebuah diagram batang sebagai berikut:\n Pada hari apakah banyak pengunjung terbanyak berkunjung?\nDi unduh dari : Bukupaket.com\nMatematika • Pengukuran Sudut\n201\n A. Ahad C. Rabu\n B. Senin D. Sabtu\n16. Data hasil panen kedelai di suatu desa selama 5 tahun disajikan dalam diagram batang \nberikut.\n Selisih hasil panen tertinggi dan terendah pada diagram tersebuat adalah …\n A. 100 C. 300\n B. 200 D. 400\n17. Data tinggi badan siswa kelas IV disajikan dalam diagram berikut.\n Jika bayak siswa kelas IV seluruhnya adalah 60, maka banyak siswa kelas IV yang \nmempunyai tinggi badan 132 cm adalah ….\n A. 6 C. 8\n B. 7 D. 9\n18. Di bawah ini adalah diagram batang data pengunjung perpustakaan sekolah selama \nsatu pekan.\nDi unduh dari : Bukupaket.com\nKelas IV SD/MI\n202\n Berapa banyak pengunjung selama satu pekan?\n A. 200 C. 190\n B. 198 D. 188\n19. Data banyak penduduk usia 20 -"", ""\ndan 8 kolum) yang \ndisusun dalam 2 warna \nberselang-seling (hitam \ndan putih).\nDi unduh dari : Bukupaket.com\nKelas IV SD/MI\n128\nAyo Menalar\nBerikut ini penjelasan lebih rinci dari bacaan di atas.\nPada pengamatan papan catur berbentuk persegi.\nBeni mulai mencacah banyaknya petak secara mendatar. \nPerhitungan dimulai dari baris pertama, kedua, ketiga, \nsampai pada baris terakhir.\nTerdapat 8 petak pada baris pertama, 8 petak pada baris \nkedua, 8 petak pada baris ketiga, 8 petak pada baris \nkeempat, 8 petak pada baris kelima, 8 petak pada baris \nkeenam, 8 petak pada baris ketujuh, dan 8 petak pada \nbaris kedelapan.\nBaris ke 8\nBaris ke 6\nBaris ke 4\nBaris ke 2\nBaris ke 7\nBaris ke 5\nBaris ke 3\nBaris ke 1\nSebanyak 8 petak\nBaris ke 1 \nBaris ke 2 \nBaris ke 3 \nBaris ke 4 \nBaris ke 5 \nBaris ke 6 \nBaris ke 7 \nBaris ke 8 \nSebanyak 8 petak \nKemudian Beni menambahkan dengan cara berikut.\nBanyak petak k""]",skala,0.0,False,False,C1-rag-only
C1,42,4,perkalian_pembagian,mengenal perkalian dan pembagian,mudah,Budi memiliki 3 buah kelereng. Ia membeli 4 kali jumlah kelereng yang ia miliki. Berapa total kelereng Budi?,"[""A. 10"", ""B. 12"", ""C. 15"", ""D. 20""]",C,15,"[""Budi memiliki 3 kelereng."", ""Ia membeli 4 kali jumlah kelereng yang ia miliki, yaitu 4 x 3 = 12 kelereng."", ""Total kelereng Budi adalah 3 + 12 = 15 kelereng.""]",15,"[{""chunk_id"": ""000_0054"", ""source"": ""Buku Matematika Kelas 4 SD.pdf""}, {""chunk_id"": ""000_0212"", ""source"": ""Buku Matematika Kelas 4 SD.pdf""}, {""chunk_id"": ""000_0018"", ""source"": ""Buku Matematika Kelas 4 SD.pdf""}]","[""b adalah \nbilangan bulat dan b ≠ 0.\n2. Bilangan pecahan terdiri dari pecahan senilai, pecahan sederhana, dan \nmembandingkan pecahan.\n3. Pecahan senilai adalah pecahan yang dituliskan dalam bentuk berbeda, \ntetapi mempunyai nilai yang sama.\n4. Pecahan sederhana adalah mengubah pembilang dan penyebut menjadi pecahan \nsenilai yang paling kecil.\n5. Bentuk pecahan meliputi pecahan biasa, pecahan campuran, pecahan desimal, \ndan persen.\n6. Pecahan biasa adalah pecahan yang pembilang dan penyebutnya merupakan \nbilangan bulat.\n7. Pecahan campuran adalah pecahan yang terdiri atas bilangan bulat dan pecahan, \ndapat ditulis \na \nb\nc = (a x c) + b\nc \ndengan ketentuan a,b,c adalah bilangan bulat dan c ≠ 0.\n8. Pecahan desimal adalah pecahan yang nilai penyebutnya adalah 10, 100, 1000, dan \nseterusnya yang ditulis dengan menggunakan tanda koma.\nDi unduh dari : Bukupaket.com\nKelas IV SD/MI\n44\n9. Persen ad"", ""ri : Bukupaket.com\nKelas IV SD/MI\n158\nBacalah dengan saksama\nPerhatikan gambar dan bacaan berikut!\nGambar 5.1 Pemilihan Ketua Kelas\nSumber: kemendikbud.go.id\n Hari ini, siswa kelas 4 duduk rapi dan suasana di kelas \nsangat tenang. Pergantian pengurus dilakukan setiap tiga \nbulan sekali untuk memberi kesempatan seluruh siswa \nmenjadi pengurus kelas dan juga melatih rasa percaya diri \nsetiap siswa.\n Setiap siswa diberi selembar kertas untuk mengisi \nnama calon ketua kelas yang akan dipilih. Setelah itu, \nkertas dikumpulkan, kemudian dilakukan perhitungan \nsuara untuk setiap calon ketua kelas. Agar memudahkan \ndalam pendataan, hasil perolehan suara calon ketua \nkelas ditulis di papan tulis dalam bentuk tabel. Dapatkah \nkamu membaca dan menyajikan data tersebut dalam \nbentuk diagram batang? Temukan jawabannya dalam \npembahasan materi ini.\nDi unduh dari : Bukupaket.com\nMatematika • Statistika"", ""n\nCara menyederhanakan \npecahan adalah \nmembagi pembilang \ndan penyebut dengan \nbilangan prima (2, 3, \n5, ...), sehingga tidak \ndapat dibagi lagi oleh \nbilangan prima yang \nlain.\nDi unduh dari : Bukupaket.com\nKelas IV SD/MI\n16\nJadi, pecahan 2\n4 mempunyai bentuk paling sederhana \nyaitu 1\n2 .\nDapatkah kalian menentukan pecahan paling sederhana \ndari \n15\n20?\nContoh 1.4\nTentukan pecahan paling sederhana dari pecahan di \nbawah ini. \n10\n20\n10 : 10\n20 : 10\n1\n2= =\n16\n24\n16 : 8\n24 : 8\n2\n3= =\n 9 \n27\n 9 : 9 \n27 : 9\n1\n3= =\n 4 \n12\n 4 : 4 \n12 : 4\n1\n3= =\n3. Membandingkan Pecahan\nAyo Mengamati\nPengamatan\nPerhatikan gambar dan bacaan berikut!\nSebuah pizza dipotong menjadi 2 bagian sama besar. \nSetengah bagian pizza yang telah dipotong, dipotong lagi \nmenjadi dua bagian sama besar. \nPotongan manakah yang lebih besar?\nTulis ulang bacaan di atas! Gunakan kalimatmu sendiri. \nKerjakan di buku tugasmu.\nTahukah"", "" biasa, pecahan \ncampuran, pecahan desimal dan persen. Kelima langkah \ntersebut adalah mengamati, menanya, menalar, mencoba, \ndan mengkomunikasikan.\nTahukah Kalian\nPecahan a\nb dikatakan \npecahan yang paling \nsederhanan apabila FPB \n(a,b) =1\nDi unduh dari : Bukupaket.com\nKelas IV SD/MI\n20\nAyo Mengamati\nPengamatan 1\nPerhatikan gambar dan bacaan berikut!\nGambar 1.8 Buah Apel\nSumber : dokumentasi penulis\nDayu membeli apel 1\n2 kg, kemudian Udin juga membeli \napel 3\n4 kg. Berapa kg apel yang mereka beli?\nTulis ulang bacaan di atas! Gunakan kalimatmu sendiri. \nKerjakan di buku tugasmu.\nPengamatan 2\nPerhatikan gambar dan bacaan berikut!\nIbu berbelanja di pasar tradisonal. Ibu membeli \nberas 5 kg, telur 1\n1\n2 kg, bawang putih 1\n4 kg, \ndan bawang merah \n3\n4 kg (Gambar 1.9). Berapa \nkilogram keseluruhan belanja ibu? \nGambar 1.9 Dagangan Pasar\nSumber : dokumentasi penulis\nTulis ulang bacaan di atas!"", ""e bawah menjadi 40.\nd. 97% dari 23 ≈ 100% x 20 = 20\n97% dibulatkan dan lebih dekat dengan 100%\n23 dibulatkan ke atas menjadi 20.\nAyo Mencoba\nTaksirlah hasil operasi hitung penjumlahan dan \npengurangan pecahan berikut. \na. 6\n7 + 9 5\n7 d. 3 \n4\n5 - 2 \n3\n4 \nb. 3 \n 8 \n10 + 9 \n3\n4 e. 11 \n 9 \n11 - 5 \n 6 \n11 \nTahukah Kalian\nPecahan yang \npenyebutnya 1000 \ndisebut Permil dan \ndisimbolkan dalam \n\""‰\"" .\nTahukah Kalian\nUntuk mengubah \npecahan biasa ke dalam \nbentuk persen maka \npembilang dan \npenyebut sama-sama \ndikalikan dengan \nbilangan bulat positif \nsupaya bernilai 100.\nDi unduh dari : Bukupaket.com\nKelas IV SD/MI\n40\nc. 5 - 2 5\n7\nTaksirlah hasil operasi hitung perkalian dan pembagian \npecahan berikut. \na. 4 8 \n10 x 9 d. 6 1 \n12 : 2 \nb. 4 \n2\n3 + 4 \n1\n7 e. 10 \n 8 \n10 : 1 \n4\n5\nc. \n 5 \n10 x \n5\n8\nTaksirlah hasil operasi hitung penjumlahan dan \npengurangan pecahan desimal berikut.\na. 3,4 + 5,5 c. 7,23 ""]",perkalian_pembagian,0.0,False,True,C1-rag-only
C1,43,4,pengolahan_data,median,sulit,"Dari hasil pemilihan ketua kelas seperti yang tertera pada tabel berikut, berapakah median dari jumlah suara setiap calon ketua kelas?

| Calon Ketua | Jumlah Suara |
|-------------|--------------|
| A           | 25           |
| B           | 30           |
| C           | 20           |
| D           | 35           |
| E           | 28           |
| F           | 22           |
| G           | 32           |
| H           | 27           |
| I           | 29           |
| J           | 31           |
","[""A. 24"", ""B. 28"", ""C. 30"", ""D. 32""]",B,28,"[""Langkah 1: Urutkan data dari yang terkecil ke terbesar."", ""Langkah 2: Hitung jumlah data."", ""Langkah 3: Tentukan posisi median (data ke-n/2 jika n ganjil, atau (n/2) dan (n/2+1) jika n genap)."", ""Langkah 4: Jika n ganjil, median adalah nilai tengah dari urutan data."", ""Langkah 5: Jika n genap, median adalah rata-rata dari dua nilai tengah.""]",28,"[{""chunk_id"": ""000_0212"", ""source"": ""Buku Matematika Kelas 4 SD.pdf""}, {""chunk_id"": ""000_0214"", ""source"": ""Buku Matematika Kelas 4 SD.pdf""}, {""chunk_id"": ""000_0036"", ""source"": ""Buku Matematika Kelas 4 SD.pdf""}]","[""ri : Bukupaket.com\nKelas IV SD/MI\n158\nBacalah dengan saksama\nPerhatikan gambar dan bacaan berikut!\nGambar 5.1 Pemilihan Ketua Kelas\nSumber: kemendikbud.go.id\n Hari ini, siswa kelas 4 duduk rapi dan suasana di kelas \nsangat tenang. Pergantian pengurus dilakukan setiap tiga \nbulan sekali untuk memberi kesempatan seluruh siswa \nmenjadi pengurus kelas dan juga melatih rasa percaya diri \nsetiap siswa.\n Setiap siswa diberi selembar kertas untuk mengisi \nnama calon ketua kelas yang akan dipilih. Setelah itu, \nkertas dikumpulkan, kemudian dilakukan perhitungan \nsuara untuk setiap calon ketua kelas. Agar memudahkan \ndalam pendataan, hasil perolehan suara calon ketua \nkelas ditulis di papan tulis dalam bentuk tabel. Dapatkah \nkamu membaca dan menyajikan data tersebut dalam \nbentuk diagram batang? Temukan jawabannya dalam \npembahasan materi ini.\nDi unduh dari : Bukupaket.com\nMatematika • Statistika"", ""ministratif dan pemerintahan.\nPengumpulan data terus berlanjut, khususnya melalui \nsensus yang dilakukan secara teratur untuk memberi \ninformasi kependudukan yang berubah setiap saat.\nPada tahun 1662 John Graunt merupakan orang \npertama yang menyortir data ke dalam tabel. Dia juga \nmembicarakan tentang reliabilitas data.\nSumber: http://www.marthamatika.com Diakses 25/11/2017 pukul 21.35\nJOHN GRAUNT\nA. Membaca dan Menafsirkan Data\nAda 5 tahapan yang harus kalian lakukan untuk \nmembaca dan menafsirkan data. Kelima langkah tersebut \nadalah mengamati, menanya, menalar, mencoba, dan \nmengkomunikasikan.\nDi unduh dari : Bukupaket.com\nKelas IV SD/MI\n160\nAyo Mengamati\nPengamatan\nPerhatikan gambar dan bacaan berikut dengan cermat!\nGambar 5.2 Suasana Ujian di Kelas\nSumber: dokumentasi penulis\nDi suatu kelas, terdapat 33 siswa yang mengikuti ujian \nmatematika. Dari data yang diperoleh, nilai dari 33"", "" \nPada Pengamatan 1\nPerhatikan tabel berikut.\nEdo mempunyai uang Rp10.000,00 untuk membeli buku \ntulis. \nTahukah Kalian\nTaksiran atas \ndilakukan dengan \nmembulatkan ke atas \nbilangan-bilangan \ndalam operasi hitung. \nDi unduh dari : Bukupaket.com\nKelas IV SD/MI\n32\nTabel 1.3 Taksiran harga\nHarga (Rp) Taksiran Atas ke \nRibuan Terdekat (Rp)\nBuku ke-1 4.550 5.000\nBuku ke-2 2.250 3.000\nBuku ke-3 2.750 3.000\nBuku ke-4 1.750 2.000\nTulislah buku apa saja yang dapat dibeli oleh Edo sehingga \nharganya tidak melebihi Rp10.000,00 (bisa lebih dari satu \njawaban). Dapatkah Edo membeli keempat buku tulis \ntersebut? \nContoh Taksiran Atas\nTabel 1.4 Taksiran atas\nBilangan Satuan \nTerdekat\nPuluhan \nTerdekat\nRatusan \nTerdekat\nRibuan \nTerdekat\n5.368,5 5.369 5.370 5.400 6.000\n7.568,8 7.569 7.570 7.600 8.000\n8.777,9 8.778 8.780 8.800 9.000\n8.777,1 8.778 8.780 8.800 9.000\nContoh 1.11\nTentukan hasil operasi hitun"", ""i Jumat, Sabtu dan Minggu?\nDi unduh dari : Bukupaket.com\nKelas IV SD/MI\n174\n12. Diketahui suatu data : 6, 7, 9, 8, 8, 7, 10, 7, 11, 12, 8. Sajikan data tersebut dalam \nbentuk tabel dan diagram batang!\n13. Data banyaknya kelahiran bayi di salah satu kecamatan disajikan dalam diagram \nbatang berikut!\nBanyak Kelahiran\n Banyak kelahiran bayi selama 5 tahun adalah …\n14. Data nilai ulangan matematika kelas 4 disajikan dalam diagram batang berikut!\nJika kriteria ketuntasan minimal nilai matematika 70, berapakah banyak siswa yang \ntidak ikut remidi?\n15. Diagram batang berikut menyajikan data banyak siswa di SD Balikpapan. Sajikan \ndiagram batang di bawah ini dalam bentuk tabel! Berapakah selisih data banyak \nsiswa kelas 4 dan kelas 5?\nDi unduh dari : Bukupaket.com\nMatematika • Statistika\n175\n16. Tabel berikut menunjukkan hasil panen sayur-sayuran di suatu daerah. Sajikan tabel \ntersebut dalam di"", ""ma dari 84.\n4. Tentukan faktorisasi prima dari bilangan 84.\n5. Buatlah pohon faktor untuk menentukan faktorisasi prima dari bilangan \n14 dan 44.\n6. Tentukan KPK dari 4 dan 8.\n7. Tentukan KPK dari 72 dan 95 dengan menggunakan faktorisasi.\n8. Tentukan KPK dari 15, 36 dan 85 dengan menggunakan faktorisasi.\n9. Tentukan FPB dari 24 dan 48.\n10. Tentukan FPB dari 14, 28 dan 52 dengan menggunakan faktorisasi.\n11. Edo mempunyai grup vokal di sekolahnya. Grup vokal itu terdiri 15 anak. \nTentukan Banyaknya formasi yang dapat terbentuk untuk menunjang penampilan \nEdo.\n12. Dayu, Meli, Siti dirawat di rumah sakit karena sakit diare. Dayu minum obat \nsetiap 4 jam sekali, Meli minum obat setiap 5 jam sekali, dan Siti minum obat setiap 8 \njam sekali. Berapa jam lagi ketiga pasien tersebut minum obat secara bersama-sama?\n13. Toko Baru dikunjungi pemasok telur setiap 8 hari, pemasok sabun setiap 15 hari, d""]",pengolahan_data,0.0,False,True,C1-rag-only
C1,44,4,perkalian_pembagian,mengenal operasi perkalian dan pembagian,sedang,"Sebuah kelas memiliki 30 siswa. Jika setiap siswa dibagi menjadi 3 kelompok, berapa jumlah kelompok yang terbentuk?","[""A. 15"", ""B. 10"", ""C. 20"", ""D. 25""]",B,10,"[""Jumlah total siswa adalah 30."", ""Setiap siswa dibagi menjadi 3 kelompok."", ""Untuk menghitung jumlah kelompok, kita membagi total siswa dengan jumlah siswa per kelompok."", ""Jadi, 30 ÷ 3 = 10 kelompok.""]",30 ÷ 3 = 10,"[{""chunk_id"": ""000_0212"", ""source"": ""Buku Matematika Kelas 4 SD.pdf""}, {""chunk_id"": ""000_0054"", ""source"": ""Buku Matematika Kelas 4 SD.pdf""}, {""chunk_id"": ""000_0023"", ""source"": ""Buku Matematika Kelas 4 SD.pdf""}]","[""ri : Bukupaket.com\nKelas IV SD/MI\n158\nBacalah dengan saksama\nPerhatikan gambar dan bacaan berikut!\nGambar 5.1 Pemilihan Ketua Kelas\nSumber: kemendikbud.go.id\n Hari ini, siswa kelas 4 duduk rapi dan suasana di kelas \nsangat tenang. Pergantian pengurus dilakukan setiap tiga \nbulan sekali untuk memberi kesempatan seluruh siswa \nmenjadi pengurus kelas dan juga melatih rasa percaya diri \nsetiap siswa.\n Setiap siswa diberi selembar kertas untuk mengisi \nnama calon ketua kelas yang akan dipilih. Setelah itu, \nkertas dikumpulkan, kemudian dilakukan perhitungan \nsuara untuk setiap calon ketua kelas. Agar memudahkan \ndalam pendataan, hasil perolehan suara calon ketua \nkelas ditulis di papan tulis dalam bentuk tabel. Dapatkah \nkamu membaca dan menyajikan data tersebut dalam \nbentuk diagram batang? Temukan jawabannya dalam \npembahasan materi ini.\nDi unduh dari : Bukupaket.com\nMatematika • Statistika"", ""b adalah \nbilangan bulat dan b ≠ 0.\n2. Bilangan pecahan terdiri dari pecahan senilai, pecahan sederhana, dan \nmembandingkan pecahan.\n3. Pecahan senilai adalah pecahan yang dituliskan dalam bentuk berbeda, \ntetapi mempunyai nilai yang sama.\n4. Pecahan sederhana adalah mengubah pembilang dan penyebut menjadi pecahan \nsenilai yang paling kecil.\n5. Bentuk pecahan meliputi pecahan biasa, pecahan campuran, pecahan desimal, \ndan persen.\n6. Pecahan biasa adalah pecahan yang pembilang dan penyebutnya merupakan \nbilangan bulat.\n7. Pecahan campuran adalah pecahan yang terdiri atas bilangan bulat dan pecahan, \ndapat ditulis \na \nb\nc = (a x c) + b\nc \ndengan ketentuan a,b,c adalah bilangan bulat dan c ≠ 0.\n8. Pecahan desimal adalah pecahan yang nilai penyebutnya adalah 10, 100, 1000, dan \nseterusnya yang ditulis dengan menggunakan tanda koma.\nDi unduh dari : Bukupaket.com\nKelas IV SD/MI\n44\n9. Persen ad"", ""! Gunakan kalimatmu sendiri. \nKerjakan di buku tugasmu.\nPengamatan 4\nPerhatikan gambar dan bacaan berikut!\nGambar 1.11 Sepatu Diskon\nSumber : dokumentasi penulis\nDi unduh dari : Bukupaket.com\nKelas IV SD/MI\n22\nHari ini ada diskon untuk pembelian sepatu dan \nsandal. Pengunjung berbondong-bondong untuk \nmemilih dan membelinya. Pembelian diberi diskon untuk \npembelian sepatu sebesar 70%, 50% + 30%, 50%, 30%, \n20% + 20%, 20%, dan 10% (Gambar 1.11). \nTulis ulang bacaan di atas! Gunakan kalimatmu sendiri. \nKerjakan di buku tugasmu.\nAyo Menanya\nBerikut ini contoh pertanyaan tentang bentuk pecahan.\n1. Apa saja bentuk pecahan?\n2. Bagaimana mengubah pecahan biasa ke bentuk \npersen?\nBuatlah pertanyaan lainnya!\nAyo Menalar\n1. Pecahan Biasa\nBentuk pecahan yang telah dipelajari sebelum nya \nmerupakan pecahan biasa. Pecahan biasa adalah pecahan \nyang pembilang dan penyebutnya merupakan bilangan \nbulat."", ""20 ­ 40 tahun di suatu daerah selama 5 tahun disajikan dalam \ndiagram berikut ini.\na. Berapakah selisih penduduk laki-laki & perempuan pada tahun 2017\nb. Pada tahun berapakah jumlah penduduk terbanyak?\n20. Data tinggi badan siswa kelas IV disajikan dalam diagram berikut. Jika banyak siswa \nkelas IV seluruhnya adalah 60, maka berapa banyak siswa kelas IV yang mempunyai \ntinggi badan 132 cm?\nTugas Berkelompok\nPetunjuk\n1. Tulislah jawaban latihan soal di buku tulis dengan bahasamu sendiri.\n2. Tukarkan jawaban dengan teman sebangkumu.\n3. Bandingkan dan diskusikan hasil pekerjaanmu.\nDi unduh dari : Bukupaket.com\nMatematika • Pengukuran Sudut\n177\nPengukuran \nSudut \n 6\nDi kelas 3 kalian telah mempelajari \ntentang jenis-jenis sudut dan \npengukuran sudut dengan satuan \ntidak baku. Sekarang kalian akan \nmempelajari lebih jauh lagi tentang \npengukuran sudut dengan busur \nderajat. Pada bangun datar,"", ""in mengenai data\ntersebut yang tidak\ntertulis pada tabel.\nDi unduh dari : Bukupaket.com\nMatematika • Statistika\n163\nGuru matematika di kelas Edo membagikan hasil ujian \nmatematika dan mendata nilai hasil ujian matematika \nsiswa kelas 4A. Dari 32 siswa, 2 siswa mendapat nilai 50, \n11 siswa mendapat nilai 65, 10 siswa mendapat nilai 70, \n6 siswa mendapat nilai 80, dan sisanya mendapat nilai 75. \nGuru di kelas Edo ingin melihat perbandingan nilai yang \ndiperoleh siswa dengan lebih mudah.\nTulis ulang bacaan di atas! Gunakan kalimat sendiri.\nKerjakan di buku tulismu.\nPengamatan 2\nPerhatikan gambar dan bacaan berikut ini.\nGambar 5.4 Kendaraan di Jalan\nSumber: dokumentasi penulis\n Guru di kelas Udin mengajak siswa-siswanya belajar \ndi luar kelas. Beliau meminta siswa-siswanya mencatat \nbanyaknya kendaraan yang lewat di Jalan PB Sudirman \nsetiap 10 menit. Udin mencatat becak yang lewat \nsebanyak""]",perkalian_pembagian,0.0,False,True,C1-rag-only
C1,45,4,kpk_fpb,faktor prima,mudah,Bilangan 84 dapat ditulis sebagai perkalian faktor-faktor prima berikut:,"[""A. 2 x 2 x 3 x 7"", ""B. 2 x 2 x 4 x 7"", ""C. 2 x 3 x 3 x 7"", ""D. 2 x 2 x 2 x 7""]",A,2 x 2 x 3 x 7,"[""Bilangan 84 dapat ditulis sebagai 2 x 2 x 3 x 7."", ""Faktor prima dari 84 adalah 2, 3, dan 7.""]",2^2 x 3 x 7,"[{""chunk_id"": ""000_0091"", ""source"": ""Buku Matematika Kelas 4 SD.pdf""}, {""chunk_id"": ""000_0089"", ""source"": ""Buku Matematika Kelas 4 SD.pdf""}, {""chunk_id"": ""000_0090"", ""source"": ""Buku Matematika Kelas 4 SD.pdf""}]","[""ma dari 84.\n4. Tentukan faktorisasi prima dari bilangan 84.\n5. Buatlah pohon faktor untuk menentukan faktorisasi prima dari bilangan \n14 dan 44.\n6. Tentukan KPK dari 4 dan 8.\n7. Tentukan KPK dari 72 dan 95 dengan menggunakan faktorisasi.\n8. Tentukan KPK dari 15, 36 dan 85 dengan menggunakan faktorisasi.\n9. Tentukan FPB dari 24 dan 48.\n10. Tentukan FPB dari 14, 28 dan 52 dengan menggunakan faktorisasi.\n11. Edo mempunyai grup vokal di sekolahnya. Grup vokal itu terdiri 15 anak. \nTentukan Banyaknya formasi yang dapat terbentuk untuk menunjang penampilan \nEdo.\n12. Dayu, Meli, Siti dirawat di rumah sakit karena sakit diare. Dayu minum obat \nsetiap 4 jam sekali, Meli minum obat setiap 5 jam sekali, dan Siti minum obat setiap 8 \njam sekali. Berapa jam lagi ketiga pasien tersebut minum obat secara bersama-sama?\n13. Toko Baru dikunjungi pemasok telur setiap 8 hari, pemasok sabun setiap 15 hari, d"", ""rima. Menguraikan bilangan menjadi perkalian faktor-faktor \nprima juga disebut faktorisasi.\n6. Kelipatan persekutuan adalah nilai kelipatan yang sama dari dua bilangan atau \nlebih.\n7. Faktor persekutuan adalah faktor yang sama dari dua bilangan atau lebih.\n8. KPK adalah nilai terkecil dari kelipatan persekutuan 2 atau lebih bilangan. \n9. FPB adalah nilai terbesar dari faktor persekutuan 2 atau lebih bilangan.\nAyo Mengamati\nPetunjuk\nTulis ulang rangkuman di atas dengan bahasamu sendiri. Kerjakan di buku tulismu.\nBandingkan dan diskusikan bersama 3 teman yang tempat duduknya berdekatan \ndenganmu. Tulis kembali di buku tulismu!\nAyo Mengomunikasikan\nKerjakan dengan anggota kelompok belajarmu.\n1. Siapkan 6 penggaris, 24 buku tulis, 18 pensil, dan 12 penghapus pensil.\n2. Tentukan berapa banyak penggaris, buku tulis, pensil, dan penghapus pensil yang \nditerima masing-masing orang dengan menggun"", ""n 12 penghapus pensil.\n2. Tentukan berapa banyak penggaris, buku tulis, pensil, dan penghapus pensil yang \nditerima masing-masing orang dengan menggunakan faktor persekutuan.\nDi unduh dari : Bukupaket.com\nMatematika • KPK dan FPB\n71\n3. Bagikan keempat barang tersebut kepada anggota kelompokmu sehingga \nmasing-masing anak mendapat bagian yang sama. Jika setiap kelompok ada 3 orang.\nPetunjuk :\na. Gunakan tabel untuk faktor persekutuan\nb. Tulislah jawabanmu dibuku tulis dengan bahasamu sendiri.\nc. Tukarkan jawaban dengan teman sebangkumu.\nd. Bandingkan dan diskusikan hasil pekerjaanmu.\nLatihan Soal\nJawablah pertanyaan berikut dengan tepat!\n1. Tentukan faktor dari bilangan 80.\n2. Tentukan kelipatan 9 yang kurang dari 100.\n3. Tentukan faktor prima dari 84.\n4. Tentukan faktorisasi prima dari bilangan 84.\n5. Buatlah pohon faktor untuk menentukan faktorisasi prima dari bilangan \n14 dan 44.\n6. Te"", ""ergunakan \nuntuk menyelesaikan masalah dalam \nkehidupan sehari-hari. Konsep KPK \ndapat digunakan untuk menentukan \njadwal liburan, menghitung orbit \nplanet, dan menentukan jumlah \nbarang yang disusun dalam baris dan \nkolom. \nSedangkan konsep FPB sering \ndigunakan untuk menyederhanakan \npecahan, menentukan berapa potong \nkain yang terbesar, pembagian kue \nyang sama banyak ke beberapa \nbagian (kotak/plastik), dan \nsebagainya. Agar dapat memahami \nKPK dan FPB dengan baik, maka kalian \nharus mengingat kembali tentang \nperkalian, pembagian, penjumlahan \ndan pengurangan bilangan.\nKata Kunci\nFaktor dan \nKelipatan Bilangan\nBilangan Prima\nKPK dan FPB\nPenerapan KPK \ndan FPB\nDi unduh dari : Bukupaket.com\nKelas IV SD/MI\n48\nBacalah dengan saksama\nPerhatikan gambar dan bacaan berikut!\nGambar 2.1 Berenang\nSumber: dokumentasi penulis \nBeni dan Edo mengikuti les renang bersama-sama pada \ntanggal 3 Novemb"", ""5\n2. Tentukan semua bilangan prima yang terletak diantara \ndua bilangan berikut.\na. 8 dan 25\nb. 32 dan 55 \nc. 60 dan 80\nd. 20 dan 120\ne. 90 dan 150\n3. Tentukan faktor prima dari bilangan-bilangan \nberikut ini.\na. 20 b. 42 c. 90 \nd. 50 e. 52\n4. Buatlah pohon faktor dan bentuk faktorisasi dari \nbilangan-bilangan berikut ini.\na. 15 b. 86 c. 48 \nd. 100 e. 54\nC. KPK dan FPB\nAda 5 tahapan yang harus kalian lakukan untuk \nmenen tu kan KPK dan FPB. Kelima langkah tersebut \nadalah mengamati, menanya, menalar, mencoba, dan \nmengkomunikasikan.\nTahukah Kalian\nCara menyajikan \nfaktorisasi dengan cara \nsengketan.\nBerikut ini, contoh cara \nfaktorisasi 18.\n 18 : 2\n 9 : 3\n 3\nJadi, faktorisasi 18 \nadalah 2 x 3 x 3 \nDi unduh dari : Bukupaket.com\nMatematika • KPK dan FPB\n61\n1. KPK ( Kelipatan Persekutuan Terkecil)\nAyo Mengamati\nGambar 2.6 Lampu hias\nSumber : bimg.antaranews.com \nAyah memasang lampu hias di ""]",kpk_fpb,0.0,False,False,C1-rag-only
C1,46,4,Pecahan,Penjumlahan pecahan,Sulit,"Jika 3 pecahan 1/4, 2/5, dan 1/2 dijumlahkan, hasilnya adalah pecahan yang sama dengan pecahan berapakah?","[""A. 1/4"", ""B. 2/5"", ""C. 1/2"", ""D. 3/4""]",D,3/4,"[""Bandingkan setiap pecahan dengan pecahan senilai yang lebih kecil."", ""Ubah pecahan-pecedel tersebut menjadi pecahan senilai yang sama dengan penyebut 20."", ""Jumlahkan pecahan-pecedel yang sudah disesuaikan."", ""Hasilnya adalah pecahan 15/20 atau 3/4.""]",3/4,"[{""chunk_id"": ""000_0054"", ""source"": ""Buku Matematika Kelas 4 SD.pdf""}, {""chunk_id"": ""000_0023"", ""source"": ""Buku Matematika Kelas 4 SD.pdf""}, {""chunk_id"": ""000_0009"", ""source"": ""Buku Matematika Kelas 4 SD.pdf""}]","[""b adalah \nbilangan bulat dan b ≠ 0.\n2. Bilangan pecahan terdiri dari pecahan senilai, pecahan sederhana, dan \nmembandingkan pecahan.\n3. Pecahan senilai adalah pecahan yang dituliskan dalam bentuk berbeda, \ntetapi mempunyai nilai yang sama.\n4. Pecahan sederhana adalah mengubah pembilang dan penyebut menjadi pecahan \nsenilai yang paling kecil.\n5. Bentuk pecahan meliputi pecahan biasa, pecahan campuran, pecahan desimal, \ndan persen.\n6. Pecahan biasa adalah pecahan yang pembilang dan penyebutnya merupakan \nbilangan bulat.\n7. Pecahan campuran adalah pecahan yang terdiri atas bilangan bulat dan pecahan, \ndapat ditulis \na \nb\nc = (a x c) + b\nc \ndengan ketentuan a,b,c adalah bilangan bulat dan c ≠ 0.\n8. Pecahan desimal adalah pecahan yang nilai penyebutnya adalah 10, 100, 1000, dan \nseterusnya yang ditulis dengan menggunakan tanda koma.\nDi unduh dari : Bukupaket.com\nKelas IV SD/MI\n44\n9. Persen ad"", ""! Gunakan kalimatmu sendiri. \nKerjakan di buku tugasmu.\nPengamatan 4\nPerhatikan gambar dan bacaan berikut!\nGambar 1.11 Sepatu Diskon\nSumber : dokumentasi penulis\nDi unduh dari : Bukupaket.com\nKelas IV SD/MI\n22\nHari ini ada diskon untuk pembelian sepatu dan \nsandal. Pengunjung berbondong-bondong untuk \nmemilih dan membelinya. Pembelian diberi diskon untuk \npembelian sepatu sebesar 70%, 50% + 30%, 50%, 30%, \n20% + 20%, 20%, dan 10% (Gambar 1.11). \nTulis ulang bacaan di atas! Gunakan kalimatmu sendiri. \nKerjakan di buku tugasmu.\nAyo Menanya\nBerikut ini contoh pertanyaan tentang bentuk pecahan.\n1. Apa saja bentuk pecahan?\n2. Bagaimana mengubah pecahan biasa ke bentuk \npersen?\nBuatlah pertanyaan lainnya!\nAyo Menalar\n1. Pecahan Biasa\nBentuk pecahan yang telah dipelajari sebelum nya \nmerupakan pecahan biasa. Pecahan biasa adalah pecahan \nyang pembilang dan penyebutnya merupakan bilangan \nbulat."", ""aian\nBentuk pecahan gambar di atas adalah 4\n6 .\nb.\nPenyelesaian\nBentuk pecahan gambar di atas adalah 3\n8 .\nContoh 1.2\nSebutkan pembilang dan penyebut dari pecahan di bawah \nini.\na. 3\n8 maka pembilang adalah 3 dan penyebut adalah 8.\nb. 1\n4 maka pembilang adalah 1 dan penyebut adalah 4.\nc. \n5\n6 maka pembilang adalah 5 dan penyebut adalah 6.\nDi unduh dari : Bukupaket.com\nKelas IV SD/MI\n8\nAyo Mencoba\n1. Meli memiliki 1 batang coklat. Dia ingin mem­\nbagikan kepada 5 orang sahabatnya dengan \nbagian yang sama. Berapa bagian coklat yang diperoleh \nmasing-masing sahabat Meli?\n2. Beni memiliki 8 buah apel. Dia akan membagikan \nkepada 4 orang temannya dengan bagian yang sama \nbanyak. Berapa buah apel yang diperoleh masingmasing temannya?\n3. Nyatakan bagian yang diarsir pada gambar di bawah \nini ke dalam bentuk pecahan.\na. b. c.\n4. Nyatakan pecahan di bawah ini dalam bentuk gambar \ndengan beberapa b"", ""e bawah menjadi 40.\nd. 97% dari 23 ≈ 100% x 20 = 20\n97% dibulatkan dan lebih dekat dengan 100%\n23 dibulatkan ke atas menjadi 20.\nAyo Mencoba\nTaksirlah hasil operasi hitung penjumlahan dan \npengurangan pecahan berikut. \na. 6\n7 + 9 5\n7 d. 3 \n4\n5 - 2 \n3\n4 \nb. 3 \n 8 \n10 + 9 \n3\n4 e. 11 \n 9 \n11 - 5 \n 6 \n11 \nTahukah Kalian\nPecahan yang \npenyebutnya 1000 \ndisebut Permil dan \ndisimbolkan dalam \n\""‰\"" .\nTahukah Kalian\nUntuk mengubah \npecahan biasa ke dalam \nbentuk persen maka \npembilang dan \npenyebut sama-sama \ndikalikan dengan \nbilangan bulat positif \nsupaya bernilai 100.\nDi unduh dari : Bukupaket.com\nKelas IV SD/MI\n40\nc. 5 - 2 5\n7\nTaksirlah hasil operasi hitung perkalian dan pembagian \npecahan berikut. \na. 4 8 \n10 x 9 d. 6 1 \n12 : 2 \nb. 4 \n2\n3 + 4 \n1\n7 e. 10 \n 8 \n10 : 1 \n4\n5\nc. \n 5 \n10 x \n5\n8\nTaksirlah hasil operasi hitung penjumlahan dan \npengurangan pecahan desimal berikut.\na. 3,4 + 5,5 c. 7,23 "", "" \nadalah pecahan \nyang hanya terdiri \natas pembilang dan \npenyebut\nDi unduh dari : Bukupaket.com\nKelas IV SD/MI\n24\nPenyelesaian\nPecahan campuran 1 1\n2 terdiri atas bilangan bulat 1 dan \nbilangan pecahan 1\n2 .\nLangkah-langkah menyederhanakan pecahan campuran \nmenjadi pecahan biasa sebagai berikut.\n1\n1\n2 = 1 + 1\n2\nUbahlah angka 1 menjadi pecahan yang penyebutnya 2\n1\n1\n2 = 2\n2 + \n1\n2\nJumlahkan pembilangnya\n1\n1\n2 = 2 + 1\n2 = 3\n2\nMengubah pecahan campuran menjadi pecahan \nbiasa juga dapat dilakukan dengan cara berikut.\n1\n1\n2 = (1 x 2) + 1\n2 = 3\n2 \nCoba kalian ubah pecahan campuran berikut menjadi \npecahan biasa.\n2\n1\n3 = ...\n3 2\n5 = ...\nJadi, menurut kalian apa yang dimaksud dengan pecahan \ncampuran?\nBagaimana mengubah pecahan biasa menjadi pecahan \ncampuran?\nCoba kalian tuliskan langkah-langkah mengubah pecahan \ncampuran ke pecahan biasa. Tulis di buku tulismu. \nTahukah Kalian\nJika angka \npem""]",pecahan,0.0,False,True,C1-rag-only
C1,47,4,Pecahan,Pecahan Campuran,sedang,"Sebuah toko memberikan diskon pada pembelian sepatu. Jika sepatu asli bernilai Rp100.000 dan mendapatkan diskon 30%, maka harga sepatu setelah diskon adalah...?","[""A. Rp30.000"", ""B. Rp70.000"", ""C. Rp90.000"", ""D. Rp100.000""]",B,Rp70.000,"[""Diskon 30% dari Rp100.000 adalah 30/100 x Rp100.000 = Rp30.000"", ""Harga sepatu setelah diskon adalah Rp100.000 - Rp30.000 = Rp70.000"", ""Jadi, harga sepatu setelah diskon adalah Rp70.000""]",70.000,"[{""chunk_id"": ""000_0054"", ""source"": ""Buku Matematika Kelas 4 SD.pdf""}, {""chunk_id"": ""000_0023"", ""source"": ""Buku Matematika Kelas 4 SD.pdf""}, {""chunk_id"": ""000_0026"", ""source"": ""Buku Matematika Kelas 4 SD.pdf""}]","[""b adalah \nbilangan bulat dan b ≠ 0.\n2. Bilangan pecahan terdiri dari pecahan senilai, pecahan sederhana, dan \nmembandingkan pecahan.\n3. Pecahan senilai adalah pecahan yang dituliskan dalam bentuk berbeda, \ntetapi mempunyai nilai yang sama.\n4. Pecahan sederhana adalah mengubah pembilang dan penyebut menjadi pecahan \nsenilai yang paling kecil.\n5. Bentuk pecahan meliputi pecahan biasa, pecahan campuran, pecahan desimal, \ndan persen.\n6. Pecahan biasa adalah pecahan yang pembilang dan penyebutnya merupakan \nbilangan bulat.\n7. Pecahan campuran adalah pecahan yang terdiri atas bilangan bulat dan pecahan, \ndapat ditulis \na \nb\nc = (a x c) + b\nc \ndengan ketentuan a,b,c adalah bilangan bulat dan c ≠ 0.\n8. Pecahan desimal adalah pecahan yang nilai penyebutnya adalah 10, 100, 1000, dan \nseterusnya yang ditulis dengan menggunakan tanda koma.\nDi unduh dari : Bukupaket.com\nKelas IV SD/MI\n44\n9. Persen ad"", ""! Gunakan kalimatmu sendiri. \nKerjakan di buku tugasmu.\nPengamatan 4\nPerhatikan gambar dan bacaan berikut!\nGambar 1.11 Sepatu Diskon\nSumber : dokumentasi penulis\nDi unduh dari : Bukupaket.com\nKelas IV SD/MI\n22\nHari ini ada diskon untuk pembelian sepatu dan \nsandal. Pengunjung berbondong-bondong untuk \nmemilih dan membelinya. Pembelian diberi diskon untuk \npembelian sepatu sebesar 70%, 50% + 30%, 50%, 30%, \n20% + 20%, 20%, dan 10% (Gambar 1.11). \nTulis ulang bacaan di atas! Gunakan kalimatmu sendiri. \nKerjakan di buku tugasmu.\nAyo Menanya\nBerikut ini contoh pertanyaan tentang bentuk pecahan.\n1. Apa saja bentuk pecahan?\n2. Bagaimana mengubah pecahan biasa ke bentuk \npersen?\nBuatlah pertanyaan lainnya!\nAyo Menalar\n1. Pecahan Biasa\nBentuk pecahan yang telah dipelajari sebelum nya \nmerupakan pecahan biasa. Pecahan biasa adalah pecahan \nyang pembilang dan penyebutnya merupakan bilangan \nbulat."", "" \nadalah pecahan \nyang hanya terdiri \natas pembilang dan \npenyebut\nDi unduh dari : Bukupaket.com\nKelas IV SD/MI\n24\nPenyelesaian\nPecahan campuran 1 1\n2 terdiri atas bilangan bulat 1 dan \nbilangan pecahan 1\n2 .\nLangkah-langkah menyederhanakan pecahan campuran \nmenjadi pecahan biasa sebagai berikut.\n1\n1\n2 = 1 + 1\n2\nUbahlah angka 1 menjadi pecahan yang penyebutnya 2\n1\n1\n2 = 2\n2 + \n1\n2\nJumlahkan pembilangnya\n1\n1\n2 = 2 + 1\n2 = 3\n2\nMengubah pecahan campuran menjadi pecahan \nbiasa juga dapat dilakukan dengan cara berikut.\n1\n1\n2 = (1 x 2) + 1\n2 = 3\n2 \nCoba kalian ubah pecahan campuran berikut menjadi \npecahan biasa.\n2\n1\n3 = ...\n3 2\n5 = ...\nJadi, menurut kalian apa yang dimaksud dengan pecahan \ncampuran?\nBagaimana mengubah pecahan biasa menjadi pecahan \ncampuran?\nCoba kalian tuliskan langkah-langkah mengubah pecahan \ncampuran ke pecahan biasa. Tulis di buku tulismu. \nTahukah Kalian\nJika angka \npem"", ""ri : Bukupaket.com\nKelas IV SD/MI\n158\nBacalah dengan saksama\nPerhatikan gambar dan bacaan berikut!\nGambar 5.1 Pemilihan Ketua Kelas\nSumber: kemendikbud.go.id\n Hari ini, siswa kelas 4 duduk rapi dan suasana di kelas \nsangat tenang. Pergantian pengurus dilakukan setiap tiga \nbulan sekali untuk memberi kesempatan seluruh siswa \nmenjadi pengurus kelas dan juga melatih rasa percaya diri \nsetiap siswa.\n Setiap siswa diberi selembar kertas untuk mengisi \nnama calon ketua kelas yang akan dipilih. Setelah itu, \nkertas dikumpulkan, kemudian dilakukan perhitungan \nsuara untuk setiap calon ketua kelas. Agar memudahkan \ndalam pendataan, hasil perolehan suara calon ketua \nkelas ditulis di papan tulis dalam bentuk tabel. Dapatkah \nkamu membaca dan menyajikan data tersebut dalam \nbentuk diagram batang? Temukan jawabannya dalam \npembahasan materi ini.\nDi unduh dari : Bukupaket.com\nMatematika • Statistika"", ""aian\nBentuk pecahan gambar di atas adalah 4\n6 .\nb.\nPenyelesaian\nBentuk pecahan gambar di atas adalah 3\n8 .\nContoh 1.2\nSebutkan pembilang dan penyebut dari pecahan di bawah \nini.\na. 3\n8 maka pembilang adalah 3 dan penyebut adalah 8.\nb. 1\n4 maka pembilang adalah 1 dan penyebut adalah 4.\nc. \n5\n6 maka pembilang adalah 5 dan penyebut adalah 6.\nDi unduh dari : Bukupaket.com\nKelas IV SD/MI\n8\nAyo Mencoba\n1. Meli memiliki 1 batang coklat. Dia ingin mem­\nbagikan kepada 5 orang sahabatnya dengan \nbagian yang sama. Berapa bagian coklat yang diperoleh \nmasing-masing sahabat Meli?\n2. Beni memiliki 8 buah apel. Dia akan membagikan \nkepada 4 orang temannya dengan bagian yang sama \nbanyak. Berapa buah apel yang diperoleh masingmasing temannya?\n3. Nyatakan bagian yang diarsir pada gambar di bawah \nini ke dalam bentuk pecahan.\na. b. c.\n4. Nyatakan pecahan di bawah ini dalam bentuk gambar \ndengan beberapa b""]",pecahan,0.0,False,False,C1-rag-only
C1,48,4,perkalian_pembagian,mengenal perkalian dan pembagian,sedang,"Sebuah kelas memiliki 24 siswa. Jika setiap siswa dibebaskan untuk membawa 3 kelereng, berapa total kelereng yang dibawa oleh seluruh siswa?","[""A. 72"", ""B. 75"", ""C. 60"", ""D. 80""]",A,72,"[""Setiap siswa membawa 3 kelereng."", ""Jumlah siswa dalam kelas adalah 24."", ""Untuk menghitung total kelereng, kita perlu mengalikan jumlah siswa dengan jumlah kelereng yang dibawa setiap siswa."", ""Jadi, total kelereng adalah 24 x 3.""]",24 x 3 = 72,"[{""chunk_id"": ""000_0212"", ""source"": ""Buku Matematika Kelas 4 SD.pdf""}, {""chunk_id"": ""000_0054"", ""source"": ""Buku Matematika Kelas 4 SD.pdf""}, {""chunk_id"": ""000_0023"", ""source"": ""Buku Matematika Kelas 4 SD.pdf""}]","[""ri : Bukupaket.com\nKelas IV SD/MI\n158\nBacalah dengan saksama\nPerhatikan gambar dan bacaan berikut!\nGambar 5.1 Pemilihan Ketua Kelas\nSumber: kemendikbud.go.id\n Hari ini, siswa kelas 4 duduk rapi dan suasana di kelas \nsangat tenang. Pergantian pengurus dilakukan setiap tiga \nbulan sekali untuk memberi kesempatan seluruh siswa \nmenjadi pengurus kelas dan juga melatih rasa percaya diri \nsetiap siswa.\n Setiap siswa diberi selembar kertas untuk mengisi \nnama calon ketua kelas yang akan dipilih. Setelah itu, \nkertas dikumpulkan, kemudian dilakukan perhitungan \nsuara untuk setiap calon ketua kelas. Agar memudahkan \ndalam pendataan, hasil perolehan suara calon ketua \nkelas ditulis di papan tulis dalam bentuk tabel. Dapatkah \nkamu membaca dan menyajikan data tersebut dalam \nbentuk diagram batang? Temukan jawabannya dalam \npembahasan materi ini.\nDi unduh dari : Bukupaket.com\nMatematika • Statistika"", ""b adalah \nbilangan bulat dan b ≠ 0.\n2. Bilangan pecahan terdiri dari pecahan senilai, pecahan sederhana, dan \nmembandingkan pecahan.\n3. Pecahan senilai adalah pecahan yang dituliskan dalam bentuk berbeda, \ntetapi mempunyai nilai yang sama.\n4. Pecahan sederhana adalah mengubah pembilang dan penyebut menjadi pecahan \nsenilai yang paling kecil.\n5. Bentuk pecahan meliputi pecahan biasa, pecahan campuran, pecahan desimal, \ndan persen.\n6. Pecahan biasa adalah pecahan yang pembilang dan penyebutnya merupakan \nbilangan bulat.\n7. Pecahan campuran adalah pecahan yang terdiri atas bilangan bulat dan pecahan, \ndapat ditulis \na \nb\nc = (a x c) + b\nc \ndengan ketentuan a,b,c adalah bilangan bulat dan c ≠ 0.\n8. Pecahan desimal adalah pecahan yang nilai penyebutnya adalah 10, 100, 1000, dan \nseterusnya yang ditulis dengan menggunakan tanda koma.\nDi unduh dari : Bukupaket.com\nKelas IV SD/MI\n44\n9. Persen ad"", ""! Gunakan kalimatmu sendiri. \nKerjakan di buku tugasmu.\nPengamatan 4\nPerhatikan gambar dan bacaan berikut!\nGambar 1.11 Sepatu Diskon\nSumber : dokumentasi penulis\nDi unduh dari : Bukupaket.com\nKelas IV SD/MI\n22\nHari ini ada diskon untuk pembelian sepatu dan \nsandal. Pengunjung berbondong-bondong untuk \nmemilih dan membelinya. Pembelian diberi diskon untuk \npembelian sepatu sebesar 70%, 50% + 30%, 50%, 30%, \n20% + 20%, 20%, dan 10% (Gambar 1.11). \nTulis ulang bacaan di atas! Gunakan kalimatmu sendiri. \nKerjakan di buku tugasmu.\nAyo Menanya\nBerikut ini contoh pertanyaan tentang bentuk pecahan.\n1. Apa saja bentuk pecahan?\n2. Bagaimana mengubah pecahan biasa ke bentuk \npersen?\nBuatlah pertanyaan lainnya!\nAyo Menalar\n1. Pecahan Biasa\nBentuk pecahan yang telah dipelajari sebelum nya \nmerupakan pecahan biasa. Pecahan biasa adalah pecahan \nyang pembilang dan penyebutnya merupakan bilangan \nbulat."", ""20 ­ 40 tahun di suatu daerah selama 5 tahun disajikan dalam \ndiagram berikut ini.\na. Berapakah selisih penduduk laki-laki & perempuan pada tahun 2017\nb. Pada tahun berapakah jumlah penduduk terbanyak?\n20. Data tinggi badan siswa kelas IV disajikan dalam diagram berikut. Jika banyak siswa \nkelas IV seluruhnya adalah 60, maka berapa banyak siswa kelas IV yang mempunyai \ntinggi badan 132 cm?\nTugas Berkelompok\nPetunjuk\n1. Tulislah jawaban latihan soal di buku tulis dengan bahasamu sendiri.\n2. Tukarkan jawaban dengan teman sebangkumu.\n3. Bandingkan dan diskusikan hasil pekerjaanmu.\nDi unduh dari : Bukupaket.com\nMatematika • Pengukuran Sudut\n177\nPengukuran \nSudut \n 6\nDi kelas 3 kalian telah mempelajari \ntentang jenis-jenis sudut dan \npengukuran sudut dengan satuan \ntidak baku. Sekarang kalian akan \nmempelajari lebih jauh lagi tentang \npengukuran sudut dengan busur \nderajat. Pada bangun datar,"", ""in mengenai data\ntersebut yang tidak\ntertulis pada tabel.\nDi unduh dari : Bukupaket.com\nMatematika • Statistika\n163\nGuru matematika di kelas Edo membagikan hasil ujian \nmatematika dan mendata nilai hasil ujian matematika \nsiswa kelas 4A. Dari 32 siswa, 2 siswa mendapat nilai 50, \n11 siswa mendapat nilai 65, 10 siswa mendapat nilai 70, \n6 siswa mendapat nilai 80, dan sisanya mendapat nilai 75. \nGuru di kelas Edo ingin melihat perbandingan nilai yang \ndiperoleh siswa dengan lebih mudah.\nTulis ulang bacaan di atas! Gunakan kalimat sendiri.\nKerjakan di buku tulismu.\nPengamatan 2\nPerhatikan gambar dan bacaan berikut ini.\nGambar 5.4 Kendaraan di Jalan\nSumber: dokumentasi penulis\n Guru di kelas Udin mengajak siswa-siswanya belajar \ndi luar kelas. Beliau meminta siswa-siswanya mencatat \nbanyaknya kendaraan yang lewat di Jalan PB Sudirman \nsetiap 10 menit. Udin mencatat becak yang lewat \nsebanyak""]",perkalian_pembagian,0.0,False,False,C1-rag-only
C1,49,4,Geometri,Luas Bangun Datar,sedang,Sebuah persegi memiliki panjang sisi 8 cm. Luas persegi tersebut adalah...?,"[""A. 32 cm²"", ""B. 64 cm²"", ""C. 128 cm²"", ""D. 256 cm²""]",B,64,"[""Hitung keliling persegi menggunakan rumus: \\(Keliling = 4 \times sisi\\)"", ""Hitung luas persegi menggunakan rumus: \\(Luas = sisi^2\\)"", ""Substitusi nilai sisi ke dalam rumus luas: \\(Luas = 8^2\\)""]",64 cm²,"[{""chunk_id"": ""000_0139"", ""source"": ""Buku Matematika Kelas 4 SD.pdf""}, {""chunk_id"": ""000_0256"", ""source"": ""Buku Matematika Kelas 4 SD.pdf""}, {""chunk_id"": ""000_0150"", ""source"": ""Buku Matematika Kelas 4 SD.pdf""}]","[""ar\n 4\nPerlu kamu ketahui bahwa \nbanyak benda di sekitar kita yang \nberhubungan dengan bangun datar. \nBeberapa di antaranya adalah bendabenda yang berbentuk segibanyak \nberaturan dan segibanyak tidak \nberaturan. Sebagai contoh, pada \nbacaan di bawah ini digambarkan \nbeberapa benda yang berbentuk \nbangun datar seperti bentuk meja, \nbuku, penggaris, cendela, dan \nbeberapa benda yang ditempel pada \ndinding kelas. Agar kamu dapat \nmemahami tentang benda-benda \nsegibanyak beraturan, segibanyak \ntidak beraturan serta bangun datar \nyang lainnya, perhatikan penjelasan \nberikut!\nKata Kunci\nBangun Datar \nSegibanyak \nBeraturan\nSegibanyak Tidak \nBeraturan\nPersegi\nPersegipanjang\nSegitiga\nGaris\nDi unduh dari : Bukupaket.com\nKelas IV SD/MI\n104\nBacalah dengan saksama\nPerhatikan gambar dan bacaan berikut!\nGambar 4.1 Kelasku\nSumber: dokumen penulis\nEdo dan Meli sedang mengamati benda-benda yang ada \ndi kel"", ""n datar berbeda.\n3) Tukarkan hasil gambar yang telah dibuat masing-masing kelompok kepada kelompok \nlain.\n4) Hasil pengukuran dicatat dan dimasukkan dalam tabel seperti contoh.\n5) Laporkan hasilnya kepada gurumu untuk dinilai.\nContoh tabel pengukuran sudut:\nNo. Gambar sudut/ bangun datar Besar sudut Jenis sudut\n1\n2\n3\n4\nLatihan Soal\nJawablah pertanyaan berikut dengan tepat!\n1. Tentukan besar sudut di bawah ini.\n a. \n b. \nDi unduh dari : Bukupaket.com\nKelas IV SD/MI\n194\n2. Tentukan besar sudut dari bangun datar di bawah ini.\n a. \n b. \n3. Buatlah gambar dari besar sudut berikut.\n a. 75°\n b. 135°\n c. 60°, 60°, dan 60°\n d. 90°, 60°, 90°, dan 120°\n4. Tentukan besar sudut dari hasil pengukuran di bawah ini.\n \n5. Tentukan besar sudut dari hasil pengukuran segitiga tumpul di bawah ini.\n \n6. Tentukan besar dan jenis sudut yang dibentuk dua jarum jam pada pukul berikut.\n a. 02.00\n b. 06.00\n c. 08.0"", ""a.\n1 2 3 4\nb. Empat bangun segi banyak tidak beraturan \nberbeda.\n1 2 3 4\n4. Buatlah bangun segi banyak dengan ketentuan \nsebagai berikut! \na. Bangun segi banyak beraturan dengan 6 sisi. \nb. Bangun segi banyak beraturan dengan 3 sisi.\n5. Tuliskan nama-nama bangun segi banyak beraturan \nberikut!\na.\nb.\nc.\nd.\ne.\nf.\nTahukah Kalian\nSegitiga adalah bangun \ndatar yang dibatasi \noleh tiga buah sisi dan \nmempunyai tiga titik \nsudut.\nDi unduh dari : Bukupaket.com\nKelas IV SD/MI\n112\nB. Keliling Bangun Datar\nAda 5 tahapan yang harus kalian lakukan untuk \nmemahami keliling bangun datar. Kelima langkah tersebut \nadalah mengamati, menanya, menalar, mencoba, dan \nmengkomunikasikan.\n1. Persegi\nAyo Mengamati\nPengamatan\nPerhatikan gambar dan bacaan berikut dengan cermat!\nGambar 4.4 Jadwal Pelajaran\nSumber: dokumentasi penulis\nMasih ingatkah kalian dengan bentuk benda di kelas Edo \ndan Meli berupa jadwal pel"", ""n kalimatmu sendiri di \nbuku tulismu.\nDi bawah ini contoh rangkuman terkait bangun datar.\n1. Bangun segibanyak adalah bangun datar tertutup yang dibatasi oleh ruas garis.\n2. Bangun segibanyak beraturan adalah bangun segibanyak yang semua sisinya \nsama panjang dan semua sudutnya sama besar.\n3. Bangun segibanyak tidak beraturan adalah bangun segibanyak yang sisinya \ntidak sama panjang atau sudutnya tidak sama besar.\n4. Keliling bangun datar adalah jumlah panjang seluruh sisinya. Keliling bangun datar \nsebagai berikut.\na. Keliling persegi : K = 4 x s\nb. Keliling Persegi Panjang : K = 2 x (p + l)\nc. Keliling Segitiga : K = a + b + c\n5. Rumus pythagoras: a² + b² = c²\n Keterangan: a dan b adalah sisi penyiku\n c adalah sisi miring\nDi unduh dari : Bukupaket.com\nKelas IV SD/MI\n152\n6. Luas bangun datar sebagai berikut.\n a. Luas Persegi : L = s²\n b. Luas Persegi panjang : L = p x l\n7. Ruas garis at"", ""n pada gambar di bawah ini!\na.\nb.\nc.\n d.\nTahukah Kalian\nJajar genjang adalah \nbangun datar segi \nempat sisi-sisi yang \nberhadapannya sejajar \ndan sama panjang, \nserta sudut-sudut yang \nberhadapan sama \nbesar.\nTrapesium adalah \nbangun datar segi \nempat yang dibentuk \noleh empat sisi yang \ndua diantaranya saling \nsejajar namun tidak \nsama panjang.\nTahukah Kalian\nLayang-layang \nadalah bangun datar \nsegi empat yang \nmempunyai dua pasang \nsisi sama panjang dan \nsaling membentuk \nsudut.\nLayang-layang dengan \nkeempat sisi yang sama \npanjang disebut belah \nketupat.\nDi unduh dari : Bukupaket.com\nMatematika • Bangun Datar\n111\n3. Gambarlah bangun segibanyak pada kotak di bawah \nini dengan ketentuan berikut!\na. Empat bangun segi banyak beraturan berbeda.\n1 2 3 4\nb. Empat bangun segi banyak tidak beraturan \nberbeda.\n1 2 3 4\n4. Buatlah bangun segi banyak dengan ketentuan \nsebagai berikut! \na. Bangun s""]",geometri,0.0,False,False,C1-rag-only
C1,50,4,bilangan,perkalian dan pembagian,sulit,"Sebuah kelas memiliki 32 siswa. 2 siswa mendapat nilai 50, 11 siswa mendapat nilai 65, 10 siswa mendapat nilai 70, 6 siswa mendapat nilai 80, dan sisanya mendapat nilai 75. Berapakah total nilai yang didapat oleh seluruh siswa tersebut?","[""A. 2200"", ""B. 2220"", ""C. 2240"", ""D. 2260""]",B,2220,"[""1. Hitung jumlah siswa yang mendapat nilai 75: 32 - (2 + 11 + 10 + 6) = 3"", ""2. Hitung total nilai yang didapat oleh siswa yang mendapat 50: 2 x 50 = 100"", ""3. Hitung total nilai yang didapat oleh siswa yang mendapat 65: 11 x 65 = 715"", ""4. Hitung total nilai yang didapat oleh siswa yang mendapat 70: 10 x 70 = 700"", ""5. Hitung total nilai yang didapat oleh siswa yang mendapat 80: 6 x 80 = 480"", ""6. Hitung total nilai yang didapat oleh siswa yang mendapat 75: 3 x 75 = 225"", ""7. Total semua nilai adalah: 100 + 715 + 700 + 480 + 225 = 2220""]",2220,"[{""chunk_id"": ""000_0219"", ""source"": ""Buku Matematika Kelas 4 SD.pdf""}, {""chunk_id"": ""000_0235"", ""source"": ""Buku Matematika Kelas 4 SD.pdf""}]","[""ri : Bukupaket.com\nKelas IV SD/MI\n158\nBacalah dengan saksama\nPerhatikan gambar dan bacaan berikut!\nGambar 5.1 Pemilihan Ketua Kelas\nSumber: kemendikbud.go.id\n Hari ini, siswa kelas 4 duduk rapi dan suasana di kelas \nsangat tenang. Pergantian pengurus dilakukan setiap tiga \nbulan sekali untuk memberi kesempatan seluruh siswa \nmenjadi pengurus kelas dan juga melatih rasa percaya diri \nsetiap siswa.\n Setiap siswa diberi selembar kertas untuk mengisi \nnama calon ketua kelas yang akan dipilih. Setelah itu, \nkertas dikumpulkan, kemudian dilakukan perhitungan \nsuara untuk setiap calon ketua kelas. Agar memudahkan \ndalam pendataan, hasil perolehan suara calon ketua \nkelas ditulis di papan tulis dalam bentuk tabel. Dapatkah \nkamu membaca dan menyajikan data tersebut dalam \nbentuk diagram batang? Temukan jawabannya dalam \npembahasan materi ini.\nDi unduh dari : Bukupaket.com\nMatematika • Statistika"", ""in mengenai data\ntersebut yang tidak\ntertulis pada tabel.\nDi unduh dari : Bukupaket.com\nMatematika • Statistika\n163\nGuru matematika di kelas Edo membagikan hasil ujian \nmatematika dan mendata nilai hasil ujian matematika \nsiswa kelas 4A. Dari 32 siswa, 2 siswa mendapat nilai 50, \n11 siswa mendapat nilai 65, 10 siswa mendapat nilai 70, \n6 siswa mendapat nilai 80, dan sisanya mendapat nilai 75. \nGuru di kelas Edo ingin melihat perbandingan nilai yang \ndiperoleh siswa dengan lebih mudah.\nTulis ulang bacaan di atas! Gunakan kalimat sendiri.\nKerjakan di buku tulismu.\nPengamatan 2\nPerhatikan gambar dan bacaan berikut ini.\nGambar 5.4 Kendaraan di Jalan\nSumber: dokumentasi penulis\n Guru di kelas Udin mengajak siswa-siswanya belajar \ndi luar kelas. Beliau meminta siswa-siswanya mencatat \nbanyaknya kendaraan yang lewat di Jalan PB Sudirman \nsetiap 10 menit. Udin mencatat becak yang lewat \nsebanyak"", ""20 ­ 40 tahun di suatu daerah selama 5 tahun disajikan dalam \ndiagram berikut ini.\na. Berapakah selisih penduduk laki-laki & perempuan pada tahun 2017\nb. Pada tahun berapakah jumlah penduduk terbanyak?\n20. Data tinggi badan siswa kelas IV disajikan dalam diagram berikut. Jika banyak siswa \nkelas IV seluruhnya adalah 60, maka berapa banyak siswa kelas IV yang mempunyai \ntinggi badan 132 cm?\nTugas Berkelompok\nPetunjuk\n1. Tulislah jawaban latihan soal di buku tulis dengan bahasamu sendiri.\n2. Tukarkan jawaban dengan teman sebangkumu.\n3. Bandingkan dan diskusikan hasil pekerjaanmu.\nDi unduh dari : Bukupaket.com\nMatematika • Pengukuran Sudut\n177\nPengukuran \nSudut \n 6\nDi kelas 3 kalian telah mempelajari \ntentang jenis-jenis sudut dan \npengukuran sudut dengan satuan \ntidak baku. Sekarang kalian akan \nmempelajari lebih jauh lagi tentang \npengukuran sudut dengan busur \nderajat. Pada bangun datar,"", ""i Jumat, Sabtu dan Minggu?\nDi unduh dari : Bukupaket.com\nKelas IV SD/MI\n174\n12. Diketahui suatu data : 6, 7, 9, 8, 8, 7, 10, 7, 11, 12, 8. Sajikan data tersebut dalam \nbentuk tabel dan diagram batang!\n13. Data banyaknya kelahiran bayi di salah satu kecamatan disajikan dalam diagram \nbatang berikut!\nBanyak Kelahiran\n Banyak kelahiran bayi selama 5 tahun adalah …\n14. Data nilai ulangan matematika kelas 4 disajikan dalam diagram batang berikut!\nJika kriteria ketuntasan minimal nilai matematika 70, berapakah banyak siswa yang \ntidak ikut remidi?\n15. Diagram batang berikut menyajikan data banyak siswa di SD Balikpapan. Sajikan \ndiagram batang di bawah ini dalam bentuk tabel! Berapakah selisih data banyak \nsiswa kelas 4 dan kelas 5?\nDi unduh dari : Bukupaket.com\nMatematika • Statistika\n175\n16. Tabel berikut menunjukkan hasil panen sayur-sayuran di suatu daerah. Sajikan tabel \ntersebut dalam di"", ""erhatikan nilai \nsatuan, puluhan, atau \nratusan dan seterusnya. \nJika angka kurang dari \n5 (4,3,2,1) maka angka \npada pembulatan \ndihilangkan dan jika \nangka lebih dari sama \ndengan 5 (5,6,7,8,9) \nmaka angka pada \npembulatan ditambah \n1 baik puluhan, ratusan, \nmaupun ribuan dan \nseterusnya.\nDi unduh dari : Bukupaket.com\nKelas IV SD/MI\n38\nContoh 1.16\nTentukan hasil operasi hitung berikut dengan taksiran atas.\na. 16,8 x 2,4 ≈ 17 x 2 = 34\n 16,8 dibulatkan ke atas menjadi 17\n 2,4 dibulatkan ke bawah menjadi 2\nb. 24,7 / 4.9 ≈ 25 / 5 = 5\n 24,7 dibulatkan ke atas menjadi 25\n 4,9 dibulatkan ke atas menjadi 5\nc. 153,7 + 8,2 ≈ 154 + 8 = 162\n 153,7 dibulatkan ke atas menjadi 154\n 8,2 dibulatkan ke bawah menjadi 8\nd. 32,4 ­ 5,5 ≈ 32 - 6 = 26\n 32,4 dibulatkan ke bawah menjadi 32\n 5,5 dibulatkan ke atas menjadi 6\nc. Taksiran Persen\nTaksiran persen adalah menaksir hasil operasi hitung \ndengan cara memb""]",bilangan,0.0,False,True,C1-rag-only
