config,question_id,grade,topic,subtopic,difficulty,question,choices,correct_option,answer_value,solution_steps,answer_expression,source_chunks,retrieved_context_texts,router_topic,router_conf,moe_routed,math_checker_pass,note
C4,1,4,pecahan,Penjumlahan pecahan,Mudah,Hasil dari 15/20 + 10/20 adalah pecahan paling sederhana yang mana?,"[""A. 1/4"", ""B. 3/4"", ""C. 5/8"", ""D. 7/8""]",C,5/8,"[""Langkah 1: Pertama, jumlahkan pembilangnya. 15 + 10 = 25."", ""Langkah 2: Jumlahkan penyebutnya. 20 + 20 = 40."", ""Langkah 3: Hasilnya adalah pecahan 25/40."", ""Langkah 4: Selanjutnya, kita akan menyederhanakan pecahan 25/40."", ""Langkah 5: 25 dan 40 dapat dibagi dengan 5. 25 : 5 = 5 dan 40 : 5 = 8."", ""Langkah 6: Jadi, pecahan paling sederhana dari 25/40 adalah 5/8.""]",5/8,"[{""chunk_id"": ""000_0018"", ""source"": ""Buku Matematika Kelas 4 SD.pdf""}, {""chunk_id"": ""000_0054"", ""source"": ""Buku Matematika Kelas 4 SD.pdf""}]","[""n\nCara menyederhanakan \npecahan adalah \nmembagi pembilang \ndan penyebut dengan \nbilangan prima (2, 3, \n5, ...), sehingga tidak \ndapat dibagi lagi oleh \nbilangan prima yang \nlain.\nDi unduh dari : Bukupaket.com\nKelas IV SD/MI\n16\nJadi, pecahan 2\n4 mempunyai bentuk paling sederhana \nyaitu 1\n2 .\nDapatkah kalian menentukan pecahan paling sederhana \ndari \n15\n20?\nContoh 1.4\nTentukan pecahan paling sederhana dari pecahan di \nbawah ini. \n10\n20\n10 : 10\n20 : 10\n1\n2= =\n16\n24\n16 : 8\n24 : 8\n2\n3= =\n 9 \n27\n 9 : 9 \n27 : 9\n1\n3= =\n 4 \n12\n 4 : 4 \n12 : 4\n1\n3= =\n3. Membandingkan Pecahan\nAyo Mengamati\nPengamatan\nPerhatikan gambar dan bacaan berikut!\nSebuah pizza dipotong menjadi 2 bagian sama besar. \nSetengah bagian pizza yang telah dipotong, dipotong lagi \nmenjadi dua bagian sama besar. \nPotongan manakah yang lebih besar?\nTulis ulang bacaan di atas! Gunakan kalimatmu sendiri. \nKerjakan di buku tugasmu.\nTahukah"", ""b adalah \nbilangan bulat dan b ≠ 0.\n2. Bilangan pecahan terdiri dari pecahan senilai, pecahan sederhana, dan \nmembandingkan pecahan.\n3. Pecahan senilai adalah pecahan yang dituliskan dalam bentuk berbeda, \ntetapi mempunyai nilai yang sama.\n4. Pecahan sederhana adalah mengubah pembilang dan penyebut menjadi pecahan \nsenilai yang paling kecil.\n5. Bentuk pecahan meliputi pecahan biasa, pecahan campuran, pecahan desimal, \ndan persen.\n6. Pecahan biasa adalah pecahan yang pembilang dan penyebutnya merupakan \nbilangan bulat.\n7. Pecahan campuran adalah pecahan yang terdiri atas bilangan bulat dan pecahan, \ndapat ditulis \na \nb\nc = (a x c) + b\nc \ndengan ketentuan a,b,c adalah bilangan bulat dan c ≠ 0.\n8. Pecahan desimal adalah pecahan yang nilai penyebutnya adalah 10, 100, 1000, dan \nseterusnya yang ditulis dengan menggunakan tanda koma.\nDi unduh dari : Bukupaket.com\nKelas IV SD/MI\n44\n9. Persen ad"", ""! Gunakan kalimatmu sendiri. \nKerjakan di buku tugasmu.\nPengamatan 4\nPerhatikan gambar dan bacaan berikut!\nGambar 1.11 Sepatu Diskon\nSumber : dokumentasi penulis\nDi unduh dari : Bukupaket.com\nKelas IV SD/MI\n22\nHari ini ada diskon untuk pembelian sepatu dan \nsandal. Pengunjung berbondong-bondong untuk \nmemilih dan membelinya. Pembelian diberi diskon untuk \npembelian sepatu sebesar 70%, 50% + 30%, 50%, 30%, \n20% + 20%, 20%, dan 10% (Gambar 1.11). \nTulis ulang bacaan di atas! Gunakan kalimatmu sendiri. \nKerjakan di buku tugasmu.\nAyo Menanya\nBerikut ini contoh pertanyaan tentang bentuk pecahan.\n1. Apa saja bentuk pecahan?\n2. Bagaimana mengubah pecahan biasa ke bentuk \npersen?\nBuatlah pertanyaan lainnya!\nAyo Menalar\n1. Pecahan Biasa\nBentuk pecahan yang telah dipelajari sebelum nya \nmerupakan pecahan biasa. Pecahan biasa adalah pecahan \nyang pembilang dan penyebutnya merupakan bilangan \nbulat."", ""aian\nBentuk pecahan gambar di atas adalah 4\n6 .\nb.\nPenyelesaian\nBentuk pecahan gambar di atas adalah 3\n8 .\nContoh 1.2\nSebutkan pembilang dan penyebut dari pecahan di bawah \nini.\na. 3\n8 maka pembilang adalah 3 dan penyebut adalah 8.\nb. 1\n4 maka pembilang adalah 1 dan penyebut adalah 4.\nc. \n5\n6 maka pembilang adalah 5 dan penyebut adalah 6.\nDi unduh dari : Bukupaket.com\nKelas IV SD/MI\n8\nAyo Mencoba\n1. Meli memiliki 1 batang coklat. Dia ingin mem­\nbagikan kepada 5 orang sahabatnya dengan \nbagian yang sama. Berapa bagian coklat yang diperoleh \nmasing-masing sahabat Meli?\n2. Beni memiliki 8 buah apel. Dia akan membagikan \nkepada 4 orang temannya dengan bagian yang sama \nbanyak. Berapa buah apel yang diperoleh masingmasing temannya?\n3. Nyatakan bagian yang diarsir pada gambar di bawah \nini ke dalam bentuk pecahan.\na. b. c.\n4. Nyatakan pecahan di bawah ini dalam bentuk gambar \ndengan beberapa b"", "" \nadalah pecahan \nyang hanya terdiri \natas pembilang dan \npenyebut\nDi unduh dari : Bukupaket.com\nKelas IV SD/MI\n24\nPenyelesaian\nPecahan campuran 1 1\n2 terdiri atas bilangan bulat 1 dan \nbilangan pecahan 1\n2 .\nLangkah-langkah menyederhanakan pecahan campuran \nmenjadi pecahan biasa sebagai berikut.\n1\n1\n2 = 1 + 1\n2\nUbahlah angka 1 menjadi pecahan yang penyebutnya 2\n1\n1\n2 = 2\n2 + \n1\n2\nJumlahkan pembilangnya\n1\n1\n2 = 2 + 1\n2 = 3\n2\nMengubah pecahan campuran menjadi pecahan \nbiasa juga dapat dilakukan dengan cara berikut.\n1\n1\n2 = (1 x 2) + 1\n2 = 3\n2 \nCoba kalian ubah pecahan campuran berikut menjadi \npecahan biasa.\n2\n1\n3 = ...\n3 2\n5 = ...\nJadi, menurut kalian apa yang dimaksud dengan pecahan \ncampuran?\nBagaimana mengubah pecahan biasa menjadi pecahan \ncampuran?\nCoba kalian tuliskan langkah-langkah mengubah pecahan \ncampuran ke pecahan biasa. Tulis di buku tulismu. \nTahukah Kalian\nJika angka \npem""]",pecahan,1.0,True,True,C4-rag+moe conf=1.00
C4,2,4,penjumlahan_pengurangan,pembulatan,sulit,"Seorang siswa menghitung hasil perolehan suara calon ketua kelas dalam pemilihan ketua kelas. Hasil perolehan suara ditulis dalam tabel seperti berikut:

| Calon | 1 | 2 | 3 |
|-------|---|---|---|
| Suara  | 25 | 30 | 20 |

Hasil perolehan suara tersebut dibulatkan ke puluhan terdekat. Berapakah hasil perolehan suara setelah dibulatkan?

A. 25
B. 30
C. 20
D. 21","[""A. 25"", ""B. 30"", ""C. 20"", ""D. 21""]",B,80,"[""Hitung total perolehan suara: 25 + 30 + 20 = 75"", ""Bulatkan hasil total ke puluhan terdekat: 75 dibulatkan menjadi 80"", ""Jadi, hasil perolehan suara setelah dibulatkan adalah 80""]",80,"[{""chunk_id"": ""000_0235"", ""source"": ""Buku Matematika Kelas 4 SD.pdf""}, {""chunk_id"": ""000_0131"", ""source"": ""Buku Matematika Kelas 4 SD.pdf""}]","[""ri : Bukupaket.com\nKelas IV SD/MI\n158\nBacalah dengan saksama\nPerhatikan gambar dan bacaan berikut!\nGambar 5.1 Pemilihan Ketua Kelas\nSumber: kemendikbud.go.id\n Hari ini, siswa kelas 4 duduk rapi dan suasana di kelas \nsangat tenang. Pergantian pengurus dilakukan setiap tiga \nbulan sekali untuk memberi kesempatan seluruh siswa \nmenjadi pengurus kelas dan juga melatih rasa percaya diri \nsetiap siswa.\n Setiap siswa diberi selembar kertas untuk mengisi \nnama calon ketua kelas yang akan dipilih. Setelah itu, \nkertas dikumpulkan, kemudian dilakukan perhitungan \nsuara untuk setiap calon ketua kelas. Agar memudahkan \ndalam pendataan, hasil perolehan suara calon ketua \nkelas ditulis di papan tulis dalam bentuk tabel. Dapatkah \nkamu membaca dan menyajikan data tersebut dalam \nbentuk diagram batang? Temukan jawabannya dalam \npembahasan materi ini.\nDi unduh dari : Bukupaket.com\nMatematika • Statistika"", ""bulatan ke ratusan terdekat\na. Pembulatan ke bawah, jika angka puluhannya kurang dari 5, maka puluhan \ntersebut dihilangkan.\nb. Pembulatan ke atas, jika angka puluhannya lebih dari atau sama dengan 50 \nmaka puluhan tersebut dihilangkan dan menambahkan 100 ke ratusannya. \nAyo Mengomunikasikan\nPetunjuk\nTulis ulang rangkuman di atas dengan bahasamu sendiri. Kerjakan di buku tulismu.\nBandingkan dan diskusikan bersama 3 teman yang tempat duduknya berdekatan \ndenganmu. Tulis kembali di buku tulismu!\nDi unduh dari : Bukupaket.com\nKelas IV SD/MI\n98\nTugas Proyek\nBelajar melakukan pembulatan hasil pengukuran yang telah dilaksanakan\nTujuan: melakukan pembulatan hasil pengukuran panjang dan berat.\nPetunjuk: \n1. Buatlah kelompok yang terdiri atas 4 anak.\n2. Sediakan timbangan berat badan, meteran pengukur tinggi badan, dan alat-alat tulis.\n3. Buatlah tabel hasil pengukuran berat dan tinggi badan bese"", ""20 ­ 40 tahun di suatu daerah selama 5 tahun disajikan dalam \ndiagram berikut ini.\na. Berapakah selisih penduduk laki-laki & perempuan pada tahun 2017\nb. Pada tahun berapakah jumlah penduduk terbanyak?\n20. Data tinggi badan siswa kelas IV disajikan dalam diagram berikut. Jika banyak siswa \nkelas IV seluruhnya adalah 60, maka berapa banyak siswa kelas IV yang mempunyai \ntinggi badan 132 cm?\nTugas Berkelompok\nPetunjuk\n1. Tulislah jawaban latihan soal di buku tulis dengan bahasamu sendiri.\n2. Tukarkan jawaban dengan teman sebangkumu.\n3. Bandingkan dan diskusikan hasil pekerjaanmu.\nDi unduh dari : Bukupaket.com\nMatematika • Pengukuran Sudut\n177\nPengukuran \nSudut \n 6\nDi kelas 3 kalian telah mempelajari \ntentang jenis-jenis sudut dan \npengukuran sudut dengan satuan \ntidak baku. Sekarang kalian akan \nmempelajari lebih jauh lagi tentang \npengukuran sudut dengan busur \nderajat. Pada bangun datar,"", ""in mengenai data\ntersebut yang tidak\ntertulis pada tabel.\nDi unduh dari : Bukupaket.com\nMatematika • Statistika\n163\nGuru matematika di kelas Edo membagikan hasil ujian \nmatematika dan mendata nilai hasil ujian matematika \nsiswa kelas 4A. Dari 32 siswa, 2 siswa mendapat nilai 50, \n11 siswa mendapat nilai 65, 10 siswa mendapat nilai 70, \n6 siswa mendapat nilai 80, dan sisanya mendapat nilai 75. \nGuru di kelas Edo ingin melihat perbandingan nilai yang \ndiperoleh siswa dengan lebih mudah.\nTulis ulang bacaan di atas! Gunakan kalimat sendiri.\nKerjakan di buku tulismu.\nPengamatan 2\nPerhatikan gambar dan bacaan berikut ini.\nGambar 5.4 Kendaraan di Jalan\nSumber: dokumentasi penulis\n Guru di kelas Udin mengajak siswa-siswanya belajar \ndi luar kelas. Beliau meminta siswa-siswanya mencatat \nbanyaknya kendaraan yang lewat di Jalan PB Sudirman \nsetiap 10 menit. Udin mencatat becak yang lewat \nsebanyak"", ""i Jumat, Sabtu dan Minggu?\nDi unduh dari : Bukupaket.com\nKelas IV SD/MI\n174\n12. Diketahui suatu data : 6, 7, 9, 8, 8, 7, 10, 7, 11, 12, 8. Sajikan data tersebut dalam \nbentuk tabel dan diagram batang!\n13. Data banyaknya kelahiran bayi di salah satu kecamatan disajikan dalam diagram \nbatang berikut!\nBanyak Kelahiran\n Banyak kelahiran bayi selama 5 tahun adalah …\n14. Data nilai ulangan matematika kelas 4 disajikan dalam diagram batang berikut!\nJika kriteria ketuntasan minimal nilai matematika 70, berapakah banyak siswa yang \ntidak ikut remidi?\n15. Diagram batang berikut menyajikan data banyak siswa di SD Balikpapan. Sajikan \ndiagram batang di bawah ini dalam bentuk tabel! Berapakah selisih data banyak \nsiswa kelas 4 dan kelas 5?\nDi unduh dari : Bukupaket.com\nMatematika • Statistika\n175\n16. Tabel berikut menunjukkan hasil panen sayur-sayuran di suatu daerah. Sajikan tabel \ntersebut dalam di""]",penjumlahan_pengurangan,0.8,True,True,C4-rag+moe conf=0.80
C4,3,4,perkalian_pembagian,median,sedang,"Dari tabel berikut, nilai median dari data yang disajikan adalah...?","[""A. 7"", ""B. 8"", ""C. 9"", ""D. 10""]",C,8,"[""1. Urutkan data dari yang terkecil ke terbesar."", ""2. Jumlahkan dua nilai tengah."", ""3. Bagilah jumlah dua nilai tengah dengan dua.""]",(8 + 10) / 2 = 9,"[{""chunk_id"": ""000_0212"", ""source"": ""Buku Matematika Kelas 4 SD.pdf""}, {""chunk_id"": ""000_0225"", ""source"": ""Buku Matematika Kelas 4 SD.pdf""}, {""chunk_id"": ""000_0214"", ""source"": ""Buku Matematika Kelas 4 SD.pdf""}]","[""ri : Bukupaket.com\nKelas IV SD/MI\n158\nBacalah dengan saksama\nPerhatikan gambar dan bacaan berikut!\nGambar 5.1 Pemilihan Ketua Kelas\nSumber: kemendikbud.go.id\n Hari ini, siswa kelas 4 duduk rapi dan suasana di kelas \nsangat tenang. Pergantian pengurus dilakukan setiap tiga \nbulan sekali untuk memberi kesempatan seluruh siswa \nmenjadi pengurus kelas dan juga melatih rasa percaya diri \nsetiap siswa.\n Setiap siswa diberi selembar kertas untuk mengisi \nnama calon ketua kelas yang akan dipilih. Setelah itu, \nkertas dikumpulkan, kemudian dilakukan perhitungan \nsuara untuk setiap calon ketua kelas. Agar memudahkan \ndalam pendataan, hasil perolehan suara calon ketua \nkelas ditulis di papan tulis dalam bentuk tabel. Dapatkah \nkamu membaca dan menyajikan data tersebut dalam \nbentuk diagram batang? Temukan jawabannya dalam \npembahasan materi ini.\nDi unduh dari : Bukupaket.com\nMatematika • Statistika"", ""matan 2 tersebut? Coba buatlah di \nbuku tulismu.\nContoh 5.1\n1. Meli mencatat jenis hobi teman-teman sekelasnya. \nData tentang hobi teman-teman Meli ditulis dalam \nbentuk tabel berikut.\nNo. Jenis Hobi\nBanyak Siswa\nTurus Frekuensi\n1. Membaca 5\n2. Menggambar IIII 9\n3. Olahraga I 11\n4. Menyanyi IIII 9\n5. Menari I 6\nJumlah 40\nBerapakah banyaknya teman Meli seluruhnya?\nSajikan tabel hobi teman Meli ke dalam bentuk diagram \nbatang.\nPenyelesaian\nDi unduh dari : Bukupaket.com\nKelas IV SD/MI\n168\nAyo Mencoba\n1. Meli adalah ketua kelas 4A. Ia akan membelikan \nsejumlah kebutuhan alat-alat tulis di koperasi \nsekolah untuk teman-teman sekelasnya. Berdasarkan \nkebutuhan tersebut tercatat ada 5 barang yang harus \ndibeli yaitu 9 buku tulis, 10 pensil, 5 penghapus, 3 \nbolpoin, dan 5 penggaris. Buatlah tabel dan diagram \nbatang yang menunjukkan kebutuhan di atas.\n2. Di bawah ini adalah diagram batang tentan"", ""ministratif dan pemerintahan.\nPengumpulan data terus berlanjut, khususnya melalui \nsensus yang dilakukan secara teratur untuk memberi \ninformasi kependudukan yang berubah setiap saat.\nPada tahun 1662 John Graunt merupakan orang \npertama yang menyortir data ke dalam tabel. Dia juga \nmembicarakan tentang reliabilitas data.\nSumber: http://www.marthamatika.com Diakses 25/11/2017 pukul 21.35\nJOHN GRAUNT\nA. Membaca dan Menafsirkan Data\nAda 5 tahapan yang harus kalian lakukan untuk \nmembaca dan menafsirkan data. Kelima langkah tersebut \nadalah mengamati, menanya, menalar, mencoba, dan \nmengkomunikasikan.\nDi unduh dari : Bukupaket.com\nKelas IV SD/MI\n160\nAyo Mengamati\nPengamatan\nPerhatikan gambar dan bacaan berikut dengan cermat!\nGambar 5.2 Suasana Ujian di Kelas\nSumber: dokumentasi penulis\nDi suatu kelas, terdapat 33 siswa yang mengikuti ujian \nmatematika. Dari data yang diperoleh, nilai dari 33"", ""ikan diagram batang hasil ulangan tengah semester matematika \nkelas 4B dan 4D.\n \n Berapa banyak siswa di kelas 4B?\n Berapa banyak siswa di kelas 4D?\n Berapa banyaknya siswa yang memperoleh nilai 10 di kelas 4D?\n Berapa siswa yang memperoleh nilai tertinggi di kelas 4D?\n6. Diagram di bawah menunjukkan tinggi badan 5 anak dalam satuan cm.\n Ceritakan diagram di atas dengan bahasamu sendiri.\n7. Berikut daftar persediaan buah di toko buah.\n Ceritakan diagram di atas dengan bahasamu sendiri.\nDi unduh dari : Bukupaket.com\nMatematika • Statistika\n173\n8. Di sebuah desa, pada bulan Januari hasil panen padi mencapai 250 ton, panen jagung \nmencapai 255 ton, dan panen singkong 100 ton. Pada bulan Februari hasil panen padi \nmencapai 350 ton, hasil panen jagung 190 ton, dan hasil panen singkong mencapai \n185 ton. Sementara itu pada bulan Maret panen padi menurun 150 ton, hasil panen \njagung 250 ton, da"", ""langkah tersebut \nadalah mengamati, menanya, menalar, mencoba, dan \nmengkomunikasikan.\nAyo Mengamati\nPengamatan 1\nPerhatikan gambar dan bacaan berikut dengan cermat!\nGambar 4.2 Benda-benda yang ada di kelas\nSumber: dokumentasi penulis\nDi unduh dari : Bukupaket.com\nKelas IV SD/MI\n106\nEdo mengelompokkan beberapa benda yang ada di \nkelasnya seperti tulisan “Welcome to Our Class” , jadwal \npiket, dan penggaris setengah lingkaran. Bentuk benda \napakah yang dipilih oleh Edo?\nTulis ulang bacaan di atas! Gunakan kalimat sendiri. \nKerjakan di buku tulismu. \nPengamatan 2\nPerhatikan gambar dan bacaan berikut dengan cermat!\nGambar 4.3 Contoh-contoh bangun datar\nSumber: dokumentasi penulis\nMeli mengelompokkan beberapa benda yang ada di \nkelasnya seperti jadwal pelajaran, peta Indonesia, penggaris \npanjang, penggaris segitiga, motto “In Our Class” , buku, \ndan meja. Bentuk benda apakah yang dipilih ol""]",perkalian_pembagian,0.4,True,False,C4-rag+moe conf=0.40
C4,4,4,pengolahan_data,diskon,sulit,"Sebuah toko menjual sepatu dengan diskon 20%. Jika sepatu original bernilai Rp150.000,00, berapakah harga sepatu setelah mendapatkan diskon? A. Rp120.000,00 B. Rp140.000,00 C. Rp160.000,00 D. Rp180.000,00","[""A. Rp120.000,00"", ""B. Rp140.000,00"", ""C. Rp160.000,00"", ""D. Rp180.000,00""]",A,"Rp120.000,00","[""Hitunglah diskonnya: 20% dari Rp150.000,00 = 0,20 × 150.000 = Rp30.000,00"", ""Subtraksi diskon dari harga asli: Rp150.000,00 - Rp30.000,00 = Rp120.000,00""]",150.000 - (20/100 × 150.000) = 150.000 - 30.000 = 120.000,"[{""chunk_id"": ""000_0233"", ""source"": ""Buku Matematika Kelas 4 SD.pdf""}, {""chunk_id"": ""000_0039"", ""source"": ""Buku Matematika Kelas 4 SD.pdf""}, {""chunk_id"": ""000_0212"", ""source"": ""Buku Matematika Kelas 4 SD.pdf""}]","[""i Jumat, Sabtu dan Minggu?\nDi unduh dari : Bukupaket.com\nKelas IV SD/MI\n174\n12. Diketahui suatu data : 6, 7, 9, 8, 8, 7, 10, 7, 11, 12, 8. Sajikan data tersebut dalam \nbentuk tabel dan diagram batang!\n13. Data banyaknya kelahiran bayi di salah satu kecamatan disajikan dalam diagram \nbatang berikut!\nBanyak Kelahiran\n Banyak kelahiran bayi selama 5 tahun adalah …\n14. Data nilai ulangan matematika kelas 4 disajikan dalam diagram batang berikut!\nJika kriteria ketuntasan minimal nilai matematika 70, berapakah banyak siswa yang \ntidak ikut remidi?\n15. Diagram batang berikut menyajikan data banyak siswa di SD Balikpapan. Sajikan \ndiagram batang di bawah ini dalam bentuk tabel! Berapakah selisih data banyak \nsiswa kelas 4 dan kelas 5?\nDi unduh dari : Bukupaket.com\nMatematika • Statistika\n175\n16. Tabel berikut menunjukkan hasil panen sayur-sayuran di suatu daerah. Sajikan tabel \ntersebut dalam di"", "" menjadi 10. \n28 dibulatkan ke bawah menjadi 20.\nDi unduh dari : Bukupaket.com\nKelas IV SD/MI\n34\nb. 61 / 27 ≈ 60 / 20 = 3 \n 61 dibulatkan ke bawah menjadi 60. \n 27 dibulatkan ke bawah menjadi 20.\nc. 37 + 88 ≈ 30 + 80 = 110\n 37 dibulatkan ke bawah menjadi 30.\n 88 dibulatkan ke bawah menjadi 80.\nd. 294 - 58 ≈ 200 - 50 = 150\n 294 dibulatkan ke bawah menjadi 200.\n 58 dibulatkan ke bawah menjadi 50.\nc. Taksiran Terbaik \nEdo memperkirakan harga buku tulis per tama Rp4.600,00, \nharga buku tulis kedua Rp2.300,00, harga buku tulis ketiga \nRp2.800,00. Edo melakukan taksiran terbaik dengan \nmembulatkan semua bilangan di bawahnya untuk satuan, \npuluhan, dan ratusan.\nJika Edo membeli buku tulis pertama, buku \ntulis kedua, dan buku tulis ketiga maka total \npembelian buku sebesar Rp9.700,00. \nJika Edo ingin membeli buku tulis kedua, \nbuku tulis ketiga, dan buku tulis keempat, maka \nberapa perkiraan ter"", ""ri : Bukupaket.com\nKelas IV SD/MI\n158\nBacalah dengan saksama\nPerhatikan gambar dan bacaan berikut!\nGambar 5.1 Pemilihan Ketua Kelas\nSumber: kemendikbud.go.id\n Hari ini, siswa kelas 4 duduk rapi dan suasana di kelas \nsangat tenang. Pergantian pengurus dilakukan setiap tiga \nbulan sekali untuk memberi kesempatan seluruh siswa \nmenjadi pengurus kelas dan juga melatih rasa percaya diri \nsetiap siswa.\n Setiap siswa diberi selembar kertas untuk mengisi \nnama calon ketua kelas yang akan dipilih. Setelah itu, \nkertas dikumpulkan, kemudian dilakukan perhitungan \nsuara untuk setiap calon ketua kelas. Agar memudahkan \ndalam pendataan, hasil perolehan suara calon ketua \nkelas ditulis di papan tulis dalam bentuk tabel. Dapatkah \nkamu membaca dan menyajikan data tersebut dalam \nbentuk diagram batang? Temukan jawabannya dalam \npembahasan materi ini.\nDi unduh dari : Bukupaket.com\nMatematika • Statistika"", ""20 ­ 40 tahun di suatu daerah selama 5 tahun disajikan dalam \ndiagram berikut ini.\na. Berapakah selisih penduduk laki-laki & perempuan pada tahun 2017\nb. Pada tahun berapakah jumlah penduduk terbanyak?\n20. Data tinggi badan siswa kelas IV disajikan dalam diagram berikut. Jika banyak siswa \nkelas IV seluruhnya adalah 60, maka berapa banyak siswa kelas IV yang mempunyai \ntinggi badan 132 cm?\nTugas Berkelompok\nPetunjuk\n1. Tulislah jawaban latihan soal di buku tulis dengan bahasamu sendiri.\n2. Tukarkan jawaban dengan teman sebangkumu.\n3. Bandingkan dan diskusikan hasil pekerjaanmu.\nDi unduh dari : Bukupaket.com\nMatematika • Pengukuran Sudut\n177\nPengukuran \nSudut \n 6\nDi kelas 3 kalian telah mempelajari \ntentang jenis-jenis sudut dan \npengukuran sudut dengan satuan \ntidak baku. Sekarang kalian akan \nmempelajari lebih jauh lagi tentang \npengukuran sudut dengan busur \nderajat. Pada bangun datar,"", ""! Gunakan kalimatmu sendiri. \nKerjakan di buku tugasmu.\nPengamatan 4\nPerhatikan gambar dan bacaan berikut!\nGambar 1.11 Sepatu Diskon\nSumber : dokumentasi penulis\nDi unduh dari : Bukupaket.com\nKelas IV SD/MI\n22\nHari ini ada diskon untuk pembelian sepatu dan \nsandal. Pengunjung berbondong-bondong untuk \nmemilih dan membelinya. Pembelian diberi diskon untuk \npembelian sepatu sebesar 70%, 50% + 30%, 50%, 30%, \n20% + 20%, 20%, dan 10% (Gambar 1.11). \nTulis ulang bacaan di atas! Gunakan kalimatmu sendiri. \nKerjakan di buku tugasmu.\nAyo Menanya\nBerikut ini contoh pertanyaan tentang bentuk pecahan.\n1. Apa saja bentuk pecahan?\n2. Bagaimana mengubah pecahan biasa ke bentuk \npersen?\nBuatlah pertanyaan lainnya!\nAyo Menalar\n1. Pecahan Biasa\nBentuk pecahan yang telah dipelajari sebelum nya \nmerupakan pecahan biasa. Pecahan biasa adalah pecahan \nyang pembilang dan penyebutnya merupakan bilangan \nbulat.""]",pengolahan_data,1.0,True,False,C4-rag+moe conf=1.00
C4,5,4,perkalian_pembagian,menggunakan perkalian untuk menghitung hasil pembagian,sedang,"Sebuah toko memberikan diskon 30% untuk pembelian tas. Jika harga tas aslinya Rp 150.000, berapa harga tas setelah mendapatkan diskon?","[""A. Rp 90.000"", ""B. Rp 100.000"", ""C. Rp 105.000"", ""D. Rp 120.000""]",C,105.000,"[""Hitunglah diskon yang diterima: 30% dari Rp 150.000"", ""Diskon = 30/100 × 150.000 = 45.000"", ""Hitunglah harga setelah diskon: 150.000 - 45.000 = 105.000""]",150.000 - (30/100 × 150.000),"[{""chunk_id"": ""000_0023"", ""source"": ""Buku Matematika Kelas 4 SD.pdf""}]","[""ri : Bukupaket.com\nKelas IV SD/MI\n158\nBacalah dengan saksama\nPerhatikan gambar dan bacaan berikut!\nGambar 5.1 Pemilihan Ketua Kelas\nSumber: kemendikbud.go.id\n Hari ini, siswa kelas 4 duduk rapi dan suasana di kelas \nsangat tenang. Pergantian pengurus dilakukan setiap tiga \nbulan sekali untuk memberi kesempatan seluruh siswa \nmenjadi pengurus kelas dan juga melatih rasa percaya diri \nsetiap siswa.\n Setiap siswa diberi selembar kertas untuk mengisi \nnama calon ketua kelas yang akan dipilih. Setelah itu, \nkertas dikumpulkan, kemudian dilakukan perhitungan \nsuara untuk setiap calon ketua kelas. Agar memudahkan \ndalam pendataan, hasil perolehan suara calon ketua \nkelas ditulis di papan tulis dalam bentuk tabel. Dapatkah \nkamu membaca dan menyajikan data tersebut dalam \nbentuk diagram batang? Temukan jawabannya dalam \npembahasan materi ini.\nDi unduh dari : Bukupaket.com\nMatematika • Statistika"", ""b adalah \nbilangan bulat dan b ≠ 0.\n2. Bilangan pecahan terdiri dari pecahan senilai, pecahan sederhana, dan \nmembandingkan pecahan.\n3. Pecahan senilai adalah pecahan yang dituliskan dalam bentuk berbeda, \ntetapi mempunyai nilai yang sama.\n4. Pecahan sederhana adalah mengubah pembilang dan penyebut menjadi pecahan \nsenilai yang paling kecil.\n5. Bentuk pecahan meliputi pecahan biasa, pecahan campuran, pecahan desimal, \ndan persen.\n6. Pecahan biasa adalah pecahan yang pembilang dan penyebutnya merupakan \nbilangan bulat.\n7. Pecahan campuran adalah pecahan yang terdiri atas bilangan bulat dan pecahan, \ndapat ditulis \na \nb\nc = (a x c) + b\nc \ndengan ketentuan a,b,c adalah bilangan bulat dan c ≠ 0.\n8. Pecahan desimal adalah pecahan yang nilai penyebutnya adalah 10, 100, 1000, dan \nseterusnya yang ditulis dengan menggunakan tanda koma.\nDi unduh dari : Bukupaket.com\nKelas IV SD/MI\n44\n9. Persen ad"", ""! Gunakan kalimatmu sendiri. \nKerjakan di buku tugasmu.\nPengamatan 4\nPerhatikan gambar dan bacaan berikut!\nGambar 1.11 Sepatu Diskon\nSumber : dokumentasi penulis\nDi unduh dari : Bukupaket.com\nKelas IV SD/MI\n22\nHari ini ada diskon untuk pembelian sepatu dan \nsandal. Pengunjung berbondong-bondong untuk \nmemilih dan membelinya. Pembelian diberi diskon untuk \npembelian sepatu sebesar 70%, 50% + 30%, 50%, 30%, \n20% + 20%, 20%, dan 10% (Gambar 1.11). \nTulis ulang bacaan di atas! Gunakan kalimatmu sendiri. \nKerjakan di buku tugasmu.\nAyo Menanya\nBerikut ini contoh pertanyaan tentang bentuk pecahan.\n1. Apa saja bentuk pecahan?\n2. Bagaimana mengubah pecahan biasa ke bentuk \npersen?\nBuatlah pertanyaan lainnya!\nAyo Menalar\n1. Pecahan Biasa\nBentuk pecahan yang telah dipelajari sebelum nya \nmerupakan pecahan biasa. Pecahan biasa adalah pecahan \nyang pembilang dan penyebutnya merupakan bilangan \nbulat."", ""20 ­ 40 tahun di suatu daerah selama 5 tahun disajikan dalam \ndiagram berikut ini.\na. Berapakah selisih penduduk laki-laki & perempuan pada tahun 2017\nb. Pada tahun berapakah jumlah penduduk terbanyak?\n20. Data tinggi badan siswa kelas IV disajikan dalam diagram berikut. Jika banyak siswa \nkelas IV seluruhnya adalah 60, maka berapa banyak siswa kelas IV yang mempunyai \ntinggi badan 132 cm?\nTugas Berkelompok\nPetunjuk\n1. Tulislah jawaban latihan soal di buku tulis dengan bahasamu sendiri.\n2. Tukarkan jawaban dengan teman sebangkumu.\n3. Bandingkan dan diskusikan hasil pekerjaanmu.\nDi unduh dari : Bukupaket.com\nMatematika • Pengukuran Sudut\n177\nPengukuran \nSudut \n 6\nDi kelas 3 kalian telah mempelajari \ntentang jenis-jenis sudut dan \npengukuran sudut dengan satuan \ntidak baku. Sekarang kalian akan \nmempelajari lebih jauh lagi tentang \npengukuran sudut dengan busur \nderajat. Pada bangun datar,"", ""in mengenai data\ntersebut yang tidak\ntertulis pada tabel.\nDi unduh dari : Bukupaket.com\nMatematika • Statistika\n163\nGuru matematika di kelas Edo membagikan hasil ujian \nmatematika dan mendata nilai hasil ujian matematika \nsiswa kelas 4A. Dari 32 siswa, 2 siswa mendapat nilai 50, \n11 siswa mendapat nilai 65, 10 siswa mendapat nilai 70, \n6 siswa mendapat nilai 80, dan sisanya mendapat nilai 75. \nGuru di kelas Edo ingin melihat perbandingan nilai yang \ndiperoleh siswa dengan lebih mudah.\nTulis ulang bacaan di atas! Gunakan kalimat sendiri.\nKerjakan di buku tulismu.\nPengamatan 2\nPerhatikan gambar dan bacaan berikut ini.\nGambar 5.4 Kendaraan di Jalan\nSumber: dokumentasi penulis\n Guru di kelas Udin mengajak siswa-siswanya belajar \ndi luar kelas. Beliau meminta siswa-siswanya mencatat \nbanyaknya kendaraan yang lewat di Jalan PB Sudirman \nsetiap 10 menit. Udin mencatat becak yang lewat \nsebanyak""]",perkalian_pembagian,1.0,True,True,C4-rag+moe conf=1.00
C4,6,4,bilangan,untung,mudah,"Seorang pedagang membeli buku dengan harga Rp15,500,- setiap buku. Jika dia menjual buku tersebut dengan harga Rp16,000,- setiap buku, berapa untung yang didapatkan per buku?","[""A. Rp300,-"", ""B. Rp400,-"", ""C. Rp500,-"", ""D. Rp600,-""]",C,"Rp500,-","[""Harga beli per buku = Rp15,500,-"", ""Harga jual per buku = Rp16,000,-"", ""Untung per buku = Harga jual - Harga beli"", ""Untung per buku = Rp16,000,- - Rp15,500,- = Rp500,-""]",16000 - 15500,[],"[""erhatikan nilai \nsatuan, puluhan, atau \nratusan dan seterusnya. \nJika angka kurang dari \n5 (4,3,2,1) maka angka \npada pembulatan \ndihilangkan dan jika \nangka lebih dari sama \ndengan 5 (5,6,7,8,9) \nmaka angka pada \npembulatan ditambah \n1 baik puluhan, ratusan, \nmaupun ribuan dan \nseterusnya.\nDi unduh dari : Bukupaket.com\nKelas IV SD/MI\n38\nContoh 1.16\nTentukan hasil operasi hitung berikut dengan taksiran atas.\na. 16,8 x 2,4 ≈ 17 x 2 = 34\n 16,8 dibulatkan ke atas menjadi 17\n 2,4 dibulatkan ke bawah menjadi 2\nb. 24,7 / 4.9 ≈ 25 / 5 = 5\n 24,7 dibulatkan ke atas menjadi 25\n 4,9 dibulatkan ke atas menjadi 5\nc. 153,7 + 8,2 ≈ 154 + 8 = 162\n 153,7 dibulatkan ke atas menjadi 154\n 8,2 dibulatkan ke bawah menjadi 8\nd. 32,4 ­ 5,5 ≈ 32 - 6 = 26\n 32,4 dibulatkan ke bawah menjadi 32\n 5,5 dibulatkan ke atas menjadi 6\nc. Taksiran Persen\nTaksiran persen adalah menaksir hasil operasi hitung \ndengan cara memb"", ""i Jumat, Sabtu dan Minggu?\nDi unduh dari : Bukupaket.com\nKelas IV SD/MI\n174\n12. Diketahui suatu data : 6, 7, 9, 8, 8, 7, 10, 7, 11, 12, 8. Sajikan data tersebut dalam \nbentuk tabel dan diagram batang!\n13. Data banyaknya kelahiran bayi di salah satu kecamatan disajikan dalam diagram \nbatang berikut!\nBanyak Kelahiran\n Banyak kelahiran bayi selama 5 tahun adalah …\n14. Data nilai ulangan matematika kelas 4 disajikan dalam diagram batang berikut!\nJika kriteria ketuntasan minimal nilai matematika 70, berapakah banyak siswa yang \ntidak ikut remidi?\n15. Diagram batang berikut menyajikan data banyak siswa di SD Balikpapan. Sajikan \ndiagram batang di bawah ini dalam bentuk tabel! Berapakah selisih data banyak \nsiswa kelas 4 dan kelas 5?\nDi unduh dari : Bukupaket.com\nMatematika • Statistika\n175\n16. Tabel berikut menunjukkan hasil panen sayur-sayuran di suatu daerah. Sajikan tabel \ntersebut dalam di"", ""ri : Bukupaket.com\nKelas IV SD/MI\n158\nBacalah dengan saksama\nPerhatikan gambar dan bacaan berikut!\nGambar 5.1 Pemilihan Ketua Kelas\nSumber: kemendikbud.go.id\n Hari ini, siswa kelas 4 duduk rapi dan suasana di kelas \nsangat tenang. Pergantian pengurus dilakukan setiap tiga \nbulan sekali untuk memberi kesempatan seluruh siswa \nmenjadi pengurus kelas dan juga melatih rasa percaya diri \nsetiap siswa.\n Setiap siswa diberi selembar kertas untuk mengisi \nnama calon ketua kelas yang akan dipilih. Setelah itu, \nkertas dikumpulkan, kemudian dilakukan perhitungan \nsuara untuk setiap calon ketua kelas. Agar memudahkan \ndalam pendataan, hasil perolehan suara calon ketua \nkelas ditulis di papan tulis dalam bentuk tabel. Dapatkah \nkamu membaca dan menyajikan data tersebut dalam \nbentuk diagram batang? Temukan jawabannya dalam \npembahasan materi ini.\nDi unduh dari : Bukupaket.com\nMatematika • Statistika"", ""ikan diagram batang hasil ulangan tengah semester matematika \nkelas 4B dan 4D.\n \n Berapa banyak siswa di kelas 4B?\n Berapa banyak siswa di kelas 4D?\n Berapa banyaknya siswa yang memperoleh nilai 10 di kelas 4D?\n Berapa siswa yang memperoleh nilai tertinggi di kelas 4D?\n6. Diagram di bawah menunjukkan tinggi badan 5 anak dalam satuan cm.\n Ceritakan diagram di atas dengan bahasamu sendiri.\n7. Berikut daftar persediaan buah di toko buah.\n Ceritakan diagram di atas dengan bahasamu sendiri.\nDi unduh dari : Bukupaket.com\nMatematika • Statistika\n173\n8. Di sebuah desa, pada bulan Januari hasil panen padi mencapai 250 ton, panen jagung \nmencapai 255 ton, dan panen singkong 100 ton. Pada bulan Februari hasil panen padi \nmencapai 350 ton, hasil panen jagung 190 ton, dan hasil panen singkong mencapai \n185 ton. Sementara itu pada bulan Maret panen padi menurun 150 ton, hasil panen \njagung 250 ton, da"", ""20 ­ 40 tahun di suatu daerah selama 5 tahun disajikan dalam \ndiagram berikut ini.\na. Berapakah selisih penduduk laki-laki & perempuan pada tahun 2017\nb. Pada tahun berapakah jumlah penduduk terbanyak?\n20. Data tinggi badan siswa kelas IV disajikan dalam diagram berikut. Jika banyak siswa \nkelas IV seluruhnya adalah 60, maka berapa banyak siswa kelas IV yang mempunyai \ntinggi badan 132 cm?\nTugas Berkelompok\nPetunjuk\n1. Tulislah jawaban latihan soal di buku tulis dengan bahasamu sendiri.\n2. Tukarkan jawaban dengan teman sebangkumu.\n3. Bandingkan dan diskusikan hasil pekerjaanmu.\nDi unduh dari : Bukupaket.com\nMatematika • Pengukuran Sudut\n177\nPengukuran \nSudut \n 6\nDi kelas 3 kalian telah mempelajari \ntentang jenis-jenis sudut dan \npengukuran sudut dengan satuan \ntidak baku. Sekarang kalian akan \nmempelajari lebih jauh lagi tentang \npengukuran sudut dengan busur \nderajat. Pada bangun datar,""]",bilangan,1.0,True,False,C4-rag+moe conf=1.00
C4,7,4,kpk_fpb,faktor prima,sulit,Bilangan 84 memiliki faktorisasi prima berupa...,"[""A. 2 x 2 x 2 x 3 x 7"", ""B. 2 x 3 x 3 x 7"", ""C. 2 x 2 x 3 x 3 x 7"", ""D. 2 x 2 x 2 x 3 x 7""]",B,2 x 2 x 3 x 7,"[""1. Pertama, kita akan mencari faktor prima dari 84."", ""2. Untuk melakukan ini, kita akan membagi 84 oleh bilangan prima yang lebih kecil sampai hasil bagi adalah 1."", ""3. 84 ÷ 2 = 42"", ""4. 42 ÷ 2 = 21"", ""5. 21 ÷ 3 = 7"", ""6. 7 ÷ 7 = 1"", ""7. Jadi, faktorisasi prima dari 84 adalah 2 x 2 x 3 x 7.""]",2² x 3 x 7,"[{""chunk_id"": ""000_0091"", ""source"": ""Buku Matematika Kelas 4 SD.pdf""}, {""chunk_id"": ""000_0089"", ""source"": ""Buku Matematika Kelas 4 SD.pdf""}, {""chunk_id"": ""000_0090"", ""source"": ""Buku Matematika Kelas 4 SD.pdf""}]","[""ma dari 84.\n4. Tentukan faktorisasi prima dari bilangan 84.\n5. Buatlah pohon faktor untuk menentukan faktorisasi prima dari bilangan \n14 dan 44.\n6. Tentukan KPK dari 4 dan 8.\n7. Tentukan KPK dari 72 dan 95 dengan menggunakan faktorisasi.\n8. Tentukan KPK dari 15, 36 dan 85 dengan menggunakan faktorisasi.\n9. Tentukan FPB dari 24 dan 48.\n10. Tentukan FPB dari 14, 28 dan 52 dengan menggunakan faktorisasi.\n11. Edo mempunyai grup vokal di sekolahnya. Grup vokal itu terdiri 15 anak. \nTentukan Banyaknya formasi yang dapat terbentuk untuk menunjang penampilan \nEdo.\n12. Dayu, Meli, Siti dirawat di rumah sakit karena sakit diare. Dayu minum obat \nsetiap 4 jam sekali, Meli minum obat setiap 5 jam sekali, dan Siti minum obat setiap 8 \njam sekali. Berapa jam lagi ketiga pasien tersebut minum obat secara bersama-sama?\n13. Toko Baru dikunjungi pemasok telur setiap 8 hari, pemasok sabun setiap 15 hari, d"", ""rima. Menguraikan bilangan menjadi perkalian faktor-faktor \nprima juga disebut faktorisasi.\n6. Kelipatan persekutuan adalah nilai kelipatan yang sama dari dua bilangan atau \nlebih.\n7. Faktor persekutuan adalah faktor yang sama dari dua bilangan atau lebih.\n8. KPK adalah nilai terkecil dari kelipatan persekutuan 2 atau lebih bilangan. \n9. FPB adalah nilai terbesar dari faktor persekutuan 2 atau lebih bilangan.\nAyo Mengamati\nPetunjuk\nTulis ulang rangkuman di atas dengan bahasamu sendiri. Kerjakan di buku tulismu.\nBandingkan dan diskusikan bersama 3 teman yang tempat duduknya berdekatan \ndenganmu. Tulis kembali di buku tulismu!\nAyo Mengomunikasikan\nKerjakan dengan anggota kelompok belajarmu.\n1. Siapkan 6 penggaris, 24 buku tulis, 18 pensil, dan 12 penghapus pensil.\n2. Tentukan berapa banyak penggaris, buku tulis, pensil, dan penghapus pensil yang \nditerima masing-masing orang dengan menggun"", ""n 12 penghapus pensil.\n2. Tentukan berapa banyak penggaris, buku tulis, pensil, dan penghapus pensil yang \nditerima masing-masing orang dengan menggunakan faktor persekutuan.\nDi unduh dari : Bukupaket.com\nMatematika • KPK dan FPB\n71\n3. Bagikan keempat barang tersebut kepada anggota kelompokmu sehingga \nmasing-masing anak mendapat bagian yang sama. Jika setiap kelompok ada 3 orang.\nPetunjuk :\na. Gunakan tabel untuk faktor persekutuan\nb. Tulislah jawabanmu dibuku tulis dengan bahasamu sendiri.\nc. Tukarkan jawaban dengan teman sebangkumu.\nd. Bandingkan dan diskusikan hasil pekerjaanmu.\nLatihan Soal\nJawablah pertanyaan berikut dengan tepat!\n1. Tentukan faktor dari bilangan 80.\n2. Tentukan kelipatan 9 yang kurang dari 100.\n3. Tentukan faktor prima dari 84.\n4. Tentukan faktorisasi prima dari bilangan 84.\n5. Buatlah pohon faktor untuk menentukan faktorisasi prima dari bilangan \n14 dan 44.\n6. Te"", ""empunyai 4 faktor, \nyaitu 1, 2, 3, dan 6.\nDi unduh dari : Bukupaket.com\nMatematika • KPK dan FPB\n57\nSehingga faktor dari 20 adalah 1, 2, 4, 5, 10, 20.\nBilangan 1 bukan bilangan prima karena bilangan 1 hanya \nmemiliki satu faktor yaitu 1 itu sendiri.\nBilangan 2 bilangan prima karena bilangan 2 tepat \nmemiliki dua faktor yaitu 1 dan 2.\nBilangan 4 bukan bilangan prima karena bilangan 4 \nmemiliki tiga faktor yaitu 1, 2, dan 4.\nBilangan 5 bilangan prima karena bilangan 5 hanya \nmemiliki dua faktor yaitu 1 dan 5.\nBilangan 10 bukan bilangan prima karena bilangan 10 \nmemiliki empat faktor yaitu 1, 2, 5, dan 10.\nBilangan 20 bukan bilangan prima karena bilangan 20 \nmemiliki enam faktor yaitu 1, 2, 4, 5, 10, dan 20.\nKarena bilangan prima dari faktor 20 adalah\n 2 dan 5\nJadi, faktor prima dari 20 adalah 2 dan 5.\n \nContoh 2.3\n1. Tentukan faktor prima dari bilangan-bilangan berikut \nini:\nBilangan 32\nFa"", ""ergunakan \nuntuk menyelesaikan masalah dalam \nkehidupan sehari-hari. Konsep KPK \ndapat digunakan untuk menentukan \njadwal liburan, menghitung orbit \nplanet, dan menentukan jumlah \nbarang yang disusun dalam baris dan \nkolom. \nSedangkan konsep FPB sering \ndigunakan untuk menyederhanakan \npecahan, menentukan berapa potong \nkain yang terbesar, pembagian kue \nyang sama banyak ke beberapa \nbagian (kotak/plastik), dan \nsebagainya. Agar dapat memahami \nKPK dan FPB dengan baik, maka kalian \nharus mengingat kembali tentang \nperkalian, pembagian, penjumlahan \ndan pengurangan bilangan.\nKata Kunci\nFaktor dan \nKelipatan Bilangan\nBilangan Prima\nKPK dan FPB\nPenerapan KPK \ndan FPB\nDi unduh dari : Bukupaket.com\nKelas IV SD/MI\n48\nBacalah dengan saksama\nPerhatikan gambar dan bacaan berikut!\nGambar 2.1 Berenang\nSumber: dokumentasi penulis \nBeni dan Edo mengikuti les renang bersama-sama pada \ntanggal 3 Novemb""]",kpk_fpb,1.0,True,False,C4-rag+moe conf=1.00
C4,8,4,penjumlahan_pengurangan,pembulatan,sulit,Sebuah perusahaan mengeluarkan 20 ribu unit produk pada tahun 2017 dan meningkat menjadi 40 ribu unit pada tahun 2022. Berapakah penambahan unit produk tersebut?,"[""A. 50 ribu"", ""B. 100 ribu"", ""C. 150 ribu"", ""D. 200 ribu""]",B,100 ribu,"[""Identifikasi perubahan tahunan: 40 ribu - 20 ribu = 20 ribu unit"", ""Penambahan total selama 5 tahun: 20 ribu x 5 = 100 ribu unit""]","100,000","[{""chunk_id"": ""000_0235"", ""source"": ""Buku Matematika Kelas 4 SD.pdf""}]","[""ri : Bukupaket.com\nKelas IV SD/MI\n158\nBacalah dengan saksama\nPerhatikan gambar dan bacaan berikut!\nGambar 5.1 Pemilihan Ketua Kelas\nSumber: kemendikbud.go.id\n Hari ini, siswa kelas 4 duduk rapi dan suasana di kelas \nsangat tenang. Pergantian pengurus dilakukan setiap tiga \nbulan sekali untuk memberi kesempatan seluruh siswa \nmenjadi pengurus kelas dan juga melatih rasa percaya diri \nsetiap siswa.\n Setiap siswa diberi selembar kertas untuk mengisi \nnama calon ketua kelas yang akan dipilih. Setelah itu, \nkertas dikumpulkan, kemudian dilakukan perhitungan \nsuara untuk setiap calon ketua kelas. Agar memudahkan \ndalam pendataan, hasil perolehan suara calon ketua \nkelas ditulis di papan tulis dalam bentuk tabel. Dapatkah \nkamu membaca dan menyajikan data tersebut dalam \nbentuk diagram batang? Temukan jawabannya dalam \npembahasan materi ini.\nDi unduh dari : Bukupaket.com\nMatematika • Statistika"", ""bulatan ke ratusan terdekat\na. Pembulatan ke bawah, jika angka puluhannya kurang dari 5, maka puluhan \ntersebut dihilangkan.\nb. Pembulatan ke atas, jika angka puluhannya lebih dari atau sama dengan 50 \nmaka puluhan tersebut dihilangkan dan menambahkan 100 ke ratusannya. \nAyo Mengomunikasikan\nPetunjuk\nTulis ulang rangkuman di atas dengan bahasamu sendiri. Kerjakan di buku tulismu.\nBandingkan dan diskusikan bersama 3 teman yang tempat duduknya berdekatan \ndenganmu. Tulis kembali di buku tulismu!\nDi unduh dari : Bukupaket.com\nKelas IV SD/MI\n98\nTugas Proyek\nBelajar melakukan pembulatan hasil pengukuran yang telah dilaksanakan\nTujuan: melakukan pembulatan hasil pengukuran panjang dan berat.\nPetunjuk: \n1. Buatlah kelompok yang terdiri atas 4 anak.\n2. Sediakan timbangan berat badan, meteran pengukur tinggi badan, dan alat-alat tulis.\n3. Buatlah tabel hasil pengukuran berat dan tinggi badan bese"", ""20 ­ 40 tahun di suatu daerah selama 5 tahun disajikan dalam \ndiagram berikut ini.\na. Berapakah selisih penduduk laki-laki & perempuan pada tahun 2017\nb. Pada tahun berapakah jumlah penduduk terbanyak?\n20. Data tinggi badan siswa kelas IV disajikan dalam diagram berikut. Jika banyak siswa \nkelas IV seluruhnya adalah 60, maka berapa banyak siswa kelas IV yang mempunyai \ntinggi badan 132 cm?\nTugas Berkelompok\nPetunjuk\n1. Tulislah jawaban latihan soal di buku tulis dengan bahasamu sendiri.\n2. Tukarkan jawaban dengan teman sebangkumu.\n3. Bandingkan dan diskusikan hasil pekerjaanmu.\nDi unduh dari : Bukupaket.com\nMatematika • Pengukuran Sudut\n177\nPengukuran \nSudut \n 6\nDi kelas 3 kalian telah mempelajari \ntentang jenis-jenis sudut dan \npengukuran sudut dengan satuan \ntidak baku. Sekarang kalian akan \nmempelajari lebih jauh lagi tentang \npengukuran sudut dengan busur \nderajat. Pada bangun datar,"", ""in mengenai data\ntersebut yang tidak\ntertulis pada tabel.\nDi unduh dari : Bukupaket.com\nMatematika • Statistika\n163\nGuru matematika di kelas Edo membagikan hasil ujian \nmatematika dan mendata nilai hasil ujian matematika \nsiswa kelas 4A. Dari 32 siswa, 2 siswa mendapat nilai 50, \n11 siswa mendapat nilai 65, 10 siswa mendapat nilai 70, \n6 siswa mendapat nilai 80, dan sisanya mendapat nilai 75. \nGuru di kelas Edo ingin melihat perbandingan nilai yang \ndiperoleh siswa dengan lebih mudah.\nTulis ulang bacaan di atas! Gunakan kalimat sendiri.\nKerjakan di buku tulismu.\nPengamatan 2\nPerhatikan gambar dan bacaan berikut ini.\nGambar 5.4 Kendaraan di Jalan\nSumber: dokumentasi penulis\n Guru di kelas Udin mengajak siswa-siswanya belajar \ndi luar kelas. Beliau meminta siswa-siswanya mencatat \nbanyaknya kendaraan yang lewat di Jalan PB Sudirman \nsetiap 10 menit. Udin mencatat becak yang lewat \nsebanyak"", ""i Jumat, Sabtu dan Minggu?\nDi unduh dari : Bukupaket.com\nKelas IV SD/MI\n174\n12. Diketahui suatu data : 6, 7, 9, 8, 8, 7, 10, 7, 11, 12, 8. Sajikan data tersebut dalam \nbentuk tabel dan diagram batang!\n13. Data banyaknya kelahiran bayi di salah satu kecamatan disajikan dalam diagram \nbatang berikut!\nBanyak Kelahiran\n Banyak kelahiran bayi selama 5 tahun adalah …\n14. Data nilai ulangan matematika kelas 4 disajikan dalam diagram batang berikut!\nJika kriteria ketuntasan minimal nilai matematika 70, berapakah banyak siswa yang \ntidak ikut remidi?\n15. Diagram batang berikut menyajikan data banyak siswa di SD Balikpapan. Sajikan \ndiagram batang di bawah ini dalam bentuk tabel! Berapakah selisih data banyak \nsiswa kelas 4 dan kelas 5?\nDi unduh dari : Bukupaket.com\nMatematika • Statistika\n175\n16. Tabel berikut menunjukkan hasil panen sayur-sayuran di suatu daerah. Sajikan tabel \ntersebut dalam di""]",penjumlahan_pengurangan,0.8,True,False,C4-rag+moe conf=0.80
C4,9,4,pecahan,Membandingkan pecahan,mudah,"Sebuah pizza dipotong menjadi 8 bagian sama besar. Jika 3 bagian dari pizza tersebut dikonsumsi, pecahan yang ditempati pizza yang dikonsumsi adalah...?","[""A. \\(\frac{1}{8}\\)"", ""B. \\(\frac{2}{8}\\)"", ""C. \\(\frac{3}{8}\\)"", ""D. \\(\frac{4}{8}\\)""]",C,\(rac{3}{8}\),"[""Pecahan yang ditempati pizza yang dikonsumsi adalah 3 bagian dari total 8 bagian."", ""Jadi, pecahan yang ditempati adalah \\(\frac{3}{8}\\).""]",\(rac{3}{8}\),"[{""chunk_id"": ""000_0018"", ""source"": ""Buku Matematika Kelas 4 SD.pdf""}, {""chunk_id"": ""000_0212"", ""source"": ""Buku Matematika Kelas 4 SD.pdf""}]","[""b adalah \nbilangan bulat dan b ≠ 0.\n2. Bilangan pecahan terdiri dari pecahan senilai, pecahan sederhana, dan \nmembandingkan pecahan.\n3. Pecahan senilai adalah pecahan yang dituliskan dalam bentuk berbeda, \ntetapi mempunyai nilai yang sama.\n4. Pecahan sederhana adalah mengubah pembilang dan penyebut menjadi pecahan \nsenilai yang paling kecil.\n5. Bentuk pecahan meliputi pecahan biasa, pecahan campuran, pecahan desimal, \ndan persen.\n6. Pecahan biasa adalah pecahan yang pembilang dan penyebutnya merupakan \nbilangan bulat.\n7. Pecahan campuran adalah pecahan yang terdiri atas bilangan bulat dan pecahan, \ndapat ditulis \na \nb\nc = (a x c) + b\nc \ndengan ketentuan a,b,c adalah bilangan bulat dan c ≠ 0.\n8. Pecahan desimal adalah pecahan yang nilai penyebutnya adalah 10, 100, 1000, dan \nseterusnya yang ditulis dengan menggunakan tanda koma.\nDi unduh dari : Bukupaket.com\nKelas IV SD/MI\n44\n9. Persen ad"", ""ri : Bukupaket.com\nKelas IV SD/MI\n158\nBacalah dengan saksama\nPerhatikan gambar dan bacaan berikut!\nGambar 5.1 Pemilihan Ketua Kelas\nSumber: kemendikbud.go.id\n Hari ini, siswa kelas 4 duduk rapi dan suasana di kelas \nsangat tenang. Pergantian pengurus dilakukan setiap tiga \nbulan sekali untuk memberi kesempatan seluruh siswa \nmenjadi pengurus kelas dan juga melatih rasa percaya diri \nsetiap siswa.\n Setiap siswa diberi selembar kertas untuk mengisi \nnama calon ketua kelas yang akan dipilih. Setelah itu, \nkertas dikumpulkan, kemudian dilakukan perhitungan \nsuara untuk setiap calon ketua kelas. Agar memudahkan \ndalam pendataan, hasil perolehan suara calon ketua \nkelas ditulis di papan tulis dalam bentuk tabel. Dapatkah \nkamu membaca dan menyajikan data tersebut dalam \nbentuk diagram batang? Temukan jawabannya dalam \npembahasan materi ini.\nDi unduh dari : Bukupaket.com\nMatematika • Statistika"", ""n\nCara menyederhanakan \npecahan adalah \nmembagi pembilang \ndan penyebut dengan \nbilangan prima (2, 3, \n5, ...), sehingga tidak \ndapat dibagi lagi oleh \nbilangan prima yang \nlain.\nDi unduh dari : Bukupaket.com\nKelas IV SD/MI\n16\nJadi, pecahan 2\n4 mempunyai bentuk paling sederhana \nyaitu 1\n2 .\nDapatkah kalian menentukan pecahan paling sederhana \ndari \n15\n20?\nContoh 1.4\nTentukan pecahan paling sederhana dari pecahan di \nbawah ini. \n10\n20\n10 : 10\n20 : 10\n1\n2= =\n16\n24\n16 : 8\n24 : 8\n2\n3= =\n 9 \n27\n 9 : 9 \n27 : 9\n1\n3= =\n 4 \n12\n 4 : 4 \n12 : 4\n1\n3= =\n3. Membandingkan Pecahan\nAyo Mengamati\nPengamatan\nPerhatikan gambar dan bacaan berikut!\nSebuah pizza dipotong menjadi 2 bagian sama besar. \nSetengah bagian pizza yang telah dipotong, dipotong lagi \nmenjadi dua bagian sama besar. \nPotongan manakah yang lebih besar?\nTulis ulang bacaan di atas! Gunakan kalimatmu sendiri. \nKerjakan di buku tugasmu.\nTahukah"", "" biasa, pecahan \ncampuran, pecahan desimal dan persen. Kelima langkah \ntersebut adalah mengamati, menanya, menalar, mencoba, \ndan mengkomunikasikan.\nTahukah Kalian\nPecahan a\nb dikatakan \npecahan yang paling \nsederhanan apabila FPB \n(a,b) =1\nDi unduh dari : Bukupaket.com\nKelas IV SD/MI\n20\nAyo Mengamati\nPengamatan 1\nPerhatikan gambar dan bacaan berikut!\nGambar 1.8 Buah Apel\nSumber : dokumentasi penulis\nDayu membeli apel 1\n2 kg, kemudian Udin juga membeli \napel 3\n4 kg. Berapa kg apel yang mereka beli?\nTulis ulang bacaan di atas! Gunakan kalimatmu sendiri. \nKerjakan di buku tugasmu.\nPengamatan 2\nPerhatikan gambar dan bacaan berikut!\nIbu berbelanja di pasar tradisonal. Ibu membeli \nberas 5 kg, telur 1\n1\n2 kg, bawang putih 1\n4 kg, \ndan bawang merah \n3\n4 kg (Gambar 1.9). Berapa \nkilogram keseluruhan belanja ibu? \nGambar 1.9 Dagangan Pasar\nSumber : dokumentasi penulis\nTulis ulang bacaan di atas!"", ""e bawah menjadi 40.\nd. 97% dari 23 ≈ 100% x 20 = 20\n97% dibulatkan dan lebih dekat dengan 100%\n23 dibulatkan ke atas menjadi 20.\nAyo Mencoba\nTaksirlah hasil operasi hitung penjumlahan dan \npengurangan pecahan berikut. \na. 6\n7 + 9 5\n7 d. 3 \n4\n5 - 2 \n3\n4 \nb. 3 \n 8 \n10 + 9 \n3\n4 e. 11 \n 9 \n11 - 5 \n 6 \n11 \nTahukah Kalian\nPecahan yang \npenyebutnya 1000 \ndisebut Permil dan \ndisimbolkan dalam \n\""‰\"" .\nTahukah Kalian\nUntuk mengubah \npecahan biasa ke dalam \nbentuk persen maka \npembilang dan \npenyebut sama-sama \ndikalikan dengan \nbilangan bulat positif \nsupaya bernilai 100.\nDi unduh dari : Bukupaket.com\nKelas IV SD/MI\n40\nc. 5 - 2 5\n7\nTaksirlah hasil operasi hitung perkalian dan pembagian \npecahan berikut. \na. 4 8 \n10 x 9 d. 6 1 \n12 : 2 \nb. 4 \n2\n3 + 4 \n1\n7 e. 10 \n 8 \n10 : 1 \n4\n5\nc. \n 5 \n10 x \n5\n8\nTaksirlah hasil operasi hitung penjumlahan dan \npengurangan pecahan desimal berikut.\na. 3,4 + 5,5 c. 7,23 ""]",pecahan,1.0,True,False,C4-rag+moe conf=1.00
C4,10,4,bilangan,nilai tempat dan urutan bilangan,sulit,"Sebuah kelas memiliki 100 siswa. Jika 25% siswa memilih nomor 123, 30% siswa memilih nomor 234, dan sisanya memilih nomor 345, maka bilangan terbesar yang mungkin adalah...?","[""A. 123"", ""B. 234"", ""C. 345"", ""D. 456""]",C,345,"[""Hitung jumlah siswa yang memilih nomor 123: \\( 100 \times 25\\% = 25 \\) siswa"", ""Hitung jumlah siswa yang memilih nomor 234: \\( 100 \times 30\\% = 30 \\) siswa"", ""Jumlah siswa yang memilih nomor 345: \\( 100 - 25 - 30 = 45 \\) siswa"", ""Dari 45 siswa yang memilih nomor 345, yang terbesar adalah 345"", ""Jadi, bilangan terbesar yang mungkin adalah 345""]",345,"[{""chunk_id"": ""000_0235"", ""source"": ""Buku Matematika Kelas 4 SD.pdf""}]","[""ri : Bukupaket.com\nKelas IV SD/MI\n158\nBacalah dengan saksama\nPerhatikan gambar dan bacaan berikut!\nGambar 5.1 Pemilihan Ketua Kelas\nSumber: kemendikbud.go.id\n Hari ini, siswa kelas 4 duduk rapi dan suasana di kelas \nsangat tenang. Pergantian pengurus dilakukan setiap tiga \nbulan sekali untuk memberi kesempatan seluruh siswa \nmenjadi pengurus kelas dan juga melatih rasa percaya diri \nsetiap siswa.\n Setiap siswa diberi selembar kertas untuk mengisi \nnama calon ketua kelas yang akan dipilih. Setelah itu, \nkertas dikumpulkan, kemudian dilakukan perhitungan \nsuara untuk setiap calon ketua kelas. Agar memudahkan \ndalam pendataan, hasil perolehan suara calon ketua \nkelas ditulis di papan tulis dalam bentuk tabel. Dapatkah \nkamu membaca dan menyajikan data tersebut dalam \nbentuk diagram batang? Temukan jawabannya dalam \npembahasan materi ini.\nDi unduh dari : Bukupaket.com\nMatematika • Statistika"", ""in mengenai data\ntersebut yang tidak\ntertulis pada tabel.\nDi unduh dari : Bukupaket.com\nMatematika • Statistika\n163\nGuru matematika di kelas Edo membagikan hasil ujian \nmatematika dan mendata nilai hasil ujian matematika \nsiswa kelas 4A. Dari 32 siswa, 2 siswa mendapat nilai 50, \n11 siswa mendapat nilai 65, 10 siswa mendapat nilai 70, \n6 siswa mendapat nilai 80, dan sisanya mendapat nilai 75. \nGuru di kelas Edo ingin melihat perbandingan nilai yang \ndiperoleh siswa dengan lebih mudah.\nTulis ulang bacaan di atas! Gunakan kalimat sendiri.\nKerjakan di buku tulismu.\nPengamatan 2\nPerhatikan gambar dan bacaan berikut ini.\nGambar 5.4 Kendaraan di Jalan\nSumber: dokumentasi penulis\n Guru di kelas Udin mengajak siswa-siswanya belajar \ndi luar kelas. Beliau meminta siswa-siswanya mencatat \nbanyaknya kendaraan yang lewat di Jalan PB Sudirman \nsetiap 10 menit. Udin mencatat becak yang lewat \nsebanyak"", ""20 ­ 40 tahun di suatu daerah selama 5 tahun disajikan dalam \ndiagram berikut ini.\na. Berapakah selisih penduduk laki-laki & perempuan pada tahun 2017\nb. Pada tahun berapakah jumlah penduduk terbanyak?\n20. Data tinggi badan siswa kelas IV disajikan dalam diagram berikut. Jika banyak siswa \nkelas IV seluruhnya adalah 60, maka berapa banyak siswa kelas IV yang mempunyai \ntinggi badan 132 cm?\nTugas Berkelompok\nPetunjuk\n1. Tulislah jawaban latihan soal di buku tulis dengan bahasamu sendiri.\n2. Tukarkan jawaban dengan teman sebangkumu.\n3. Bandingkan dan diskusikan hasil pekerjaanmu.\nDi unduh dari : Bukupaket.com\nMatematika • Pengukuran Sudut\n177\nPengukuran \nSudut \n 6\nDi kelas 3 kalian telah mempelajari \ntentang jenis-jenis sudut dan \npengukuran sudut dengan satuan \ntidak baku. Sekarang kalian akan \nmempelajari lebih jauh lagi tentang \npengukuran sudut dengan busur \nderajat. Pada bangun datar,"", ""i Jumat, Sabtu dan Minggu?\nDi unduh dari : Bukupaket.com\nKelas IV SD/MI\n174\n12. Diketahui suatu data : 6, 7, 9, 8, 8, 7, 10, 7, 11, 12, 8. Sajikan data tersebut dalam \nbentuk tabel dan diagram batang!\n13. Data banyaknya kelahiran bayi di salah satu kecamatan disajikan dalam diagram \nbatang berikut!\nBanyak Kelahiran\n Banyak kelahiran bayi selama 5 tahun adalah …\n14. Data nilai ulangan matematika kelas 4 disajikan dalam diagram batang berikut!\nJika kriteria ketuntasan minimal nilai matematika 70, berapakah banyak siswa yang \ntidak ikut remidi?\n15. Diagram batang berikut menyajikan data banyak siswa di SD Balikpapan. Sajikan \ndiagram batang di bawah ini dalam bentuk tabel! Berapakah selisih data banyak \nsiswa kelas 4 dan kelas 5?\nDi unduh dari : Bukupaket.com\nMatematika • Statistika\n175\n16. Tabel berikut menunjukkan hasil panen sayur-sayuran di suatu daerah. Sajikan tabel \ntersebut dalam di"", ""erhatikan nilai \nsatuan, puluhan, atau \nratusan dan seterusnya. \nJika angka kurang dari \n5 (4,3,2,1) maka angka \npada pembulatan \ndihilangkan dan jika \nangka lebih dari sama \ndengan 5 (5,6,7,8,9) \nmaka angka pada \npembulatan ditambah \n1 baik puluhan, ratusan, \nmaupun ribuan dan \nseterusnya.\nDi unduh dari : Bukupaket.com\nKelas IV SD/MI\n38\nContoh 1.16\nTentukan hasil operasi hitung berikut dengan taksiran atas.\na. 16,8 x 2,4 ≈ 17 x 2 = 34\n 16,8 dibulatkan ke atas menjadi 17\n 2,4 dibulatkan ke bawah menjadi 2\nb. 24,7 / 4.9 ≈ 25 / 5 = 5\n 24,7 dibulatkan ke atas menjadi 25\n 4,9 dibulatkan ke atas menjadi 5\nc. 153,7 + 8,2 ≈ 154 + 8 = 162\n 153,7 dibulatkan ke atas menjadi 154\n 8,2 dibulatkan ke bawah menjadi 8\nd. 32,4 ­ 5,5 ≈ 32 - 6 = 26\n 32,4 dibulatkan ke bawah menjadi 32\n 5,5 dibulatkan ke atas menjadi 6\nc. Taksiran Persen\nTaksiran persen adalah menaksir hasil operasi hitung \ndengan cara memb""]",bilangan,0.4,True,True,C4-rag+moe conf=0.40
C4,11,4,bilangan,nilai tempat dan urutan bilangan,mudah,"Sebuah kelas memiliki 30 siswa. Jika 5 siswa absen, berapa jumlah siswa yang hadir? Hasil pembulatan tersebut kemudian ditulis di papan tulis. Apa yang muncul di papan tulis?","[""A. 24"", ""B. 25"", ""C. 26"", ""D. 27""]",B,25,"[""Hitung jumlah siswa yang hadir:"", ""30 siswa - 5 siswa = 25 siswa"", ""Hasil 25 dibulatkan ke bawah karena angka yang lebih besar dari 5 (5, 6, 7, 8, 9) tidak digunakan dalam pembulatan ini."", ""Jadi, hasil yang muncul di papan tulis adalah 25.""]",25,"[{""chunk_id"": ""000_0212"", ""source"": ""Buku Matematika Kelas 4 SD.pdf""}, {""chunk_id"": ""000_0054"", ""source"": ""Buku Matematika Kelas 4 SD.pdf""}, {""chunk_id"": ""000_0045"", ""source"": ""Buku Matematika Kelas 4 SD.pdf""}]","[""ri : Bukupaket.com\nKelas IV SD/MI\n158\nBacalah dengan saksama\nPerhatikan gambar dan bacaan berikut!\nGambar 5.1 Pemilihan Ketua Kelas\nSumber: kemendikbud.go.id\n Hari ini, siswa kelas 4 duduk rapi dan suasana di kelas \nsangat tenang. Pergantian pengurus dilakukan setiap tiga \nbulan sekali untuk memberi kesempatan seluruh siswa \nmenjadi pengurus kelas dan juga melatih rasa percaya diri \nsetiap siswa.\n Setiap siswa diberi selembar kertas untuk mengisi \nnama calon ketua kelas yang akan dipilih. Setelah itu, \nkertas dikumpulkan, kemudian dilakukan perhitungan \nsuara untuk setiap calon ketua kelas. Agar memudahkan \ndalam pendataan, hasil perolehan suara calon ketua \nkelas ditulis di papan tulis dalam bentuk tabel. Dapatkah \nkamu membaca dan menyajikan data tersebut dalam \nbentuk diagram batang? Temukan jawabannya dalam \npembahasan materi ini.\nDi unduh dari : Bukupaket.com\nMatematika • Statistika"", ""b adalah \nbilangan bulat dan b ≠ 0.\n2. Bilangan pecahan terdiri dari pecahan senilai, pecahan sederhana, dan \nmembandingkan pecahan.\n3. Pecahan senilai adalah pecahan yang dituliskan dalam bentuk berbeda, \ntetapi mempunyai nilai yang sama.\n4. Pecahan sederhana adalah mengubah pembilang dan penyebut menjadi pecahan \nsenilai yang paling kecil.\n5. Bentuk pecahan meliputi pecahan biasa, pecahan campuran, pecahan desimal, \ndan persen.\n6. Pecahan biasa adalah pecahan yang pembilang dan penyebutnya merupakan \nbilangan bulat.\n7. Pecahan campuran adalah pecahan yang terdiri atas bilangan bulat dan pecahan, \ndapat ditulis \na \nb\nc = (a x c) + b\nc \ndengan ketentuan a,b,c adalah bilangan bulat dan c ≠ 0.\n8. Pecahan desimal adalah pecahan yang nilai penyebutnya adalah 10, 100, 1000, dan \nseterusnya yang ditulis dengan menggunakan tanda koma.\nDi unduh dari : Bukupaket.com\nKelas IV SD/MI\n44\n9. Persen ad"", ""erhatikan nilai \nsatuan, puluhan, atau \nratusan dan seterusnya. \nJika angka kurang dari \n5 (4,3,2,1) maka angka \npada pembulatan \ndihilangkan dan jika \nangka lebih dari sama \ndengan 5 (5,6,7,8,9) \nmaka angka pada \npembulatan ditambah \n1 baik puluhan, ratusan, \nmaupun ribuan dan \nseterusnya.\nDi unduh dari : Bukupaket.com\nKelas IV SD/MI\n38\nContoh 1.16\nTentukan hasil operasi hitung berikut dengan taksiran atas.\na. 16,8 x 2,4 ≈ 17 x 2 = 34\n 16,8 dibulatkan ke atas menjadi 17\n 2,4 dibulatkan ke bawah menjadi 2\nb. 24,7 / 4.9 ≈ 25 / 5 = 5\n 24,7 dibulatkan ke atas menjadi 25\n 4,9 dibulatkan ke atas menjadi 5\nc. 153,7 + 8,2 ≈ 154 + 8 = 162\n 153,7 dibulatkan ke atas menjadi 154\n 8,2 dibulatkan ke bawah menjadi 8\nd. 32,4 ­ 5,5 ≈ 32 - 6 = 26\n 32,4 dibulatkan ke bawah menjadi 32\n 5,5 dibulatkan ke atas menjadi 6\nc. Taksiran Persen\nTaksiran persen adalah menaksir hasil operasi hitung \ndengan cara memb"", ""i Jumat, Sabtu dan Minggu?\nDi unduh dari : Bukupaket.com\nKelas IV SD/MI\n174\n12. Diketahui suatu data : 6, 7, 9, 8, 8, 7, 10, 7, 11, 12, 8. Sajikan data tersebut dalam \nbentuk tabel dan diagram batang!\n13. Data banyaknya kelahiran bayi di salah satu kecamatan disajikan dalam diagram \nbatang berikut!\nBanyak Kelahiran\n Banyak kelahiran bayi selama 5 tahun adalah …\n14. Data nilai ulangan matematika kelas 4 disajikan dalam diagram batang berikut!\nJika kriteria ketuntasan minimal nilai matematika 70, berapakah banyak siswa yang \ntidak ikut remidi?\n15. Diagram batang berikut menyajikan data banyak siswa di SD Balikpapan. Sajikan \ndiagram batang di bawah ini dalam bentuk tabel! Berapakah selisih data banyak \nsiswa kelas 4 dan kelas 5?\nDi unduh dari : Bukupaket.com\nMatematika • Statistika\n175\n16. Tabel berikut menunjukkan hasil panen sayur-sayuran di suatu daerah. Sajikan tabel \ntersebut dalam di"", ""in mengenai data\ntersebut yang tidak\ntertulis pada tabel.\nDi unduh dari : Bukupaket.com\nMatematika • Statistika\n163\nGuru matematika di kelas Edo membagikan hasil ujian \nmatematika dan mendata nilai hasil ujian matematika \nsiswa kelas 4A. Dari 32 siswa, 2 siswa mendapat nilai 50, \n11 siswa mendapat nilai 65, 10 siswa mendapat nilai 70, \n6 siswa mendapat nilai 80, dan sisanya mendapat nilai 75. \nGuru di kelas Edo ingin melihat perbandingan nilai yang \ndiperoleh siswa dengan lebih mudah.\nTulis ulang bacaan di atas! Gunakan kalimat sendiri.\nKerjakan di buku tulismu.\nPengamatan 2\nPerhatikan gambar dan bacaan berikut ini.\nGambar 5.4 Kendaraan di Jalan\nSumber: dokumentasi penulis\n Guru di kelas Udin mengajak siswa-siswanya belajar \ndi luar kelas. Beliau meminta siswa-siswanya mencatat \nbanyaknya kendaraan yang lewat di Jalan PB Sudirman \nsetiap 10 menit. Udin mencatat becak yang lewat \nsebanyak""]",bilangan,0.4,True,True,C4-rag+moe conf=0.40
C4,12,4,kpk_fpb,faktor prima,sulit,"Bilangan 84 memiliki faktorisasi prima sebagai berikut: 2 x 2 x 3 x 7. Berdasarkan informasi ini, apa yang merupakan kelipatan persekutuan terkecil (KPK) dari 4 dan 8?","[""A. 4"", ""B. 8"", ""C. 12"", ""D. 16""]",B,8,"[""Faktorisasi prima dari 84 adalah 2 x 2 x 3 x 7."", ""Faktorisasi prima dari 4 adalah 2 x 2."", ""Faktorisasi prima dari 8 adalah 2 x 2 x 2."", ""KPK dari 4 dan 8 dapat dicari dengan mengambil faktor yang paling banyak dalam kedua faktorisasi."", ""Dalam faktorisasi 4 (2 x 2) dan 8 (2 x 2 x 2), faktor 2 muncul paling banyak 3 kali."", ""Jadi, KPK dari 4 dan 8 adalah 2 x 2 x 2 = 8.""]",2 x 2 x 2,"[{""chunk_id"": ""000_0091"", ""source"": ""Buku Matematika Kelas 4 SD.pdf""}, {""chunk_id"": ""000_0089"", ""source"": ""Buku Matematika Kelas 4 SD.pdf""}, {""chunk_id"": ""000_0090"", ""source"": ""Buku Matematika Kelas 4 SD.pdf""}]","[""ma dari 84.\n4. Tentukan faktorisasi prima dari bilangan 84.\n5. Buatlah pohon faktor untuk menentukan faktorisasi prima dari bilangan \n14 dan 44.\n6. Tentukan KPK dari 4 dan 8.\n7. Tentukan KPK dari 72 dan 95 dengan menggunakan faktorisasi.\n8. Tentukan KPK dari 15, 36 dan 85 dengan menggunakan faktorisasi.\n9. Tentukan FPB dari 24 dan 48.\n10. Tentukan FPB dari 14, 28 dan 52 dengan menggunakan faktorisasi.\n11. Edo mempunyai grup vokal di sekolahnya. Grup vokal itu terdiri 15 anak. \nTentukan Banyaknya formasi yang dapat terbentuk untuk menunjang penampilan \nEdo.\n12. Dayu, Meli, Siti dirawat di rumah sakit karena sakit diare. Dayu minum obat \nsetiap 4 jam sekali, Meli minum obat setiap 5 jam sekali, dan Siti minum obat setiap 8 \njam sekali. Berapa jam lagi ketiga pasien tersebut minum obat secara bersama-sama?\n13. Toko Baru dikunjungi pemasok telur setiap 8 hari, pemasok sabun setiap 15 hari, d"", ""rima. Menguraikan bilangan menjadi perkalian faktor-faktor \nprima juga disebut faktorisasi.\n6. Kelipatan persekutuan adalah nilai kelipatan yang sama dari dua bilangan atau \nlebih.\n7. Faktor persekutuan adalah faktor yang sama dari dua bilangan atau lebih.\n8. KPK adalah nilai terkecil dari kelipatan persekutuan 2 atau lebih bilangan. \n9. FPB adalah nilai terbesar dari faktor persekutuan 2 atau lebih bilangan.\nAyo Mengamati\nPetunjuk\nTulis ulang rangkuman di atas dengan bahasamu sendiri. Kerjakan di buku tulismu.\nBandingkan dan diskusikan bersama 3 teman yang tempat duduknya berdekatan \ndenganmu. Tulis kembali di buku tulismu!\nAyo Mengomunikasikan\nKerjakan dengan anggota kelompok belajarmu.\n1. Siapkan 6 penggaris, 24 buku tulis, 18 pensil, dan 12 penghapus pensil.\n2. Tentukan berapa banyak penggaris, buku tulis, pensil, dan penghapus pensil yang \nditerima masing-masing orang dengan menggun"", ""n 12 penghapus pensil.\n2. Tentukan berapa banyak penggaris, buku tulis, pensil, dan penghapus pensil yang \nditerima masing-masing orang dengan menggunakan faktor persekutuan.\nDi unduh dari : Bukupaket.com\nMatematika • KPK dan FPB\n71\n3. Bagikan keempat barang tersebut kepada anggota kelompokmu sehingga \nmasing-masing anak mendapat bagian yang sama. Jika setiap kelompok ada 3 orang.\nPetunjuk :\na. Gunakan tabel untuk faktor persekutuan\nb. Tulislah jawabanmu dibuku tulis dengan bahasamu sendiri.\nc. Tukarkan jawaban dengan teman sebangkumu.\nd. Bandingkan dan diskusikan hasil pekerjaanmu.\nLatihan Soal\nJawablah pertanyaan berikut dengan tepat!\n1. Tentukan faktor dari bilangan 80.\n2. Tentukan kelipatan 9 yang kurang dari 100.\n3. Tentukan faktor prima dari 84.\n4. Tentukan faktorisasi prima dari bilangan 84.\n5. Buatlah pohon faktor untuk menentukan faktorisasi prima dari bilangan \n14 dan 44.\n6. Te"", ""empunyai 4 faktor, \nyaitu 1, 2, 3, dan 6.\nDi unduh dari : Bukupaket.com\nMatematika • KPK dan FPB\n57\nSehingga faktor dari 20 adalah 1, 2, 4, 5, 10, 20.\nBilangan 1 bukan bilangan prima karena bilangan 1 hanya \nmemiliki satu faktor yaitu 1 itu sendiri.\nBilangan 2 bilangan prima karena bilangan 2 tepat \nmemiliki dua faktor yaitu 1 dan 2.\nBilangan 4 bukan bilangan prima karena bilangan 4 \nmemiliki tiga faktor yaitu 1, 2, dan 4.\nBilangan 5 bilangan prima karena bilangan 5 hanya \nmemiliki dua faktor yaitu 1 dan 5.\nBilangan 10 bukan bilangan prima karena bilangan 10 \nmemiliki empat faktor yaitu 1, 2, 5, dan 10.\nBilangan 20 bukan bilangan prima karena bilangan 20 \nmemiliki enam faktor yaitu 1, 2, 4, 5, 10, dan 20.\nKarena bilangan prima dari faktor 20 adalah\n 2 dan 5\nJadi, faktor prima dari 20 adalah 2 dan 5.\n \nContoh 2.3\n1. Tentukan faktor prima dari bilangan-bilangan berikut \nini:\nBilangan 32\nFa"", ""ergunakan \nuntuk menyelesaikan masalah dalam \nkehidupan sehari-hari. Konsep KPK \ndapat digunakan untuk menentukan \njadwal liburan, menghitung orbit \nplanet, dan menentukan jumlah \nbarang yang disusun dalam baris dan \nkolom. \nSedangkan konsep FPB sering \ndigunakan untuk menyederhanakan \npecahan, menentukan berapa potong \nkain yang terbesar, pembagian kue \nyang sama banyak ke beberapa \nbagian (kotak/plastik), dan \nsebagainya. Agar dapat memahami \nKPK dan FPB dengan baik, maka kalian \nharus mengingat kembali tentang \nperkalian, pembagian, penjumlahan \ndan pengurangan bilangan.\nKata Kunci\nFaktor dan \nKelipatan Bilangan\nBilangan Prima\nKPK dan FPB\nPenerapan KPK \ndan FPB\nDi unduh dari : Bukupaket.com\nKelas IV SD/MI\n48\nBacalah dengan saksama\nPerhatikan gambar dan bacaan berikut!\nGambar 2.1 Berenang\nSumber: dokumentasi penulis \nBeni dan Edo mengikuti les renang bersama-sama pada \ntanggal 3 Novemb""]",kpk_fpb,1.0,True,False,C4-rag+moe conf=1.00
C4,13,4,geometri,luas bangun datar,sulit,Sebuah persegi memiliki panjang sisi 8 cm. Luas persegi tersebut adalah...?,"[""A. 32 cm²"", ""B. 64 cm²"", ""C. 96 cm²"", ""D. 128 cm²""]",B,64,"[""Hitung keliling persegi menggunakan rumus: \\(Keliling = 4 \times sisi\\)."", ""Substitusi nilai sisi ke dalam rumus: \\(Keliling = 4 \times 8 = 32\\) cm."", ""Hitung luas persegi menggunakan rumus: \\(Luas = sisi \times sisi\\)."", ""Substitusi nilai sisi ke dalam rumus: \\(Luas = 8 \times 8 = 64\\) cm².""]",64 cm²,"[{""chunk_id"": ""000_0150"", ""source"": ""Buku Matematika Kelas 4 SD.pdf""}, {""chunk_id"": ""000_0139"", ""source"": ""Buku Matematika Kelas 4 SD.pdf""}, {""chunk_id"": ""000_0149"", ""source"": ""Buku Matematika Kelas 4 SD.pdf""}]","[""a.\n1 2 3 4\nb. Empat bangun segi banyak tidak beraturan \nberbeda.\n1 2 3 4\n4. Buatlah bangun segi banyak dengan ketentuan \nsebagai berikut! \na. Bangun segi banyak beraturan dengan 6 sisi. \nb. Bangun segi banyak beraturan dengan 3 sisi.\n5. Tuliskan nama-nama bangun segi banyak beraturan \nberikut!\na.\nb.\nc.\nd.\ne.\nf.\nTahukah Kalian\nSegitiga adalah bangun \ndatar yang dibatasi \noleh tiga buah sisi dan \nmempunyai tiga titik \nsudut.\nDi unduh dari : Bukupaket.com\nKelas IV SD/MI\n112\nB. Keliling Bangun Datar\nAda 5 tahapan yang harus kalian lakukan untuk \nmemahami keliling bangun datar. Kelima langkah tersebut \nadalah mengamati, menanya, menalar, mencoba, dan \nmengkomunikasikan.\n1. Persegi\nAyo Mengamati\nPengamatan\nPerhatikan gambar dan bacaan berikut dengan cermat!\nGambar 4.4 Jadwal Pelajaran\nSumber: dokumentasi penulis\nMasih ingatkah kalian dengan bentuk benda di kelas Edo \ndan Meli berupa jadwal pel"", ""ar\n 4\nPerlu kamu ketahui bahwa \nbanyak benda di sekitar kita yang \nberhubungan dengan bangun datar. \nBeberapa di antaranya adalah bendabenda yang berbentuk segibanyak \nberaturan dan segibanyak tidak \nberaturan. Sebagai contoh, pada \nbacaan di bawah ini digambarkan \nbeberapa benda yang berbentuk \nbangun datar seperti bentuk meja, \nbuku, penggaris, cendela, dan \nbeberapa benda yang ditempel pada \ndinding kelas. Agar kamu dapat \nmemahami tentang benda-benda \nsegibanyak beraturan, segibanyak \ntidak beraturan serta bangun datar \nyang lainnya, perhatikan penjelasan \nberikut!\nKata Kunci\nBangun Datar \nSegibanyak \nBeraturan\nSegibanyak Tidak \nBeraturan\nPersegi\nPersegipanjang\nSegitiga\nGaris\nDi unduh dari : Bukupaket.com\nKelas IV SD/MI\n104\nBacalah dengan saksama\nPerhatikan gambar dan bacaan berikut!\nGambar 4.1 Kelasku\nSumber: dokumen penulis\nEdo dan Meli sedang mengamati benda-benda yang ada \ndi kel"", ""n pada gambar di bawah ini!\na.\nb.\nc.\n d.\nTahukah Kalian\nJajar genjang adalah \nbangun datar segi \nempat sisi-sisi yang \nberhadapannya sejajar \ndan sama panjang, \nserta sudut-sudut yang \nberhadapan sama \nbesar.\nTrapesium adalah \nbangun datar segi \nempat yang dibentuk \noleh empat sisi yang \ndua diantaranya saling \nsejajar namun tidak \nsama panjang.\nTahukah Kalian\nLayang-layang \nadalah bangun datar \nsegi empat yang \nmempunyai dua pasang \nsisi sama panjang dan \nsaling membentuk \nsudut.\nLayang-layang dengan \nkeempat sisi yang sama \npanjang disebut belah \nketupat.\nDi unduh dari : Bukupaket.com\nMatematika • Bangun Datar\n111\n3. Gambarlah bangun segibanyak pada kotak di bawah \nini dengan ketentuan berikut!\na. Empat bangun segi banyak beraturan berbeda.\n1 2 3 4\nb. Empat bangun segi banyak tidak beraturan \nberbeda.\n1 2 3 4\n4. Buatlah bangun segi banyak dengan ketentuan \nsebagai berikut! \na. Bangun s"", ""n kalimatmu sendiri di \nbuku tulismu.\nDi bawah ini contoh rangkuman terkait bangun datar.\n1. Bangun segibanyak adalah bangun datar tertutup yang dibatasi oleh ruas garis.\n2. Bangun segibanyak beraturan adalah bangun segibanyak yang semua sisinya \nsama panjang dan semua sudutnya sama besar.\n3. Bangun segibanyak tidak beraturan adalah bangun segibanyak yang sisinya \ntidak sama panjang atau sudutnya tidak sama besar.\n4. Keliling bangun datar adalah jumlah panjang seluruh sisinya. Keliling bangun datar \nsebagai berikut.\na. Keliling persegi : K = 4 x s\nb. Keliling Persegi Panjang : K = 2 x (p + l)\nc. Keliling Segitiga : K = a + b + c\n5. Rumus pythagoras: a² + b² = c²\n Keterangan: a dan b adalah sisi penyiku\n c adalah sisi miring\nDi unduh dari : Bukupaket.com\nKelas IV SD/MI\n152\n6. Luas bangun datar sebagai berikut.\n a. Luas Persegi : L = s²\n b. Luas Persegi panjang : L = p x l\n7. Ruas garis at"", ""n datar berbeda.\n3) Tukarkan hasil gambar yang telah dibuat masing-masing kelompok kepada kelompok \nlain.\n4) Hasil pengukuran dicatat dan dimasukkan dalam tabel seperti contoh.\n5) Laporkan hasilnya kepada gurumu untuk dinilai.\nContoh tabel pengukuran sudut:\nNo. Gambar sudut/ bangun datar Besar sudut Jenis sudut\n1\n2\n3\n4\nLatihan Soal\nJawablah pertanyaan berikut dengan tepat!\n1. Tentukan besar sudut di bawah ini.\n a. \n b. \nDi unduh dari : Bukupaket.com\nKelas IV SD/MI\n194\n2. Tentukan besar sudut dari bangun datar di bawah ini.\n a. \n b. \n3. Buatlah gambar dari besar sudut berikut.\n a. 75°\n b. 135°\n c. 60°, 60°, dan 60°\n d. 90°, 60°, 90°, dan 120°\n4. Tentukan besar sudut dari hasil pengukuran di bawah ini.\n \n5. Tentukan besar sudut dari hasil pengukuran segitiga tumpul di bawah ini.\n \n6. Tentukan besar dan jenis sudut yang dibentuk dua jarum jam pada pukul berikut.\n a. 02.00\n b. 06.00\n c. 08.0""]",geometri,1.0,True,False,C4-rag+moe conf=1.00
C4,14,4,perkalian_pembagian,mengenal perkalian dan pembagian,sulit,"Sebuah toko menjual sepatu dengan harga Rp50.000,- per sepasang. Jika seorang pelanggan membeli 12 sepasang sepatu, berapakah total harga belanjaannya?","[""A. Rp300.000,-"", ""B. Rp400.000,-"", ""C. Rp500.000,-"", ""D. Rp600.000,-""]",D,600.000,"[""Harga sepatu per sepasang adalah Rp50.000,-"", ""Jumlah sepatu yang dibeli adalah 12 sepasang"", ""Total harga belanjaannya dapat dicari dengan mengalikan harga per sepasang dengan jumlah sepatu yang dibeli"", ""Total harga = 50.000 x 12""]",600.000,"[{""chunk_id"": ""000_0235"", ""source"": ""Buku Matematika Kelas 4 SD.pdf""}]","[""ri : Bukupaket.com\nKelas IV SD/MI\n158\nBacalah dengan saksama\nPerhatikan gambar dan bacaan berikut!\nGambar 5.1 Pemilihan Ketua Kelas\nSumber: kemendikbud.go.id\n Hari ini, siswa kelas 4 duduk rapi dan suasana di kelas \nsangat tenang. Pergantian pengurus dilakukan setiap tiga \nbulan sekali untuk memberi kesempatan seluruh siswa \nmenjadi pengurus kelas dan juga melatih rasa percaya diri \nsetiap siswa.\n Setiap siswa diberi selembar kertas untuk mengisi \nnama calon ketua kelas yang akan dipilih. Setelah itu, \nkertas dikumpulkan, kemudian dilakukan perhitungan \nsuara untuk setiap calon ketua kelas. Agar memudahkan \ndalam pendataan, hasil perolehan suara calon ketua \nkelas ditulis di papan tulis dalam bentuk tabel. Dapatkah \nkamu membaca dan menyajikan data tersebut dalam \nbentuk diagram batang? Temukan jawabannya dalam \npembahasan materi ini.\nDi unduh dari : Bukupaket.com\nMatematika • Statistika"", ""b adalah \nbilangan bulat dan b ≠ 0.\n2. Bilangan pecahan terdiri dari pecahan senilai, pecahan sederhana, dan \nmembandingkan pecahan.\n3. Pecahan senilai adalah pecahan yang dituliskan dalam bentuk berbeda, \ntetapi mempunyai nilai yang sama.\n4. Pecahan sederhana adalah mengubah pembilang dan penyebut menjadi pecahan \nsenilai yang paling kecil.\n5. Bentuk pecahan meliputi pecahan biasa, pecahan campuran, pecahan desimal, \ndan persen.\n6. Pecahan biasa adalah pecahan yang pembilang dan penyebutnya merupakan \nbilangan bulat.\n7. Pecahan campuran adalah pecahan yang terdiri atas bilangan bulat dan pecahan, \ndapat ditulis \na \nb\nc = (a x c) + b\nc \ndengan ketentuan a,b,c adalah bilangan bulat dan c ≠ 0.\n8. Pecahan desimal adalah pecahan yang nilai penyebutnya adalah 10, 100, 1000, dan \nseterusnya yang ditulis dengan menggunakan tanda koma.\nDi unduh dari : Bukupaket.com\nKelas IV SD/MI\n44\n9. Persen ad"", ""20 ­ 40 tahun di suatu daerah selama 5 tahun disajikan dalam \ndiagram berikut ini.\na. Berapakah selisih penduduk laki-laki & perempuan pada tahun 2017\nb. Pada tahun berapakah jumlah penduduk terbanyak?\n20. Data tinggi badan siswa kelas IV disajikan dalam diagram berikut. Jika banyak siswa \nkelas IV seluruhnya adalah 60, maka berapa banyak siswa kelas IV yang mempunyai \ntinggi badan 132 cm?\nTugas Berkelompok\nPetunjuk\n1. Tulislah jawaban latihan soal di buku tulis dengan bahasamu sendiri.\n2. Tukarkan jawaban dengan teman sebangkumu.\n3. Bandingkan dan diskusikan hasil pekerjaanmu.\nDi unduh dari : Bukupaket.com\nMatematika • Pengukuran Sudut\n177\nPengukuran \nSudut \n 6\nDi kelas 3 kalian telah mempelajari \ntentang jenis-jenis sudut dan \npengukuran sudut dengan satuan \ntidak baku. Sekarang kalian akan \nmempelajari lebih jauh lagi tentang \npengukuran sudut dengan busur \nderajat. Pada bangun datar,"", ""e bawah menjadi 40.\nd. 97% dari 23 ≈ 100% x 20 = 20\n97% dibulatkan dan lebih dekat dengan 100%\n23 dibulatkan ke atas menjadi 20.\nAyo Mencoba\nTaksirlah hasil operasi hitung penjumlahan dan \npengurangan pecahan berikut. \na. 6\n7 + 9 5\n7 d. 3 \n4\n5 - 2 \n3\n4 \nb. 3 \n 8 \n10 + 9 \n3\n4 e. 11 \n 9 \n11 - 5 \n 6 \n11 \nTahukah Kalian\nPecahan yang \npenyebutnya 1000 \ndisebut Permil dan \ndisimbolkan dalam \n\""‰\"" .\nTahukah Kalian\nUntuk mengubah \npecahan biasa ke dalam \nbentuk persen maka \npembilang dan \npenyebut sama-sama \ndikalikan dengan \nbilangan bulat positif \nsupaya bernilai 100.\nDi unduh dari : Bukupaket.com\nKelas IV SD/MI\n40\nc. 5 - 2 5\n7\nTaksirlah hasil operasi hitung perkalian dan pembagian \npecahan berikut. \na. 4 8 \n10 x 9 d. 6 1 \n12 : 2 \nb. 4 \n2\n3 + 4 \n1\n7 e. 10 \n 8 \n10 : 1 \n4\n5\nc. \n 5 \n10 x \n5\n8\nTaksirlah hasil operasi hitung penjumlahan dan \npengurangan pecahan desimal berikut.\na. 3,4 + 5,5 c. 7,23 "", ""-Jilbab). Al-Qalasadi meletakkan pembilang di atas \npenyebut dan memisahkan keduanya dengan sebuah \ngaris horizontal dan menggunakan pernyataan \""ala \nma'sihi\"" yang berarti \""tempatkan di atasnya\"" dan \n\""mafawk al-khatt\"" yang berarti \""yang ada di atas \ngaris\"" .\nSumber: serunaihati.blogspot.com diakses 09/11/17 pukul 21:59.\nAL-QALASADI\n(1412-1486) \nA. Bilangan Pecahan\nAda 5 tahapan yang harus kalian lakukan untuk memahami bilangan pecahan \nmeliputi pecahan senilai, menyederhanakan pecahan dan membandingkan pecahan. \nKelima langkah tersebut adalah mengamati, menanya, menalar, mencoba, dan \nmengkomunikasikan.\nAyo Mengamati\nPengamatan\nPerhatikan gambar dan bacaan berikut dengan cermat!\nDi unduh dari : Bukupaket.com\nKelas IV SD/MI\n4\n1.\n3.\n2.\nGambar 1.2 Buku (1), Tongkat Pramuka (2), dan Buah apel (3)\nSumber: \ndokumentasi penulis\nhttps://www.tokopedia.com/mimbar/tongkat-pramuka-merah-putih \ndiaks""]",perkalian_pembagian,1.0,True,True,C4-rag+moe conf=1.00
C4,15,4,skala,denah dan peta,sedang,"Sebuah denah kecil ukuran 1:50.000 menunjukkan bahwa jarak antara dua objek sebenarnya adalah 150 cm. Jika pada denah tersebut jarak antara taman dan rumah Pak Edo adalah 6 cm, berapa jarak sebenarnya antara kedua objek tersebut?","[""A. 1 km"", ""B. 2 km"", ""C. 3 km"", ""D. 4 km""]",C,3 km,"[""Denah menggunakan skala 1:50.000, artinya 1 cm pada denah mewakili 50.000 cm di dunia nyata."", ""Jarak antara taman dan rumah pada denah adalah 6 cm."", ""Jadi, jarak sebenarnya = 6 cm x 50.000 cm/cm = 300.000 cm."", ""Konversi 300.000 cm ke kilometer: 300.000 cm ÷ 100.000 = 3 km.""]",300.000 ÷ 100.000,"[{""chunk_id"": ""000_0263"", ""source"": ""Buku Matematika Kelas 4 SD.pdf""}, {""chunk_id"": ""000_0212"", ""source"": ""Buku Matematika Kelas 4 SD.pdf""}, {""chunk_id"": ""000_0143"", ""source"": ""Buku Matematika Kelas 4 SD.pdf""}]","[""m2 C. 45 cm2\n B. 54 cm2 D. 36 cm2\n12. Pak Edo mempunyai kebun berbentuk gambar di bawah ini!\n \n Jika taman tersebut ingin ditanami rumput dan biaya rumput per meter persegi \nadalah Rp50.000,00, maka biaya yang harus dikeluarkan pak Edo adalah ….\n A. Rp4.200.000,00 C. Rp5.100.000,00\n B. Rp4.550.000,00 D. Rp5.250.000,00\n13. Perhatikan gambar berikut!\n \np\nq\n Garis p dan garis q merupakan dua garis yang saling ….\n A. Tegak lurus C. Berimpit\n B. Berpotongan D. Sejajar\nDi unduh dari : Bukupaket.com\nKelas IV SD/MI\n200\n14. Berikut ini data hobi siswa salah satu SD.\nJenis Hobi Banyak Siswa\nMembaca 5\nMenggambar 9\nOlahraga 12\nMenyanyi 8\nMenari 6\n Penyajian data tersebut dalam bentuk diagram batang adalah ….\n A. \n B. \n C. \n D. \n D. \n15. Data pengunjung obyek wisata dinyatakan pada sebuah diagram batang sebagai berikut:\n Pada hari apakah banyak pengunjung terbanyak berkunjung?\nDi unduh dari : Bukupak"", ""ri : Bukupaket.com\nKelas IV SD/MI\n158\nBacalah dengan saksama\nPerhatikan gambar dan bacaan berikut!\nGambar 5.1 Pemilihan Ketua Kelas\nSumber: kemendikbud.go.id\n Hari ini, siswa kelas 4 duduk rapi dan suasana di kelas \nsangat tenang. Pergantian pengurus dilakukan setiap tiga \nbulan sekali untuk memberi kesempatan seluruh siswa \nmenjadi pengurus kelas dan juga melatih rasa percaya diri \nsetiap siswa.\n Setiap siswa diberi selembar kertas untuk mengisi \nnama calon ketua kelas yang akan dipilih. Setelah itu, \nkertas dikumpulkan, kemudian dilakukan perhitungan \nsuara untuk setiap calon ketua kelas. Agar memudahkan \ndalam pendataan, hasil perolehan suara calon ketua \nkelas ditulis di papan tulis dalam bentuk tabel. Dapatkah \nkamu membaca dan menyajikan data tersebut dalam \nbentuk diagram batang? Temukan jawabannya dalam \npembahasan materi ini.\nDi unduh dari : Bukupaket.com\nMatematika • Statistika"", ""langkah tersebut \nadalah mengamati, menanya, menalar, mencoba, dan \nmengkomunikasikan.\nAyo Mengamati\nPengamatan 1\nPerhatikan gambar dan bacaan berikut dengan cermat!\nGambar 4.2 Benda-benda yang ada di kelas\nSumber: dokumentasi penulis\nDi unduh dari : Bukupaket.com\nKelas IV SD/MI\n106\nEdo mengelompokkan beberapa benda yang ada di \nkelasnya seperti tulisan “Welcome to Our Class” , jadwal \npiket, dan penggaris setengah lingkaran. Bentuk benda \napakah yang dipilih oleh Edo?\nTulis ulang bacaan di atas! Gunakan kalimat sendiri. \nKerjakan di buku tulismu. \nPengamatan 2\nPerhatikan gambar dan bacaan berikut dengan cermat!\nGambar 4.3 Contoh-contoh bangun datar\nSumber: dokumentasi penulis\nMeli mengelompokkan beberapa benda yang ada di \nkelasnya seperti jadwal pelajaran, peta Indonesia, penggaris \npanjang, penggaris segitiga, motto “In Our Class” , buku, \ndan meja. Bentuk benda apakah yang dipilih ol"", "" obyek wisata dinyatakan pada sebuah diagram batang sebagai berikut:\n Pada hari apakah banyak pengunjung terbanyak berkunjung?\nDi unduh dari : Bukupaket.com\nMatematika • Pengukuran Sudut\n201\n A. Ahad C. Rabu\n B. Senin D. Sabtu\n16. Data hasil panen kedelai di suatu desa selama 5 tahun disajikan dalam diagram batang \nberikut.\n Selisih hasil panen tertinggi dan terendah pada diagram tersebuat adalah …\n A. 100 C. 300\n B. 200 D. 400\n17. Data tinggi badan siswa kelas IV disajikan dalam diagram berikut.\n Jika bayak siswa kelas IV seluruhnya adalah 60, maka banyak siswa kelas IV yang \nmempunyai tinggi badan 132 cm adalah ….\n A. 6 C. 8\n B. 7 D. 9\n18. Di bawah ini adalah diagram batang data pengunjung perpustakaan sekolah selama \nsatu pekan.\nDi unduh dari : Bukupaket.com\nKelas IV SD/MI\n202\n Berapa banyak pengunjung selama satu pekan?\n A. 200 C. 190\n B. 198 D. 188\n19. Data banyak penduduk usia 20 -"", ""\ndan 8 kolum) yang \ndisusun dalam 2 warna \nberselang-seling (hitam \ndan putih).\nDi unduh dari : Bukupaket.com\nKelas IV SD/MI\n128\nAyo Menalar\nBerikut ini penjelasan lebih rinci dari bacaan di atas.\nPada pengamatan papan catur berbentuk persegi.\nBeni mulai mencacah banyaknya petak secara mendatar. \nPerhitungan dimulai dari baris pertama, kedua, ketiga, \nsampai pada baris terakhir.\nTerdapat 8 petak pada baris pertama, 8 petak pada baris \nkedua, 8 petak pada baris ketiga, 8 petak pada baris \nkeempat, 8 petak pada baris kelima, 8 petak pada baris \nkeenam, 8 petak pada baris ketujuh, dan 8 petak pada \nbaris kedelapan.\nBaris ke 8\nBaris ke 6\nBaris ke 4\nBaris ke 2\nBaris ke 7\nBaris ke 5\nBaris ke 3\nBaris ke 1\nSebanyak 8 petak\nBaris ke 1 \nBaris ke 2 \nBaris ke 3 \nBaris ke 4 \nBaris ke 5 \nBaris ke 6 \nBaris ke 7 \nBaris ke 8 \nSebanyak 8 petak \nKemudian Beni menambahkan dengan cara berikut.\nBanyak petak k""]",skala,1.0,True,False,C4-rag+moe conf=1.00
C4,16,4,pengukuran,volume kubus,mudah,Sebuah kubus memiliki panjang sisi 5 cm. Volume kubus tersebut adalah...?,"[""A. 100 cm³"", ""B. 125 cm³"", ""C. 150 cm³"", ""D. 200 cm³""]",B,125,"[""Volume kubus dapat dihitung menggunakan rumus: V = s³"", ""Dalam soal, panjang sisi kubus (s) adalah 5 cm."", ""Maka, V = 5³ = 5 × 5 × 5"", ""Jadi, V = 125 cm³""]",125 cm³,"[{""chunk_id"": ""000_0131"", ""source"": ""Buku Matematika Kelas 4 SD.pdf""}]","[""20 ­ 40 tahun di suatu daerah selama 5 tahun disajikan dalam \ndiagram berikut ini.\na. Berapakah selisih penduduk laki-laki & perempuan pada tahun 2017\nb. Pada tahun berapakah jumlah penduduk terbanyak?\n20. Data tinggi badan siswa kelas IV disajikan dalam diagram berikut. Jika banyak siswa \nkelas IV seluruhnya adalah 60, maka berapa banyak siswa kelas IV yang mempunyai \ntinggi badan 132 cm?\nTugas Berkelompok\nPetunjuk\n1. Tulislah jawaban latihan soal di buku tulis dengan bahasamu sendiri.\n2. Tukarkan jawaban dengan teman sebangkumu.\n3. Bandingkan dan diskusikan hasil pekerjaanmu.\nDi unduh dari : Bukupaket.com\nMatematika • Pengukuran Sudut\n177\nPengukuran \nSudut \n 6\nDi kelas 3 kalian telah mempelajari \ntentang jenis-jenis sudut dan \npengukuran sudut dengan satuan \ntidak baku. Sekarang kalian akan \nmempelajari lebih jauh lagi tentang \npengukuran sudut dengan busur \nderajat. Pada bangun datar,"", ""ri : Bukupaket.com\nKelas IV SD/MI\n158\nBacalah dengan saksama\nPerhatikan gambar dan bacaan berikut!\nGambar 5.1 Pemilihan Ketua Kelas\nSumber: kemendikbud.go.id\n Hari ini, siswa kelas 4 duduk rapi dan suasana di kelas \nsangat tenang. Pergantian pengurus dilakukan setiap tiga \nbulan sekali untuk memberi kesempatan seluruh siswa \nmenjadi pengurus kelas dan juga melatih rasa percaya diri \nsetiap siswa.\n Setiap siswa diberi selembar kertas untuk mengisi \nnama calon ketua kelas yang akan dipilih. Setelah itu, \nkertas dikumpulkan, kemudian dilakukan perhitungan \nsuara untuk setiap calon ketua kelas. Agar memudahkan \ndalam pendataan, hasil perolehan suara calon ketua \nkelas ditulis di papan tulis dalam bentuk tabel. Dapatkah \nkamu membaca dan menyajikan data tersebut dalam \nbentuk diagram batang? Temukan jawabannya dalam \npembahasan materi ini.\nDi unduh dari : Bukupaket.com\nMatematika • Statistika"", ""bulatan ke ratusan terdekat\na. Pembulatan ke bawah, jika angka puluhannya kurang dari 5, maka puluhan \ntersebut dihilangkan.\nb. Pembulatan ke atas, jika angka puluhannya lebih dari atau sama dengan 50 \nmaka puluhan tersebut dihilangkan dan menambahkan 100 ke ratusannya. \nAyo Mengomunikasikan\nPetunjuk\nTulis ulang rangkuman di atas dengan bahasamu sendiri. Kerjakan di buku tulismu.\nBandingkan dan diskusikan bersama 3 teman yang tempat duduknya berdekatan \ndenganmu. Tulis kembali di buku tulismu!\nDi unduh dari : Bukupaket.com\nKelas IV SD/MI\n98\nTugas Proyek\nBelajar melakukan pembulatan hasil pengukuran yang telah dilaksanakan\nTujuan: melakukan pembulatan hasil pengukuran panjang dan berat.\nPetunjuk: \n1. Buatlah kelompok yang terdiri atas 4 anak.\n2. Sediakan timbangan berat badan, meteran pengukur tinggi badan, dan alat-alat tulis.\n3. Buatlah tabel hasil pengukuran berat dan tinggi badan bese"", ""an saksama\nPerhatikan gambar dan bacaan berikut!\nGambar 4.1 Kelasku\nSumber: dokumen penulis\nEdo dan Meli sedang mengamati benda-benda yang ada \ndi kelasnya. Mereka akan mengelompokkan benda-benda \nyang ada di kelasnya menjadi beberapa bagian. Bagian \npertama adalah benda-benda yang merupakan bangun \nsegibanyak dan bagian yang kedua adalah benda-benda \nyang bukan merupakan bangun segibanyak.\nBantulah Edo dan Meli untuk mengelompokkan bendabenda yang ada di kelas mereka menjadi dua bagian yaitu \nbangun segibanyak dan bukan bangun segibanyak.\nApa yang akan kalian pelajari?\nSetelah mempelajari Bab ini, kalian mampu:\n1. membedakan sifat-sifat segibanyak beraturan dan tidak beraturan;\n2. menjelaskan dan menentukan keliling dan luas daerah persegi, persegi panjang, \ndan segitiga serta hubungan pangkat dua dengan akar;\n3. menjelaskan hubungan antar garis (sejajar, berpotongan, berimpit) mengguna"", ""n segibanyak adalah ….\n4. Ciri-ciri bangun segibanyak tidak beraturan adalah …\n5. Udin setiap pagi berlari mengelilingi taman kota berbentuk segilima beraturan. Jika \npanjang salah satu sisi taman kota adalah 100 meter. Berapakah jarak yang ditempuh \nUdin untuk mengelilingi taman kota?\n6. Diketahui sisi sebuah persegi 14 cm. Berapakah keliling dan luas persegi tersebut?\n7. Sebuah persegi panjang mempunyai panjang 15 cm dan lebar 10 cm. Hitunglah \nkeliling dan luas persegi panjang!\n8. Sisi penyiku segitiga siku-siku adalah 5 cm dan 12 cm. Berapakah keliling dan luas \nsegitiga?\n9. Luas persegi sama dengan kelilingnya. Berapakah panjang sisi persegi?\n10. Keliling persegi panjang sama dengan keliling persegi. Jika sisi persegi 10 cm dan \nlebar persegi panjang 8 cm. Hitunglah luas persegi dan persegi panjang!\n11. Diketahui keliling segitiga sama sisi 18 cm. Tentukan luas segitiga tersebut!\n12""]",pengukuran,1.0,True,False,C4-rag+moe conf=1.00
C4,17,4,perkalian_pembagian,perkalian,mudah,"Sebuah kelas memiliki 40 siswa. Jika setiap siswa membaca 5 buku harian, berapa total buku harian yang dibaca oleh semua siswa kelas tersebut?","[""A. 150"", ""B. 200"", ""C. 250"", ""D. 300""]",B,200,"[""Setiap siswa membaca 5 buku harian."", ""Jadi, total buku harian yang dibaca oleh semua siswa adalah 40 siswa x 5 buku."", ""Hitunglah: 40 x 5 = 200.""]",40 x 5,"[{""chunk_id"": ""000_0212"", ""source"": ""Buku Matematika Kelas 4 SD.pdf""}, {""chunk_id"": ""000_0045"", ""source"": ""Buku Matematika Kelas 4 SD.pdf""}, {""chunk_id"": ""000_0225"", ""source"": ""Buku Matematika Kelas 4 SD.pdf""}]","[""ri : Bukupaket.com\nKelas IV SD/MI\n158\nBacalah dengan saksama\nPerhatikan gambar dan bacaan berikut!\nGambar 5.1 Pemilihan Ketua Kelas\nSumber: kemendikbud.go.id\n Hari ini, siswa kelas 4 duduk rapi dan suasana di kelas \nsangat tenang. Pergantian pengurus dilakukan setiap tiga \nbulan sekali untuk memberi kesempatan seluruh siswa \nmenjadi pengurus kelas dan juga melatih rasa percaya diri \nsetiap siswa.\n Setiap siswa diberi selembar kertas untuk mengisi \nnama calon ketua kelas yang akan dipilih. Setelah itu, \nkertas dikumpulkan, kemudian dilakukan perhitungan \nsuara untuk setiap calon ketua kelas. Agar memudahkan \ndalam pendataan, hasil perolehan suara calon ketua \nkelas ditulis di papan tulis dalam bentuk tabel. Dapatkah \nkamu membaca dan menyajikan data tersebut dalam \nbentuk diagram batang? Temukan jawabannya dalam \npembahasan materi ini.\nDi unduh dari : Bukupaket.com\nMatematika • Statistika"", ""erhatikan nilai \nsatuan, puluhan, atau \nratusan dan seterusnya. \nJika angka kurang dari \n5 (4,3,2,1) maka angka \npada pembulatan \ndihilangkan dan jika \nangka lebih dari sama \ndengan 5 (5,6,7,8,9) \nmaka angka pada \npembulatan ditambah \n1 baik puluhan, ratusan, \nmaupun ribuan dan \nseterusnya.\nDi unduh dari : Bukupaket.com\nKelas IV SD/MI\n38\nContoh 1.16\nTentukan hasil operasi hitung berikut dengan taksiran atas.\na. 16,8 x 2,4 ≈ 17 x 2 = 34\n 16,8 dibulatkan ke atas menjadi 17\n 2,4 dibulatkan ke bawah menjadi 2\nb. 24,7 / 4.9 ≈ 25 / 5 = 5\n 24,7 dibulatkan ke atas menjadi 25\n 4,9 dibulatkan ke atas menjadi 5\nc. 153,7 + 8,2 ≈ 154 + 8 = 162\n 153,7 dibulatkan ke atas menjadi 154\n 8,2 dibulatkan ke bawah menjadi 8\nd. 32,4 ­ 5,5 ≈ 32 - 6 = 26\n 32,4 dibulatkan ke bawah menjadi 32\n 5,5 dibulatkan ke atas menjadi 6\nc. Taksiran Persen\nTaksiran persen adalah menaksir hasil operasi hitung \ndengan cara memb"", ""matan 2 tersebut? Coba buatlah di \nbuku tulismu.\nContoh 5.1\n1. Meli mencatat jenis hobi teman-teman sekelasnya. \nData tentang hobi teman-teman Meli ditulis dalam \nbentuk tabel berikut.\nNo. Jenis Hobi\nBanyak Siswa\nTurus Frekuensi\n1. Membaca 5\n2. Menggambar IIII 9\n3. Olahraga I 11\n4. Menyanyi IIII 9\n5. Menari I 6\nJumlah 40\nBerapakah banyaknya teman Meli seluruhnya?\nSajikan tabel hobi teman Meli ke dalam bentuk diagram \nbatang.\nPenyelesaian\nDi unduh dari : Bukupaket.com\nKelas IV SD/MI\n168\nAyo Mencoba\n1. Meli adalah ketua kelas 4A. Ia akan membelikan \nsejumlah kebutuhan alat-alat tulis di koperasi \nsekolah untuk teman-teman sekelasnya. Berdasarkan \nkebutuhan tersebut tercatat ada 5 barang yang harus \ndibeli yaitu 9 buku tulis, 10 pensil, 5 penghapus, 3 \nbolpoin, dan 5 penggaris. Buatlah tabel dan diagram \nbatang yang menunjukkan kebutuhan di atas.\n2. Di bawah ini adalah diagram batang tentan"", ""langkah tersebut \nadalah mengamati, menanya, menalar, mencoba, dan \nmengkomunikasikan.\nAyo Mengamati\nPengamatan 1\nPerhatikan gambar dan bacaan berikut dengan cermat!\nGambar 4.2 Benda-benda yang ada di kelas\nSumber: dokumentasi penulis\nDi unduh dari : Bukupaket.com\nKelas IV SD/MI\n106\nEdo mengelompokkan beberapa benda yang ada di \nkelasnya seperti tulisan “Welcome to Our Class” , jadwal \npiket, dan penggaris setengah lingkaran. Bentuk benda \napakah yang dipilih oleh Edo?\nTulis ulang bacaan di atas! Gunakan kalimat sendiri. \nKerjakan di buku tulismu. \nPengamatan 2\nPerhatikan gambar dan bacaan berikut dengan cermat!\nGambar 4.3 Contoh-contoh bangun datar\nSumber: dokumentasi penulis\nMeli mengelompokkan beberapa benda yang ada di \nkelasnya seperti jadwal pelajaran, peta Indonesia, penggaris \npanjang, penggaris segitiga, motto “In Our Class” , buku, \ndan meja. Bentuk benda apakah yang dipilih ol"", ""i Jumat, Sabtu dan Minggu?\nDi unduh dari : Bukupaket.com\nKelas IV SD/MI\n174\n12. Diketahui suatu data : 6, 7, 9, 8, 8, 7, 10, 7, 11, 12, 8. Sajikan data tersebut dalam \nbentuk tabel dan diagram batang!\n13. Data banyaknya kelahiran bayi di salah satu kecamatan disajikan dalam diagram \nbatang berikut!\nBanyak Kelahiran\n Banyak kelahiran bayi selama 5 tahun adalah …\n14. Data nilai ulangan matematika kelas 4 disajikan dalam diagram batang berikut!\nJika kriteria ketuntasan minimal nilai matematika 70, berapakah banyak siswa yang \ntidak ikut remidi?\n15. Diagram batang berikut menyajikan data banyak siswa di SD Balikpapan. Sajikan \ndiagram batang di bawah ini dalam bentuk tabel! Berapakah selisih data banyak \nsiswa kelas 4 dan kelas 5?\nDi unduh dari : Bukupaket.com\nMatematika • Statistika\n175\n16. Tabel berikut menunjukkan hasil panen sayur-sayuran di suatu daerah. Sajikan tabel \ntersebut dalam di""]",perkalian_pembagian,0.4,True,False,C4-rag+moe conf=0.40
C4,18,4,penjumlahan_pengurangan,pembulatan dan perhitungan,sulit,Sebuah kota memiliki populasi laki-laki 235.478 orang dan perempuan 182.369 orang pada tahun 2017. Berapakah selisih populasi laki-laki dan perempuan pada tahun tersebut?,"[""A. 53.109"", ""B. 53.108"", ""C. 53.110"", ""D. 53.111""]",A,53.109,"[""Hitung selisih populasi laki-laki dan perempuan:"", ""235.478 - 182.369 = 53.109"", ""Jadi, selisih populasi laki-laki dan perempuan pada tahun 2017 adalah 53.109 orang.""]",235.478 - 182.369,"[{""chunk_id"": ""000_0235"", ""source"": ""Buku Matematika Kelas 4 SD.pdf""}]","[""ri : Bukupaket.com\nKelas IV SD/MI\n158\nBacalah dengan saksama\nPerhatikan gambar dan bacaan berikut!\nGambar 5.1 Pemilihan Ketua Kelas\nSumber: kemendikbud.go.id\n Hari ini, siswa kelas 4 duduk rapi dan suasana di kelas \nsangat tenang. Pergantian pengurus dilakukan setiap tiga \nbulan sekali untuk memberi kesempatan seluruh siswa \nmenjadi pengurus kelas dan juga melatih rasa percaya diri \nsetiap siswa.\n Setiap siswa diberi selembar kertas untuk mengisi \nnama calon ketua kelas yang akan dipilih. Setelah itu, \nkertas dikumpulkan, kemudian dilakukan perhitungan \nsuara untuk setiap calon ketua kelas. Agar memudahkan \ndalam pendataan, hasil perolehan suara calon ketua \nkelas ditulis di papan tulis dalam bentuk tabel. Dapatkah \nkamu membaca dan menyajikan data tersebut dalam \nbentuk diagram batang? Temukan jawabannya dalam \npembahasan materi ini.\nDi unduh dari : Bukupaket.com\nMatematika • Statistika"", ""bulatan ke ratusan terdekat\na. Pembulatan ke bawah, jika angka puluhannya kurang dari 5, maka puluhan \ntersebut dihilangkan.\nb. Pembulatan ke atas, jika angka puluhannya lebih dari atau sama dengan 50 \nmaka puluhan tersebut dihilangkan dan menambahkan 100 ke ratusannya. \nAyo Mengomunikasikan\nPetunjuk\nTulis ulang rangkuman di atas dengan bahasamu sendiri. Kerjakan di buku tulismu.\nBandingkan dan diskusikan bersama 3 teman yang tempat duduknya berdekatan \ndenganmu. Tulis kembali di buku tulismu!\nDi unduh dari : Bukupaket.com\nKelas IV SD/MI\n98\nTugas Proyek\nBelajar melakukan pembulatan hasil pengukuran yang telah dilaksanakan\nTujuan: melakukan pembulatan hasil pengukuran panjang dan berat.\nPetunjuk: \n1. Buatlah kelompok yang terdiri atas 4 anak.\n2. Sediakan timbangan berat badan, meteran pengukur tinggi badan, dan alat-alat tulis.\n3. Buatlah tabel hasil pengukuran berat dan tinggi badan bese"", ""20 ­ 40 tahun di suatu daerah selama 5 tahun disajikan dalam \ndiagram berikut ini.\na. Berapakah selisih penduduk laki-laki & perempuan pada tahun 2017\nb. Pada tahun berapakah jumlah penduduk terbanyak?\n20. Data tinggi badan siswa kelas IV disajikan dalam diagram berikut. Jika banyak siswa \nkelas IV seluruhnya adalah 60, maka berapa banyak siswa kelas IV yang mempunyai \ntinggi badan 132 cm?\nTugas Berkelompok\nPetunjuk\n1. Tulislah jawaban latihan soal di buku tulis dengan bahasamu sendiri.\n2. Tukarkan jawaban dengan teman sebangkumu.\n3. Bandingkan dan diskusikan hasil pekerjaanmu.\nDi unduh dari : Bukupaket.com\nMatematika • Pengukuran Sudut\n177\nPengukuran \nSudut \n 6\nDi kelas 3 kalian telah mempelajari \ntentang jenis-jenis sudut dan \npengukuran sudut dengan satuan \ntidak baku. Sekarang kalian akan \nmempelajari lebih jauh lagi tentang \npengukuran sudut dengan busur \nderajat. Pada bangun datar,"", ""in mengenai data\ntersebut yang tidak\ntertulis pada tabel.\nDi unduh dari : Bukupaket.com\nMatematika • Statistika\n163\nGuru matematika di kelas Edo membagikan hasil ujian \nmatematika dan mendata nilai hasil ujian matematika \nsiswa kelas 4A. Dari 32 siswa, 2 siswa mendapat nilai 50, \n11 siswa mendapat nilai 65, 10 siswa mendapat nilai 70, \n6 siswa mendapat nilai 80, dan sisanya mendapat nilai 75. \nGuru di kelas Edo ingin melihat perbandingan nilai yang \ndiperoleh siswa dengan lebih mudah.\nTulis ulang bacaan di atas! Gunakan kalimat sendiri.\nKerjakan di buku tulismu.\nPengamatan 2\nPerhatikan gambar dan bacaan berikut ini.\nGambar 5.4 Kendaraan di Jalan\nSumber: dokumentasi penulis\n Guru di kelas Udin mengajak siswa-siswanya belajar \ndi luar kelas. Beliau meminta siswa-siswanya mencatat \nbanyaknya kendaraan yang lewat di Jalan PB Sudirman \nsetiap 10 menit. Udin mencatat becak yang lewat \nsebanyak"", ""i Jumat, Sabtu dan Minggu?\nDi unduh dari : Bukupaket.com\nKelas IV SD/MI\n174\n12. Diketahui suatu data : 6, 7, 9, 8, 8, 7, 10, 7, 11, 12, 8. Sajikan data tersebut dalam \nbentuk tabel dan diagram batang!\n13. Data banyaknya kelahiran bayi di salah satu kecamatan disajikan dalam diagram \nbatang berikut!\nBanyak Kelahiran\n Banyak kelahiran bayi selama 5 tahun adalah …\n14. Data nilai ulangan matematika kelas 4 disajikan dalam diagram batang berikut!\nJika kriteria ketuntasan minimal nilai matematika 70, berapakah banyak siswa yang \ntidak ikut remidi?\n15. Diagram batang berikut menyajikan data banyak siswa di SD Balikpapan. Sajikan \ndiagram batang di bawah ini dalam bentuk tabel! Berapakah selisih data banyak \nsiswa kelas 4 dan kelas 5?\nDi unduh dari : Bukupaket.com\nMatematika • Statistika\n175\n16. Tabel berikut menunjukkan hasil panen sayur-sayuran di suatu daerah. Sajikan tabel \ntersebut dalam di""]",penjumlahan_pengurangan,0.8,True,False,C4-rag+moe conf=0.80
C4,19,4,perkalian_pembagian,menggunakan perkalian dan pembagian dalam konteks real life,sulit,"Sebuah kelas memiliki 42 siswa. Jika setiap siswa dibagi menjadi 6 kelompok, berapa jumlah kelompok yang terbentuk?","[""A. 6"", ""B. 7"", ""C. 8"", ""D. 9""]",B,7,"[""Jumlah siswa = 42"", ""Jumlah kelompok = Jumlah siswa ÷ Jumlah siswa per kelompok"", ""Jadi, jumlah kelompok = 42 ÷ 6""]",42 ÷ 6 = 7,"[{""chunk_id"": ""000_0235"", ""source"": ""Buku Matematika Kelas 4 SD.pdf""}, {""chunk_id"": ""000_0212"", ""source"": ""Buku Matematika Kelas 4 SD.pdf""}]","[""ri : Bukupaket.com\nKelas IV SD/MI\n158\nBacalah dengan saksama\nPerhatikan gambar dan bacaan berikut!\nGambar 5.1 Pemilihan Ketua Kelas\nSumber: kemendikbud.go.id\n Hari ini, siswa kelas 4 duduk rapi dan suasana di kelas \nsangat tenang. Pergantian pengurus dilakukan setiap tiga \nbulan sekali untuk memberi kesempatan seluruh siswa \nmenjadi pengurus kelas dan juga melatih rasa percaya diri \nsetiap siswa.\n Setiap siswa diberi selembar kertas untuk mengisi \nnama calon ketua kelas yang akan dipilih. Setelah itu, \nkertas dikumpulkan, kemudian dilakukan perhitungan \nsuara untuk setiap calon ketua kelas. Agar memudahkan \ndalam pendataan, hasil perolehan suara calon ketua \nkelas ditulis di papan tulis dalam bentuk tabel. Dapatkah \nkamu membaca dan menyajikan data tersebut dalam \nbentuk diagram batang? Temukan jawabannya dalam \npembahasan materi ini.\nDi unduh dari : Bukupaket.com\nMatematika • Statistika"", ""b adalah \nbilangan bulat dan b ≠ 0.\n2. Bilangan pecahan terdiri dari pecahan senilai, pecahan sederhana, dan \nmembandingkan pecahan.\n3. Pecahan senilai adalah pecahan yang dituliskan dalam bentuk berbeda, \ntetapi mempunyai nilai yang sama.\n4. Pecahan sederhana adalah mengubah pembilang dan penyebut menjadi pecahan \nsenilai yang paling kecil.\n5. Bentuk pecahan meliputi pecahan biasa, pecahan campuran, pecahan desimal, \ndan persen.\n6. Pecahan biasa adalah pecahan yang pembilang dan penyebutnya merupakan \nbilangan bulat.\n7. Pecahan campuran adalah pecahan yang terdiri atas bilangan bulat dan pecahan, \ndapat ditulis \na \nb\nc = (a x c) + b\nc \ndengan ketentuan a,b,c adalah bilangan bulat dan c ≠ 0.\n8. Pecahan desimal adalah pecahan yang nilai penyebutnya adalah 10, 100, 1000, dan \nseterusnya yang ditulis dengan menggunakan tanda koma.\nDi unduh dari : Bukupaket.com\nKelas IV SD/MI\n44\n9. Persen ad"", ""20 ­ 40 tahun di suatu daerah selama 5 tahun disajikan dalam \ndiagram berikut ini.\na. Berapakah selisih penduduk laki-laki & perempuan pada tahun 2017\nb. Pada tahun berapakah jumlah penduduk terbanyak?\n20. Data tinggi badan siswa kelas IV disajikan dalam diagram berikut. Jika banyak siswa \nkelas IV seluruhnya adalah 60, maka berapa banyak siswa kelas IV yang mempunyai \ntinggi badan 132 cm?\nTugas Berkelompok\nPetunjuk\n1. Tulislah jawaban latihan soal di buku tulis dengan bahasamu sendiri.\n2. Tukarkan jawaban dengan teman sebangkumu.\n3. Bandingkan dan diskusikan hasil pekerjaanmu.\nDi unduh dari : Bukupaket.com\nMatematika • Pengukuran Sudut\n177\nPengukuran \nSudut \n 6\nDi kelas 3 kalian telah mempelajari \ntentang jenis-jenis sudut dan \npengukuran sudut dengan satuan \ntidak baku. Sekarang kalian akan \nmempelajari lebih jauh lagi tentang \npengukuran sudut dengan busur \nderajat. Pada bangun datar,"", ""e bawah menjadi 40.\nd. 97% dari 23 ≈ 100% x 20 = 20\n97% dibulatkan dan lebih dekat dengan 100%\n23 dibulatkan ke atas menjadi 20.\nAyo Mencoba\nTaksirlah hasil operasi hitung penjumlahan dan \npengurangan pecahan berikut. \na. 6\n7 + 9 5\n7 d. 3 \n4\n5 - 2 \n3\n4 \nb. 3 \n 8 \n10 + 9 \n3\n4 e. 11 \n 9 \n11 - 5 \n 6 \n11 \nTahukah Kalian\nPecahan yang \npenyebutnya 1000 \ndisebut Permil dan \ndisimbolkan dalam \n\""‰\"" .\nTahukah Kalian\nUntuk mengubah \npecahan biasa ke dalam \nbentuk persen maka \npembilang dan \npenyebut sama-sama \ndikalikan dengan \nbilangan bulat positif \nsupaya bernilai 100.\nDi unduh dari : Bukupaket.com\nKelas IV SD/MI\n40\nc. 5 - 2 5\n7\nTaksirlah hasil operasi hitung perkalian dan pembagian \npecahan berikut. \na. 4 8 \n10 x 9 d. 6 1 \n12 : 2 \nb. 4 \n2\n3 + 4 \n1\n7 e. 10 \n 8 \n10 : 1 \n4\n5\nc. \n 5 \n10 x \n5\n8\nTaksirlah hasil operasi hitung penjumlahan dan \npengurangan pecahan desimal berikut.\na. 3,4 + 5,5 c. 7,23 "", ""-Jilbab). Al-Qalasadi meletakkan pembilang di atas \npenyebut dan memisahkan keduanya dengan sebuah \ngaris horizontal dan menggunakan pernyataan \""ala \nma'sihi\"" yang berarti \""tempatkan di atasnya\"" dan \n\""mafawk al-khatt\"" yang berarti \""yang ada di atas \ngaris\"" .\nSumber: serunaihati.blogspot.com diakses 09/11/17 pukul 21:59.\nAL-QALASADI\n(1412-1486) \nA. Bilangan Pecahan\nAda 5 tahapan yang harus kalian lakukan untuk memahami bilangan pecahan \nmeliputi pecahan senilai, menyederhanakan pecahan dan membandingkan pecahan. \nKelima langkah tersebut adalah mengamati, menanya, menalar, mencoba, dan \nmengkomunikasikan.\nAyo Mengamati\nPengamatan\nPerhatikan gambar dan bacaan berikut dengan cermat!\nDi unduh dari : Bukupaket.com\nKelas IV SD/MI\n4\n1.\n3.\n2.\nGambar 1.2 Buku (1), Tongkat Pramuka (2), dan Buah apel (3)\nSumber: \ndokumentasi penulis\nhttps://www.tokopedia.com/mimbar/tongkat-pramuka-merah-putih \ndiaks""]",perkalian_pembagian,1.0,True,True,C4-rag+moe conf=1.00
C4,20,4,perkalian_pembagian,perkalian dan pembagian dalam konteks matematika,sulit,"Jika dalam suatu kelas terdapat 32 siswa dan 4 kelas yang sama, berapa total siswa yang ada?","[""A. 120"", ""B. 128"", ""C. 132"", ""D. 144""]",B,128,"[""Total siswa dalam 4 kelas adalah 32 siswa x 4 kelas = 128 siswa.""]",32 x 4 = 128,"[{""chunk_id"": ""000_0235"", ""source"": ""Buku Matematika Kelas 4 SD.pdf""}, {""chunk_id"": ""000_0212"", ""source"": ""Buku Matematika Kelas 4 SD.pdf""}]","[""ri : Bukupaket.com\nKelas IV SD/MI\n158\nBacalah dengan saksama\nPerhatikan gambar dan bacaan berikut!\nGambar 5.1 Pemilihan Ketua Kelas\nSumber: kemendikbud.go.id\n Hari ini, siswa kelas 4 duduk rapi dan suasana di kelas \nsangat tenang. Pergantian pengurus dilakukan setiap tiga \nbulan sekali untuk memberi kesempatan seluruh siswa \nmenjadi pengurus kelas dan juga melatih rasa percaya diri \nsetiap siswa.\n Setiap siswa diberi selembar kertas untuk mengisi \nnama calon ketua kelas yang akan dipilih. Setelah itu, \nkertas dikumpulkan, kemudian dilakukan perhitungan \nsuara untuk setiap calon ketua kelas. Agar memudahkan \ndalam pendataan, hasil perolehan suara calon ketua \nkelas ditulis di papan tulis dalam bentuk tabel. Dapatkah \nkamu membaca dan menyajikan data tersebut dalam \nbentuk diagram batang? Temukan jawabannya dalam \npembahasan materi ini.\nDi unduh dari : Bukupaket.com\nMatematika • Statistika"", ""b adalah \nbilangan bulat dan b ≠ 0.\n2. Bilangan pecahan terdiri dari pecahan senilai, pecahan sederhana, dan \nmembandingkan pecahan.\n3. Pecahan senilai adalah pecahan yang dituliskan dalam bentuk berbeda, \ntetapi mempunyai nilai yang sama.\n4. Pecahan sederhana adalah mengubah pembilang dan penyebut menjadi pecahan \nsenilai yang paling kecil.\n5. Bentuk pecahan meliputi pecahan biasa, pecahan campuran, pecahan desimal, \ndan persen.\n6. Pecahan biasa adalah pecahan yang pembilang dan penyebutnya merupakan \nbilangan bulat.\n7. Pecahan campuran adalah pecahan yang terdiri atas bilangan bulat dan pecahan, \ndapat ditulis \na \nb\nc = (a x c) + b\nc \ndengan ketentuan a,b,c adalah bilangan bulat dan c ≠ 0.\n8. Pecahan desimal adalah pecahan yang nilai penyebutnya adalah 10, 100, 1000, dan \nseterusnya yang ditulis dengan menggunakan tanda koma.\nDi unduh dari : Bukupaket.com\nKelas IV SD/MI\n44\n9. Persen ad"", ""20 ­ 40 tahun di suatu daerah selama 5 tahun disajikan dalam \ndiagram berikut ini.\na. Berapakah selisih penduduk laki-laki & perempuan pada tahun 2017\nb. Pada tahun berapakah jumlah penduduk terbanyak?\n20. Data tinggi badan siswa kelas IV disajikan dalam diagram berikut. Jika banyak siswa \nkelas IV seluruhnya adalah 60, maka berapa banyak siswa kelas IV yang mempunyai \ntinggi badan 132 cm?\nTugas Berkelompok\nPetunjuk\n1. Tulislah jawaban latihan soal di buku tulis dengan bahasamu sendiri.\n2. Tukarkan jawaban dengan teman sebangkumu.\n3. Bandingkan dan diskusikan hasil pekerjaanmu.\nDi unduh dari : Bukupaket.com\nMatematika • Pengukuran Sudut\n177\nPengukuran \nSudut \n 6\nDi kelas 3 kalian telah mempelajari \ntentang jenis-jenis sudut dan \npengukuran sudut dengan satuan \ntidak baku. Sekarang kalian akan \nmempelajari lebih jauh lagi tentang \npengukuran sudut dengan busur \nderajat. Pada bangun datar,"", ""e bawah menjadi 40.\nd. 97% dari 23 ≈ 100% x 20 = 20\n97% dibulatkan dan lebih dekat dengan 100%\n23 dibulatkan ke atas menjadi 20.\nAyo Mencoba\nTaksirlah hasil operasi hitung penjumlahan dan \npengurangan pecahan berikut. \na. 6\n7 + 9 5\n7 d. 3 \n4\n5 - 2 \n3\n4 \nb. 3 \n 8 \n10 + 9 \n3\n4 e. 11 \n 9 \n11 - 5 \n 6 \n11 \nTahukah Kalian\nPecahan yang \npenyebutnya 1000 \ndisebut Permil dan \ndisimbolkan dalam \n\""‰\"" .\nTahukah Kalian\nUntuk mengubah \npecahan biasa ke dalam \nbentuk persen maka \npembilang dan \npenyebut sama-sama \ndikalikan dengan \nbilangan bulat positif \nsupaya bernilai 100.\nDi unduh dari : Bukupaket.com\nKelas IV SD/MI\n40\nc. 5 - 2 5\n7\nTaksirlah hasil operasi hitung perkalian dan pembagian \npecahan berikut. \na. 4 8 \n10 x 9 d. 6 1 \n12 : 2 \nb. 4 \n2\n3 + 4 \n1\n7 e. 10 \n 8 \n10 : 1 \n4\n5\nc. \n 5 \n10 x \n5\n8\nTaksirlah hasil operasi hitung penjumlahan dan \npengurangan pecahan desimal berikut.\na. 3,4 + 5,5 c. 7,23 "", ""-Jilbab). Al-Qalasadi meletakkan pembilang di atas \npenyebut dan memisahkan keduanya dengan sebuah \ngaris horizontal dan menggunakan pernyataan \""ala \nma'sihi\"" yang berarti \""tempatkan di atasnya\"" dan \n\""mafawk al-khatt\"" yang berarti \""yang ada di atas \ngaris\"" .\nSumber: serunaihati.blogspot.com diakses 09/11/17 pukul 21:59.\nAL-QALASADI\n(1412-1486) \nA. Bilangan Pecahan\nAda 5 tahapan yang harus kalian lakukan untuk memahami bilangan pecahan \nmeliputi pecahan senilai, menyederhanakan pecahan dan membandingkan pecahan. \nKelima langkah tersebut adalah mengamati, menanya, menalar, mencoba, dan \nmengkomunikasikan.\nAyo Mengamati\nPengamatan\nPerhatikan gambar dan bacaan berikut dengan cermat!\nDi unduh dari : Bukupaket.com\nKelas IV SD/MI\n4\n1.\n3.\n2.\nGambar 1.2 Buku (1), Tongkat Pramuka (2), dan Buah apel (3)\nSumber: \ndokumentasi penulis\nhttps://www.tokopedia.com/mimbar/tongkat-pramuka-merah-putih \ndiaks""]",perkalian_pembagian,1.0,True,False,C4-rag+moe conf=1.00
C4,21,4,penjumlahan_pengurangan,menyusun data dalam bentuk tabel dan diagram batang,sedang,Data banyaknya kelahiran bayi di salah satu kecamatan disajikan dalam diagram batang seperti berikut. Berapa banyak kelahiran bayi selama 5 tahun?,"[""A. 35"", ""B. 40"", ""C. 45"", ""D. 50""]",B,40,"[""Berdasarkan diagram batang, jumlah kelahiran bayi selama 5 tahun adalah 10 + 7 + 9 + 6 + 8 = 40"", ""Maka, banyak kelahiran bayi selama 5 tahun adalah 40""]",40,"[{""chunk_id"": ""000_0233"", ""source"": ""Buku Matematika Kelas 4 SD.pdf""}]","[""ri : Bukupaket.com\nKelas IV SD/MI\n158\nBacalah dengan saksama\nPerhatikan gambar dan bacaan berikut!\nGambar 5.1 Pemilihan Ketua Kelas\nSumber: kemendikbud.go.id\n Hari ini, siswa kelas 4 duduk rapi dan suasana di kelas \nsangat tenang. Pergantian pengurus dilakukan setiap tiga \nbulan sekali untuk memberi kesempatan seluruh siswa \nmenjadi pengurus kelas dan juga melatih rasa percaya diri \nsetiap siswa.\n Setiap siswa diberi selembar kertas untuk mengisi \nnama calon ketua kelas yang akan dipilih. Setelah itu, \nkertas dikumpulkan, kemudian dilakukan perhitungan \nsuara untuk setiap calon ketua kelas. Agar memudahkan \ndalam pendataan, hasil perolehan suara calon ketua \nkelas ditulis di papan tulis dalam bentuk tabel. Dapatkah \nkamu membaca dan menyajikan data tersebut dalam \nbentuk diagram batang? Temukan jawabannya dalam \npembahasan materi ini.\nDi unduh dari : Bukupaket.com\nMatematika • Statistika"", ""bulatan ke ratusan terdekat\na. Pembulatan ke bawah, jika angka puluhannya kurang dari 5, maka puluhan \ntersebut dihilangkan.\nb. Pembulatan ke atas, jika angka puluhannya lebih dari atau sama dengan 50 \nmaka puluhan tersebut dihilangkan dan menambahkan 100 ke ratusannya. \nAyo Mengomunikasikan\nPetunjuk\nTulis ulang rangkuman di atas dengan bahasamu sendiri. Kerjakan di buku tulismu.\nBandingkan dan diskusikan bersama 3 teman yang tempat duduknya berdekatan \ndenganmu. Tulis kembali di buku tulismu!\nDi unduh dari : Bukupaket.com\nKelas IV SD/MI\n98\nTugas Proyek\nBelajar melakukan pembulatan hasil pengukuran yang telah dilaksanakan\nTujuan: melakukan pembulatan hasil pengukuran panjang dan berat.\nPetunjuk: \n1. Buatlah kelompok yang terdiri atas 4 anak.\n2. Sediakan timbangan berat badan, meteran pengukur tinggi badan, dan alat-alat tulis.\n3. Buatlah tabel hasil pengukuran berat dan tinggi badan bese"", ""i Jumat, Sabtu dan Minggu?\nDi unduh dari : Bukupaket.com\nKelas IV SD/MI\n174\n12. Diketahui suatu data : 6, 7, 9, 8, 8, 7, 10, 7, 11, 12, 8. Sajikan data tersebut dalam \nbentuk tabel dan diagram batang!\n13. Data banyaknya kelahiran bayi di salah satu kecamatan disajikan dalam diagram \nbatang berikut!\nBanyak Kelahiran\n Banyak kelahiran bayi selama 5 tahun adalah …\n14. Data nilai ulangan matematika kelas 4 disajikan dalam diagram batang berikut!\nJika kriteria ketuntasan minimal nilai matematika 70, berapakah banyak siswa yang \ntidak ikut remidi?\n15. Diagram batang berikut menyajikan data banyak siswa di SD Balikpapan. Sajikan \ndiagram batang di bawah ini dalam bentuk tabel! Berapakah selisih data banyak \nsiswa kelas 4 dan kelas 5?\nDi unduh dari : Bukupaket.com\nMatematika • Statistika\n175\n16. Tabel berikut menunjukkan hasil panen sayur-sayuran di suatu daerah. Sajikan tabel \ntersebut dalam di"", ""in mengenai data\ntersebut yang tidak\ntertulis pada tabel.\nDi unduh dari : Bukupaket.com\nMatematika • Statistika\n163\nGuru matematika di kelas Edo membagikan hasil ujian \nmatematika dan mendata nilai hasil ujian matematika \nsiswa kelas 4A. Dari 32 siswa, 2 siswa mendapat nilai 50, \n11 siswa mendapat nilai 65, 10 siswa mendapat nilai 70, \n6 siswa mendapat nilai 80, dan sisanya mendapat nilai 75. \nGuru di kelas Edo ingin melihat perbandingan nilai yang \ndiperoleh siswa dengan lebih mudah.\nTulis ulang bacaan di atas! Gunakan kalimat sendiri.\nKerjakan di buku tulismu.\nPengamatan 2\nPerhatikan gambar dan bacaan berikut ini.\nGambar 5.4 Kendaraan di Jalan\nSumber: dokumentasi penulis\n Guru di kelas Udin mengajak siswa-siswanya belajar \ndi luar kelas. Beliau meminta siswa-siswanya mencatat \nbanyaknya kendaraan yang lewat di Jalan PB Sudirman \nsetiap 10 menit. Udin mencatat becak yang lewat \nsebanyak"", ""matan 2 tersebut? Coba buatlah di \nbuku tulismu.\nContoh 5.1\n1. Meli mencatat jenis hobi teman-teman sekelasnya. \nData tentang hobi teman-teman Meli ditulis dalam \nbentuk tabel berikut.\nNo. Jenis Hobi\nBanyak Siswa\nTurus Frekuensi\n1. Membaca 5\n2. Menggambar IIII 9\n3. Olahraga I 11\n4. Menyanyi IIII 9\n5. Menari I 6\nJumlah 40\nBerapakah banyaknya teman Meli seluruhnya?\nSajikan tabel hobi teman Meli ke dalam bentuk diagram \nbatang.\nPenyelesaian\nDi unduh dari : Bukupaket.com\nKelas IV SD/MI\n168\nAyo Mencoba\n1. Meli adalah ketua kelas 4A. Ia akan membelikan \nsejumlah kebutuhan alat-alat tulis di koperasi \nsekolah untuk teman-teman sekelasnya. Berdasarkan \nkebutuhan tersebut tercatat ada 5 barang yang harus \ndibeli yaitu 9 buku tulis, 10 pensil, 5 penghapus, 3 \nbolpoin, dan 5 penggaris. Buatlah tabel dan diagram \nbatang yang menunjukkan kebutuhan di atas.\n2. Di bawah ini adalah diagram batang tentan""]",penjumlahan_pengurangan,0.8,True,True,C4-rag+moe conf=0.80
C4,22,4,bilangan,nilai tempat dan urutan bilangan,sedang,"Pada tabel berikut, berapakah nilai terbesar dan terkecil yang muncul?

| No | Nilai |
|---|---|
| 1  | 75   |
| 2  | 80   |
| 3  | 65   |
| 4  | 70   |
| 5  | 50   |","[""A. 50"", ""B. 65"", ""C. 70"", ""D. 80""]",D,80,"[""Identifikasi nilai-nilai dalam tabel:"", ""- 75"", ""- 80"", ""- 65"", ""- 70"", ""- 50"", ""Urutkan nilai dari yang terkecil ke terbesar:"", ""50, 65, 70, 75, 80"", ""Nilai terkecil adalah 50."", ""Nilai terbesar adalah 80.""]",80,"[{""chunk_id"": ""000_0233"", ""source"": ""Buku Matematika Kelas 4 SD.pdf""}]","[""ri : Bukupaket.com\nKelas IV SD/MI\n158\nBacalah dengan saksama\nPerhatikan gambar dan bacaan berikut!\nGambar 5.1 Pemilihan Ketua Kelas\nSumber: kemendikbud.go.id\n Hari ini, siswa kelas 4 duduk rapi dan suasana di kelas \nsangat tenang. Pergantian pengurus dilakukan setiap tiga \nbulan sekali untuk memberi kesempatan seluruh siswa \nmenjadi pengurus kelas dan juga melatih rasa percaya diri \nsetiap siswa.\n Setiap siswa diberi selembar kertas untuk mengisi \nnama calon ketua kelas yang akan dipilih. Setelah itu, \nkertas dikumpulkan, kemudian dilakukan perhitungan \nsuara untuk setiap calon ketua kelas. Agar memudahkan \ndalam pendataan, hasil perolehan suara calon ketua \nkelas ditulis di papan tulis dalam bentuk tabel. Dapatkah \nkamu membaca dan menyajikan data tersebut dalam \nbentuk diagram batang? Temukan jawabannya dalam \npembahasan materi ini.\nDi unduh dari : Bukupaket.com\nMatematika • Statistika"", ""in mengenai data\ntersebut yang tidak\ntertulis pada tabel.\nDi unduh dari : Bukupaket.com\nMatematika • Statistika\n163\nGuru matematika di kelas Edo membagikan hasil ujian \nmatematika dan mendata nilai hasil ujian matematika \nsiswa kelas 4A. Dari 32 siswa, 2 siswa mendapat nilai 50, \n11 siswa mendapat nilai 65, 10 siswa mendapat nilai 70, \n6 siswa mendapat nilai 80, dan sisanya mendapat nilai 75. \nGuru di kelas Edo ingin melihat perbandingan nilai yang \ndiperoleh siswa dengan lebih mudah.\nTulis ulang bacaan di atas! Gunakan kalimat sendiri.\nKerjakan di buku tulismu.\nPengamatan 2\nPerhatikan gambar dan bacaan berikut ini.\nGambar 5.4 Kendaraan di Jalan\nSumber: dokumentasi penulis\n Guru di kelas Udin mengajak siswa-siswanya belajar \ndi luar kelas. Beliau meminta siswa-siswanya mencatat \nbanyaknya kendaraan yang lewat di Jalan PB Sudirman \nsetiap 10 menit. Udin mencatat becak yang lewat \nsebanyak"", ""i Jumat, Sabtu dan Minggu?\nDi unduh dari : Bukupaket.com\nKelas IV SD/MI\n174\n12. Diketahui suatu data : 6, 7, 9, 8, 8, 7, 10, 7, 11, 12, 8. Sajikan data tersebut dalam \nbentuk tabel dan diagram batang!\n13. Data banyaknya kelahiran bayi di salah satu kecamatan disajikan dalam diagram \nbatang berikut!\nBanyak Kelahiran\n Banyak kelahiran bayi selama 5 tahun adalah …\n14. Data nilai ulangan matematika kelas 4 disajikan dalam diagram batang berikut!\nJika kriteria ketuntasan minimal nilai matematika 70, berapakah banyak siswa yang \ntidak ikut remidi?\n15. Diagram batang berikut menyajikan data banyak siswa di SD Balikpapan. Sajikan \ndiagram batang di bawah ini dalam bentuk tabel! Berapakah selisih data banyak \nsiswa kelas 4 dan kelas 5?\nDi unduh dari : Bukupaket.com\nMatematika • Statistika\n175\n16. Tabel berikut menunjukkan hasil panen sayur-sayuran di suatu daerah. Sajikan tabel \ntersebut dalam di"", ""20 ­ 40 tahun di suatu daerah selama 5 tahun disajikan dalam \ndiagram berikut ini.\na. Berapakah selisih penduduk laki-laki & perempuan pada tahun 2017\nb. Pada tahun berapakah jumlah penduduk terbanyak?\n20. Data tinggi badan siswa kelas IV disajikan dalam diagram berikut. Jika banyak siswa \nkelas IV seluruhnya adalah 60, maka berapa banyak siswa kelas IV yang mempunyai \ntinggi badan 132 cm?\nTugas Berkelompok\nPetunjuk\n1. Tulislah jawaban latihan soal di buku tulis dengan bahasamu sendiri.\n2. Tukarkan jawaban dengan teman sebangkumu.\n3. Bandingkan dan diskusikan hasil pekerjaanmu.\nDi unduh dari : Bukupaket.com\nMatematika • Pengukuran Sudut\n177\nPengukuran \nSudut \n 6\nDi kelas 3 kalian telah mempelajari \ntentang jenis-jenis sudut dan \npengukuran sudut dengan satuan \ntidak baku. Sekarang kalian akan \nmempelajari lebih jauh lagi tentang \npengukuran sudut dengan busur \nderajat. Pada bangun datar,"", ""erhatikan nilai \nsatuan, puluhan, atau \nratusan dan seterusnya. \nJika angka kurang dari \n5 (4,3,2,1) maka angka \npada pembulatan \ndihilangkan dan jika \nangka lebih dari sama \ndengan 5 (5,6,7,8,9) \nmaka angka pada \npembulatan ditambah \n1 baik puluhan, ratusan, \nmaupun ribuan dan \nseterusnya.\nDi unduh dari : Bukupaket.com\nKelas IV SD/MI\n38\nContoh 1.16\nTentukan hasil operasi hitung berikut dengan taksiran atas.\na. 16,8 x 2,4 ≈ 17 x 2 = 34\n 16,8 dibulatkan ke atas menjadi 17\n 2,4 dibulatkan ke bawah menjadi 2\nb. 24,7 / 4.9 ≈ 25 / 5 = 5\n 24,7 dibulatkan ke atas menjadi 25\n 4,9 dibulatkan ke atas menjadi 5\nc. 153,7 + 8,2 ≈ 154 + 8 = 162\n 153,7 dibulatkan ke atas menjadi 154\n 8,2 dibulatkan ke bawah menjadi 8\nd. 32,4 ­ 5,5 ≈ 32 - 6 = 26\n 32,4 dibulatkan ke bawah menjadi 32\n 5,5 dibulatkan ke atas menjadi 6\nc. Taksiran Persen\nTaksiran persen adalah menaksir hasil operasi hitung \ndengan cara memb""]",bilangan,0.4,True,True,C4-rag+moe conf=0.40
C4,23,4,pecahan,Pecahan Sederhana,mudah,Pecahan yang paling sederhana dari pecahan 15/20 adalah...,"[""A. 3/4"", ""B. 1/2"", ""C. 5/4"", ""D. 2/5""]",A,3/4,"[""Pecahkan 15/20 menjadi faktor-faktornya."", ""15 = 3 × 5"", ""20 = 2 × 2 × 5"", ""Jadi, 15/20 dapat ditulis sebagai 3 × 5 / 2 × 2 × 5."", ""Kita bisa membagi pembilang dan penyebut dengan 5."", ""3 × 5 / 2 × 2 × 5 = 3 / 2 × 2 = 3 / 4.""]",3/4,"[{""chunk_id"": ""000_0018"", ""source"": ""Buku Matematika Kelas 4 SD.pdf""}]","[""b adalah \nbilangan bulat dan b ≠ 0.\n2. Bilangan pecahan terdiri dari pecahan senilai, pecahan sederhana, dan \nmembandingkan pecahan.\n3. Pecahan senilai adalah pecahan yang dituliskan dalam bentuk berbeda, \ntetapi mempunyai nilai yang sama.\n4. Pecahan sederhana adalah mengubah pembilang dan penyebut menjadi pecahan \nsenilai yang paling kecil.\n5. Bentuk pecahan meliputi pecahan biasa, pecahan campuran, pecahan desimal, \ndan persen.\n6. Pecahan biasa adalah pecahan yang pembilang dan penyebutnya merupakan \nbilangan bulat.\n7. Pecahan campuran adalah pecahan yang terdiri atas bilangan bulat dan pecahan, \ndapat ditulis \na \nb\nc = (a x c) + b\nc \ndengan ketentuan a,b,c adalah bilangan bulat dan c ≠ 0.\n8. Pecahan desimal adalah pecahan yang nilai penyebutnya adalah 10, 100, 1000, dan \nseterusnya yang ditulis dengan menggunakan tanda koma.\nDi unduh dari : Bukupaket.com\nKelas IV SD/MI\n44\n9. Persen ad"", ""ri : Bukupaket.com\nKelas IV SD/MI\n158\nBacalah dengan saksama\nPerhatikan gambar dan bacaan berikut!\nGambar 5.1 Pemilihan Ketua Kelas\nSumber: kemendikbud.go.id\n Hari ini, siswa kelas 4 duduk rapi dan suasana di kelas \nsangat tenang. Pergantian pengurus dilakukan setiap tiga \nbulan sekali untuk memberi kesempatan seluruh siswa \nmenjadi pengurus kelas dan juga melatih rasa percaya diri \nsetiap siswa.\n Setiap siswa diberi selembar kertas untuk mengisi \nnama calon ketua kelas yang akan dipilih. Setelah itu, \nkertas dikumpulkan, kemudian dilakukan perhitungan \nsuara untuk setiap calon ketua kelas. Agar memudahkan \ndalam pendataan, hasil perolehan suara calon ketua \nkelas ditulis di papan tulis dalam bentuk tabel. Dapatkah \nkamu membaca dan menyajikan data tersebut dalam \nbentuk diagram batang? Temukan jawabannya dalam \npembahasan materi ini.\nDi unduh dari : Bukupaket.com\nMatematika • Statistika"", ""n\nCara menyederhanakan \npecahan adalah \nmembagi pembilang \ndan penyebut dengan \nbilangan prima (2, 3, \n5, ...), sehingga tidak \ndapat dibagi lagi oleh \nbilangan prima yang \nlain.\nDi unduh dari : Bukupaket.com\nKelas IV SD/MI\n16\nJadi, pecahan 2\n4 mempunyai bentuk paling sederhana \nyaitu 1\n2 .\nDapatkah kalian menentukan pecahan paling sederhana \ndari \n15\n20?\nContoh 1.4\nTentukan pecahan paling sederhana dari pecahan di \nbawah ini. \n10\n20\n10 : 10\n20 : 10\n1\n2= =\n16\n24\n16 : 8\n24 : 8\n2\n3= =\n 9 \n27\n 9 : 9 \n27 : 9\n1\n3= =\n 4 \n12\n 4 : 4 \n12 : 4\n1\n3= =\n3. Membandingkan Pecahan\nAyo Mengamati\nPengamatan\nPerhatikan gambar dan bacaan berikut!\nSebuah pizza dipotong menjadi 2 bagian sama besar. \nSetengah bagian pizza yang telah dipotong, dipotong lagi \nmenjadi dua bagian sama besar. \nPotongan manakah yang lebih besar?\nTulis ulang bacaan di atas! Gunakan kalimatmu sendiri. \nKerjakan di buku tugasmu.\nTahukah"", "" biasa, pecahan \ncampuran, pecahan desimal dan persen. Kelima langkah \ntersebut adalah mengamati, menanya, menalar, mencoba, \ndan mengkomunikasikan.\nTahukah Kalian\nPecahan a\nb dikatakan \npecahan yang paling \nsederhanan apabila FPB \n(a,b) =1\nDi unduh dari : Bukupaket.com\nKelas IV SD/MI\n20\nAyo Mengamati\nPengamatan 1\nPerhatikan gambar dan bacaan berikut!\nGambar 1.8 Buah Apel\nSumber : dokumentasi penulis\nDayu membeli apel 1\n2 kg, kemudian Udin juga membeli \napel 3\n4 kg. Berapa kg apel yang mereka beli?\nTulis ulang bacaan di atas! Gunakan kalimatmu sendiri. \nKerjakan di buku tugasmu.\nPengamatan 2\nPerhatikan gambar dan bacaan berikut!\nIbu berbelanja di pasar tradisonal. Ibu membeli \nberas 5 kg, telur 1\n1\n2 kg, bawang putih 1\n4 kg, \ndan bawang merah \n3\n4 kg (Gambar 1.9). Berapa \nkilogram keseluruhan belanja ibu? \nGambar 1.9 Dagangan Pasar\nSumber : dokumentasi penulis\nTulis ulang bacaan di atas!"", ""e bawah menjadi 40.\nd. 97% dari 23 ≈ 100% x 20 = 20\n97% dibulatkan dan lebih dekat dengan 100%\n23 dibulatkan ke atas menjadi 20.\nAyo Mencoba\nTaksirlah hasil operasi hitung penjumlahan dan \npengurangan pecahan berikut. \na. 6\n7 + 9 5\n7 d. 3 \n4\n5 - 2 \n3\n4 \nb. 3 \n 8 \n10 + 9 \n3\n4 e. 11 \n 9 \n11 - 5 \n 6 \n11 \nTahukah Kalian\nPecahan yang \npenyebutnya 1000 \ndisebut Permil dan \ndisimbolkan dalam \n\""‰\"" .\nTahukah Kalian\nUntuk mengubah \npecahan biasa ke dalam \nbentuk persen maka \npembilang dan \npenyebut sama-sama \ndikalikan dengan \nbilangan bulat positif \nsupaya bernilai 100.\nDi unduh dari : Bukupaket.com\nKelas IV SD/MI\n40\nc. 5 - 2 5\n7\nTaksirlah hasil operasi hitung perkalian dan pembagian \npecahan berikut. \na. 4 8 \n10 x 9 d. 6 1 \n12 : 2 \nb. 4 \n2\n3 + 4 \n1\n7 e. 10 \n 8 \n10 : 1 \n4\n5\nc. \n 5 \n10 x \n5\n8\nTaksirlah hasil operasi hitung penjumlahan dan \npengurangan pecahan desimal berikut.\na. 3,4 + 5,5 c. 7,23 ""]",pecahan,1.0,True,True,C4-rag+moe conf=1.00
C4,24,4,bilangan,nilai tempat dan urutan bilangan,sedang,"Sebuah kelas memiliki 32 siswa. Jika 2 siswa mendapatkan nilai 50, 11 siswa mendapatkan nilai 65, 10 siswa mendapatkan nilai 70, 6 siswa mendapatkan nilai 80, dan sisanya mendapatkan nilai 75. Berapakah jumlah siswa yang mendapatkan nilai antara 65 dan 70 termasuk 65 dan 70?","[""A. 10"", ""B. 12"", ""C. 15"", ""D. 20""]",B,12,"[""Hitung jumlah siswa yang mendapatkan nilai 65 dan 70:"", ""2 siswa + 10 siswa = 12 siswa"", ""Jumlah siswa yang mendapatkan nilai antara 65 dan 70 adalah 12 siswa.""]",2 + 10,"[{""chunk_id"": ""000_0219"", ""source"": ""Buku Matematika Kelas 4 SD.pdf""}, {""chunk_id"": ""000_0233"", ""source"": ""Buku Matematika Kelas 4 SD.pdf""}]","[""ri : Bukupaket.com\nKelas IV SD/MI\n158\nBacalah dengan saksama\nPerhatikan gambar dan bacaan berikut!\nGambar 5.1 Pemilihan Ketua Kelas\nSumber: kemendikbud.go.id\n Hari ini, siswa kelas 4 duduk rapi dan suasana di kelas \nsangat tenang. Pergantian pengurus dilakukan setiap tiga \nbulan sekali untuk memberi kesempatan seluruh siswa \nmenjadi pengurus kelas dan juga melatih rasa percaya diri \nsetiap siswa.\n Setiap siswa diberi selembar kertas untuk mengisi \nnama calon ketua kelas yang akan dipilih. Setelah itu, \nkertas dikumpulkan, kemudian dilakukan perhitungan \nsuara untuk setiap calon ketua kelas. Agar memudahkan \ndalam pendataan, hasil perolehan suara calon ketua \nkelas ditulis di papan tulis dalam bentuk tabel. Dapatkah \nkamu membaca dan menyajikan data tersebut dalam \nbentuk diagram batang? Temukan jawabannya dalam \npembahasan materi ini.\nDi unduh dari : Bukupaket.com\nMatematika • Statistika"", ""in mengenai data\ntersebut yang tidak\ntertulis pada tabel.\nDi unduh dari : Bukupaket.com\nMatematika • Statistika\n163\nGuru matematika di kelas Edo membagikan hasil ujian \nmatematika dan mendata nilai hasil ujian matematika \nsiswa kelas 4A. Dari 32 siswa, 2 siswa mendapat nilai 50, \n11 siswa mendapat nilai 65, 10 siswa mendapat nilai 70, \n6 siswa mendapat nilai 80, dan sisanya mendapat nilai 75. \nGuru di kelas Edo ingin melihat perbandingan nilai yang \ndiperoleh siswa dengan lebih mudah.\nTulis ulang bacaan di atas! Gunakan kalimat sendiri.\nKerjakan di buku tulismu.\nPengamatan 2\nPerhatikan gambar dan bacaan berikut ini.\nGambar 5.4 Kendaraan di Jalan\nSumber: dokumentasi penulis\n Guru di kelas Udin mengajak siswa-siswanya belajar \ndi luar kelas. Beliau meminta siswa-siswanya mencatat \nbanyaknya kendaraan yang lewat di Jalan PB Sudirman \nsetiap 10 menit. Udin mencatat becak yang lewat \nsebanyak"", ""i Jumat, Sabtu dan Minggu?\nDi unduh dari : Bukupaket.com\nKelas IV SD/MI\n174\n12. Diketahui suatu data : 6, 7, 9, 8, 8, 7, 10, 7, 11, 12, 8. Sajikan data tersebut dalam \nbentuk tabel dan diagram batang!\n13. Data banyaknya kelahiran bayi di salah satu kecamatan disajikan dalam diagram \nbatang berikut!\nBanyak Kelahiran\n Banyak kelahiran bayi selama 5 tahun adalah …\n14. Data nilai ulangan matematika kelas 4 disajikan dalam diagram batang berikut!\nJika kriteria ketuntasan minimal nilai matematika 70, berapakah banyak siswa yang \ntidak ikut remidi?\n15. Diagram batang berikut menyajikan data banyak siswa di SD Balikpapan. Sajikan \ndiagram batang di bawah ini dalam bentuk tabel! Berapakah selisih data banyak \nsiswa kelas 4 dan kelas 5?\nDi unduh dari : Bukupaket.com\nMatematika • Statistika\n175\n16. Tabel berikut menunjukkan hasil panen sayur-sayuran di suatu daerah. Sajikan tabel \ntersebut dalam di"", ""20 ­ 40 tahun di suatu daerah selama 5 tahun disajikan dalam \ndiagram berikut ini.\na. Berapakah selisih penduduk laki-laki & perempuan pada tahun 2017\nb. Pada tahun berapakah jumlah penduduk terbanyak?\n20. Data tinggi badan siswa kelas IV disajikan dalam diagram berikut. Jika banyak siswa \nkelas IV seluruhnya adalah 60, maka berapa banyak siswa kelas IV yang mempunyai \ntinggi badan 132 cm?\nTugas Berkelompok\nPetunjuk\n1. Tulislah jawaban latihan soal di buku tulis dengan bahasamu sendiri.\n2. Tukarkan jawaban dengan teman sebangkumu.\n3. Bandingkan dan diskusikan hasil pekerjaanmu.\nDi unduh dari : Bukupaket.com\nMatematika • Pengukuran Sudut\n177\nPengukuran \nSudut \n 6\nDi kelas 3 kalian telah mempelajari \ntentang jenis-jenis sudut dan \npengukuran sudut dengan satuan \ntidak baku. Sekarang kalian akan \nmempelajari lebih jauh lagi tentang \npengukuran sudut dengan busur \nderajat. Pada bangun datar,"", ""erhatikan nilai \nsatuan, puluhan, atau \nratusan dan seterusnya. \nJika angka kurang dari \n5 (4,3,2,1) maka angka \npada pembulatan \ndihilangkan dan jika \nangka lebih dari sama \ndengan 5 (5,6,7,8,9) \nmaka angka pada \npembulatan ditambah \n1 baik puluhan, ratusan, \nmaupun ribuan dan \nseterusnya.\nDi unduh dari : Bukupaket.com\nKelas IV SD/MI\n38\nContoh 1.16\nTentukan hasil operasi hitung berikut dengan taksiran atas.\na. 16,8 x 2,4 ≈ 17 x 2 = 34\n 16,8 dibulatkan ke atas menjadi 17\n 2,4 dibulatkan ke bawah menjadi 2\nb. 24,7 / 4.9 ≈ 25 / 5 = 5\n 24,7 dibulatkan ke atas menjadi 25\n 4,9 dibulatkan ke atas menjadi 5\nc. 153,7 + 8,2 ≈ 154 + 8 = 162\n 153,7 dibulatkan ke atas menjadi 154\n 8,2 dibulatkan ke bawah menjadi 8\nd. 32,4 ­ 5,5 ≈ 32 - 6 = 26\n 32,4 dibulatkan ke bawah menjadi 32\n 5,5 dibulatkan ke atas menjadi 6\nc. Taksiran Persen\nTaksiran persen adalah menaksir hasil operasi hitung \ndengan cara memb""]",bilangan,0.4,True,True,C4-rag+moe conf=0.40
C4,25,4,perkalian_pembagian,modus,mudah,"Dalam sebuah kelas terdapat 24 siswa. Setiap bulan, 3 siswa dipilih secara acak untuk menjadi ketua kelompok. Berapa banyak kali perlu dilakukan pemilihan ketua kelompok agar semua siswa telah menjadi ketua kelompok minimal sekali?","[""A. 6"", ""B. 8"", ""C. 10"", ""D. 12""]",B,8,"[""Setiap bulan, 3 siswa dipilih."", ""Jumlah siswa dalam kelas adalah 24."", ""Untuk menghitung berapa kali pemilihan perlu dilakukan, kita membagi jumlah siswa dengan jumlah siswa yang dipilih setiap bulan."", ""Jadi, 24 ÷ 3 = 8."", ""Jadi, pemilihan ketua kelompok perlu dilakukan 8 kali agar semua siswa telah menjadi ketua kelompok minimal sekali.""]",24 ÷ 3,"[{""chunk_id"": ""000_0212"", ""source"": ""Buku Matematika Kelas 4 SD.pdf""}, {""chunk_id"": ""000_0143"", ""source"": ""Buku Matematika Kelas 4 SD.pdf""}, {""chunk_id"": ""000_0045"", ""source"": ""Buku Matematika Kelas 4 SD.pdf""}]","[""ri : Bukupaket.com\nKelas IV SD/MI\n158\nBacalah dengan saksama\nPerhatikan gambar dan bacaan berikut!\nGambar 5.1 Pemilihan Ketua Kelas\nSumber: kemendikbud.go.id\n Hari ini, siswa kelas 4 duduk rapi dan suasana di kelas \nsangat tenang. Pergantian pengurus dilakukan setiap tiga \nbulan sekali untuk memberi kesempatan seluruh siswa \nmenjadi pengurus kelas dan juga melatih rasa percaya diri \nsetiap siswa.\n Setiap siswa diberi selembar kertas untuk mengisi \nnama calon ketua kelas yang akan dipilih. Setelah itu, \nkertas dikumpulkan, kemudian dilakukan perhitungan \nsuara untuk setiap calon ketua kelas. Agar memudahkan \ndalam pendataan, hasil perolehan suara calon ketua \nkelas ditulis di papan tulis dalam bentuk tabel. Dapatkah \nkamu membaca dan menyajikan data tersebut dalam \nbentuk diagram batang? Temukan jawabannya dalam \npembahasan materi ini.\nDi unduh dari : Bukupaket.com\nMatematika • Statistika"", ""langkah tersebut \nadalah mengamati, menanya, menalar, mencoba, dan \nmengkomunikasikan.\nAyo Mengamati\nPengamatan 1\nPerhatikan gambar dan bacaan berikut dengan cermat!\nGambar 4.2 Benda-benda yang ada di kelas\nSumber: dokumentasi penulis\nDi unduh dari : Bukupaket.com\nKelas IV SD/MI\n106\nEdo mengelompokkan beberapa benda yang ada di \nkelasnya seperti tulisan “Welcome to Our Class” , jadwal \npiket, dan penggaris setengah lingkaran. Bentuk benda \napakah yang dipilih oleh Edo?\nTulis ulang bacaan di atas! Gunakan kalimat sendiri. \nKerjakan di buku tulismu. \nPengamatan 2\nPerhatikan gambar dan bacaan berikut dengan cermat!\nGambar 4.3 Contoh-contoh bangun datar\nSumber: dokumentasi penulis\nMeli mengelompokkan beberapa benda yang ada di \nkelasnya seperti jadwal pelajaran, peta Indonesia, penggaris \npanjang, penggaris segitiga, motto “In Our Class” , buku, \ndan meja. Bentuk benda apakah yang dipilih ol"", ""erhatikan nilai \nsatuan, puluhan, atau \nratusan dan seterusnya. \nJika angka kurang dari \n5 (4,3,2,1) maka angka \npada pembulatan \ndihilangkan dan jika \nangka lebih dari sama \ndengan 5 (5,6,7,8,9) \nmaka angka pada \npembulatan ditambah \n1 baik puluhan, ratusan, \nmaupun ribuan dan \nseterusnya.\nDi unduh dari : Bukupaket.com\nKelas IV SD/MI\n38\nContoh 1.16\nTentukan hasil operasi hitung berikut dengan taksiran atas.\na. 16,8 x 2,4 ≈ 17 x 2 = 34\n 16,8 dibulatkan ke atas menjadi 17\n 2,4 dibulatkan ke bawah menjadi 2\nb. 24,7 / 4.9 ≈ 25 / 5 = 5\n 24,7 dibulatkan ke atas menjadi 25\n 4,9 dibulatkan ke atas menjadi 5\nc. 153,7 + 8,2 ≈ 154 + 8 = 162\n 153,7 dibulatkan ke atas menjadi 154\n 8,2 dibulatkan ke bawah menjadi 8\nd. 32,4 ­ 5,5 ≈ 32 - 6 = 26\n 32,4 dibulatkan ke bawah menjadi 32\n 5,5 dibulatkan ke atas menjadi 6\nc. Taksiran Persen\nTaksiran persen adalah menaksir hasil operasi hitung \ndengan cara memb"", ""b adalah \nbilangan bulat dan b ≠ 0.\n2. Bilangan pecahan terdiri dari pecahan senilai, pecahan sederhana, dan \nmembandingkan pecahan.\n3. Pecahan senilai adalah pecahan yang dituliskan dalam bentuk berbeda, \ntetapi mempunyai nilai yang sama.\n4. Pecahan sederhana adalah mengubah pembilang dan penyebut menjadi pecahan \nsenilai yang paling kecil.\n5. Bentuk pecahan meliputi pecahan biasa, pecahan campuran, pecahan desimal, \ndan persen.\n6. Pecahan biasa adalah pecahan yang pembilang dan penyebutnya merupakan \nbilangan bulat.\n7. Pecahan campuran adalah pecahan yang terdiri atas bilangan bulat dan pecahan, \ndapat ditulis \na \nb\nc = (a x c) + b\nc \ndengan ketentuan a,b,c adalah bilangan bulat dan c ≠ 0.\n8. Pecahan desimal adalah pecahan yang nilai penyebutnya adalah 10, 100, 1000, dan \nseterusnya yang ditulis dengan menggunakan tanda koma.\nDi unduh dari : Bukupaket.com\nKelas IV SD/MI\n44\n9. Persen ad"", "" \nPada Pengamatan 1\nPerhatikan tabel berikut.\nEdo mempunyai uang Rp10.000,00 untuk membeli buku \ntulis. \nTahukah Kalian\nTaksiran atas \ndilakukan dengan \nmembulatkan ke atas \nbilangan-bilangan \ndalam operasi hitung. \nDi unduh dari : Bukupaket.com\nKelas IV SD/MI\n32\nTabel 1.3 Taksiran harga\nHarga (Rp) Taksiran Atas ke \nRibuan Terdekat (Rp)\nBuku ke-1 4.550 5.000\nBuku ke-2 2.250 3.000\nBuku ke-3 2.750 3.000\nBuku ke-4 1.750 2.000\nTulislah buku apa saja yang dapat dibeli oleh Edo sehingga \nharganya tidak melebihi Rp10.000,00 (bisa lebih dari satu \njawaban). Dapatkah Edo membeli keempat buku tulis \ntersebut? \nContoh Taksiran Atas\nTabel 1.4 Taksiran atas\nBilangan Satuan \nTerdekat\nPuluhan \nTerdekat\nRatusan \nTerdekat\nRibuan \nTerdekat\n5.368,5 5.369 5.370 5.400 6.000\n7.568,8 7.569 7.570 7.600 8.000\n8.777,9 8.778 8.780 8.800 9.000\n8.777,1 8.778 8.780 8.800 9.000\nContoh 1.11\nTentukan hasil operasi hitun""]",perkalian_pembagian,0.4,True,True,C4-rag+moe conf=0.40
C4,26,4,pecahan,Pecahan Sederhana,mudah,Pecahan 15/20 dapat disederhanakan menjadi pecahan sederhana apa?,"[""A. 1/2"", ""B. 3/4"", ""C. 2/5"", ""D. 5/6""]",B,3/4,"[""1. Identifikasi faktor persekutuan terbesar (FPB) dari 15 dan 20."", ""FPB dari 15 dan 20 adalah 5."", ""2. Bagi pembilang dan penyebut dengan FPB tersebut."", ""15 ÷ 5 = 3"", ""20 ÷ 5 = 4"", ""3. Hasilnya adalah pecahan 3/4.""]",3/4,"[{""chunk_id"": ""000_0054"", ""source"": ""Buku Matematika Kelas 4 SD.pdf""}, {""chunk_id"": ""000_0212"", ""source"": ""Buku Matematika Kelas 4 SD.pdf""}, {""chunk_id"": ""000_0018"", ""source"": ""Buku Matematika Kelas 4 SD.pdf""}]","[""b adalah \nbilangan bulat dan b ≠ 0.\n2. Bilangan pecahan terdiri dari pecahan senilai, pecahan sederhana, dan \nmembandingkan pecahan.\n3. Pecahan senilai adalah pecahan yang dituliskan dalam bentuk berbeda, \ntetapi mempunyai nilai yang sama.\n4. Pecahan sederhana adalah mengubah pembilang dan penyebut menjadi pecahan \nsenilai yang paling kecil.\n5. Bentuk pecahan meliputi pecahan biasa, pecahan campuran, pecahan desimal, \ndan persen.\n6. Pecahan biasa adalah pecahan yang pembilang dan penyebutnya merupakan \nbilangan bulat.\n7. Pecahan campuran adalah pecahan yang terdiri atas bilangan bulat dan pecahan, \ndapat ditulis \na \nb\nc = (a x c) + b\nc \ndengan ketentuan a,b,c adalah bilangan bulat dan c ≠ 0.\n8. Pecahan desimal adalah pecahan yang nilai penyebutnya adalah 10, 100, 1000, dan \nseterusnya yang ditulis dengan menggunakan tanda koma.\nDi unduh dari : Bukupaket.com\nKelas IV SD/MI\n44\n9. Persen ad"", ""ri : Bukupaket.com\nKelas IV SD/MI\n158\nBacalah dengan saksama\nPerhatikan gambar dan bacaan berikut!\nGambar 5.1 Pemilihan Ketua Kelas\nSumber: kemendikbud.go.id\n Hari ini, siswa kelas 4 duduk rapi dan suasana di kelas \nsangat tenang. Pergantian pengurus dilakukan setiap tiga \nbulan sekali untuk memberi kesempatan seluruh siswa \nmenjadi pengurus kelas dan juga melatih rasa percaya diri \nsetiap siswa.\n Setiap siswa diberi selembar kertas untuk mengisi \nnama calon ketua kelas yang akan dipilih. Setelah itu, \nkertas dikumpulkan, kemudian dilakukan perhitungan \nsuara untuk setiap calon ketua kelas. Agar memudahkan \ndalam pendataan, hasil perolehan suara calon ketua \nkelas ditulis di papan tulis dalam bentuk tabel. Dapatkah \nkamu membaca dan menyajikan data tersebut dalam \nbentuk diagram batang? Temukan jawabannya dalam \npembahasan materi ini.\nDi unduh dari : Bukupaket.com\nMatematika • Statistika"", ""n\nCara menyederhanakan \npecahan adalah \nmembagi pembilang \ndan penyebut dengan \nbilangan prima (2, 3, \n5, ...), sehingga tidak \ndapat dibagi lagi oleh \nbilangan prima yang \nlain.\nDi unduh dari : Bukupaket.com\nKelas IV SD/MI\n16\nJadi, pecahan 2\n4 mempunyai bentuk paling sederhana \nyaitu 1\n2 .\nDapatkah kalian menentukan pecahan paling sederhana \ndari \n15\n20?\nContoh 1.4\nTentukan pecahan paling sederhana dari pecahan di \nbawah ini. \n10\n20\n10 : 10\n20 : 10\n1\n2= =\n16\n24\n16 : 8\n24 : 8\n2\n3= =\n 9 \n27\n 9 : 9 \n27 : 9\n1\n3= =\n 4 \n12\n 4 : 4 \n12 : 4\n1\n3= =\n3. Membandingkan Pecahan\nAyo Mengamati\nPengamatan\nPerhatikan gambar dan bacaan berikut!\nSebuah pizza dipotong menjadi 2 bagian sama besar. \nSetengah bagian pizza yang telah dipotong, dipotong lagi \nmenjadi dua bagian sama besar. \nPotongan manakah yang lebih besar?\nTulis ulang bacaan di atas! Gunakan kalimatmu sendiri. \nKerjakan di buku tugasmu.\nTahukah"", "" biasa, pecahan \ncampuran, pecahan desimal dan persen. Kelima langkah \ntersebut adalah mengamati, menanya, menalar, mencoba, \ndan mengkomunikasikan.\nTahukah Kalian\nPecahan a\nb dikatakan \npecahan yang paling \nsederhanan apabila FPB \n(a,b) =1\nDi unduh dari : Bukupaket.com\nKelas IV SD/MI\n20\nAyo Mengamati\nPengamatan 1\nPerhatikan gambar dan bacaan berikut!\nGambar 1.8 Buah Apel\nSumber : dokumentasi penulis\nDayu membeli apel 1\n2 kg, kemudian Udin juga membeli \napel 3\n4 kg. Berapa kg apel yang mereka beli?\nTulis ulang bacaan di atas! Gunakan kalimatmu sendiri. \nKerjakan di buku tugasmu.\nPengamatan 2\nPerhatikan gambar dan bacaan berikut!\nIbu berbelanja di pasar tradisonal. Ibu membeli \nberas 5 kg, telur 1\n1\n2 kg, bawang putih 1\n4 kg, \ndan bawang merah \n3\n4 kg (Gambar 1.9). Berapa \nkilogram keseluruhan belanja ibu? \nGambar 1.9 Dagangan Pasar\nSumber : dokumentasi penulis\nTulis ulang bacaan di atas!"", ""e bawah menjadi 40.\nd. 97% dari 23 ≈ 100% x 20 = 20\n97% dibulatkan dan lebih dekat dengan 100%\n23 dibulatkan ke atas menjadi 20.\nAyo Mencoba\nTaksirlah hasil operasi hitung penjumlahan dan \npengurangan pecahan berikut. \na. 6\n7 + 9 5\n7 d. 3 \n4\n5 - 2 \n3\n4 \nb. 3 \n 8 \n10 + 9 \n3\n4 e. 11 \n 9 \n11 - 5 \n 6 \n11 \nTahukah Kalian\nPecahan yang \npenyebutnya 1000 \ndisebut Permil dan \ndisimbolkan dalam \n\""‰\"" .\nTahukah Kalian\nUntuk mengubah \npecahan biasa ke dalam \nbentuk persen maka \npembilang dan \npenyebut sama-sama \ndikalikan dengan \nbilangan bulat positif \nsupaya bernilai 100.\nDi unduh dari : Bukupaket.com\nKelas IV SD/MI\n40\nc. 5 - 2 5\n7\nTaksirlah hasil operasi hitung perkalian dan pembagian \npecahan berikut. \na. 4 8 \n10 x 9 d. 6 1 \n12 : 2 \nb. 4 \n2\n3 + 4 \n1\n7 e. 10 \n 8 \n10 : 1 \n4\n5\nc. \n 5 \n10 x \n5\n8\nTaksirlah hasil operasi hitung penjumlahan dan \npengurangan pecahan desimal berikut.\na. 3,4 + 5,5 c. 7,23 ""]",pecahan,1.0,True,True,C4-rag+moe conf=1.00
C4,27,4,pecahan,Membandingkan Pecahan,mudah,Berapakah pecahan paling sederhana dari pecahan 15/20?,"[""A. 1/2"", ""B. 3/4"", ""C. 2/3"", ""D. 5/6""]",B,3/4,"[""Langkah pertama, kita cari faktor persekutuan terbesar (FPB) dari 15 dan 20."", ""FPB dari 15 dan 20 adalah 5."", ""Selanjutnya, kita bagikan pembilang dan penyebut dengan FPB tersebut."", ""15 ÷ 5 = 3 dan 20 ÷ 5 = 4."", ""Jadi, pecahan paling sederhana dari 15/20 adalah 3/4.""]",3/4,"[{""chunk_id"": ""000_0018"", ""source"": ""Buku Matematika Kelas 4 SD.pdf""}, {""chunk_id"": ""000_0054"", ""source"": ""Buku Matematika Kelas 4 SD.pdf""}]","[""b adalah \nbilangan bulat dan b ≠ 0.\n2. Bilangan pecahan terdiri dari pecahan senilai, pecahan sederhana, dan \nmembandingkan pecahan.\n3. Pecahan senilai adalah pecahan yang dituliskan dalam bentuk berbeda, \ntetapi mempunyai nilai yang sama.\n4. Pecahan sederhana adalah mengubah pembilang dan penyebut menjadi pecahan \nsenilai yang paling kecil.\n5. Bentuk pecahan meliputi pecahan biasa, pecahan campuran, pecahan desimal, \ndan persen.\n6. Pecahan biasa adalah pecahan yang pembilang dan penyebutnya merupakan \nbilangan bulat.\n7. Pecahan campuran adalah pecahan yang terdiri atas bilangan bulat dan pecahan, \ndapat ditulis \na \nb\nc = (a x c) + b\nc \ndengan ketentuan a,b,c adalah bilangan bulat dan c ≠ 0.\n8. Pecahan desimal adalah pecahan yang nilai penyebutnya adalah 10, 100, 1000, dan \nseterusnya yang ditulis dengan menggunakan tanda koma.\nDi unduh dari : Bukupaket.com\nKelas IV SD/MI\n44\n9. Persen ad"", ""ri : Bukupaket.com\nKelas IV SD/MI\n158\nBacalah dengan saksama\nPerhatikan gambar dan bacaan berikut!\nGambar 5.1 Pemilihan Ketua Kelas\nSumber: kemendikbud.go.id\n Hari ini, siswa kelas 4 duduk rapi dan suasana di kelas \nsangat tenang. Pergantian pengurus dilakukan setiap tiga \nbulan sekali untuk memberi kesempatan seluruh siswa \nmenjadi pengurus kelas dan juga melatih rasa percaya diri \nsetiap siswa.\n Setiap siswa diberi selembar kertas untuk mengisi \nnama calon ketua kelas yang akan dipilih. Setelah itu, \nkertas dikumpulkan, kemudian dilakukan perhitungan \nsuara untuk setiap calon ketua kelas. Agar memudahkan \ndalam pendataan, hasil perolehan suara calon ketua \nkelas ditulis di papan tulis dalam bentuk tabel. Dapatkah \nkamu membaca dan menyajikan data tersebut dalam \nbentuk diagram batang? Temukan jawabannya dalam \npembahasan materi ini.\nDi unduh dari : Bukupaket.com\nMatematika • Statistika"", ""n\nCara menyederhanakan \npecahan adalah \nmembagi pembilang \ndan penyebut dengan \nbilangan prima (2, 3, \n5, ...), sehingga tidak \ndapat dibagi lagi oleh \nbilangan prima yang \nlain.\nDi unduh dari : Bukupaket.com\nKelas IV SD/MI\n16\nJadi, pecahan 2\n4 mempunyai bentuk paling sederhana \nyaitu 1\n2 .\nDapatkah kalian menentukan pecahan paling sederhana \ndari \n15\n20?\nContoh 1.4\nTentukan pecahan paling sederhana dari pecahan di \nbawah ini. \n10\n20\n10 : 10\n20 : 10\n1\n2= =\n16\n24\n16 : 8\n24 : 8\n2\n3= =\n 9 \n27\n 9 : 9 \n27 : 9\n1\n3= =\n 4 \n12\n 4 : 4 \n12 : 4\n1\n3= =\n3. Membandingkan Pecahan\nAyo Mengamati\nPengamatan\nPerhatikan gambar dan bacaan berikut!\nSebuah pizza dipotong menjadi 2 bagian sama besar. \nSetengah bagian pizza yang telah dipotong, dipotong lagi \nmenjadi dua bagian sama besar. \nPotongan manakah yang lebih besar?\nTulis ulang bacaan di atas! Gunakan kalimatmu sendiri. \nKerjakan di buku tugasmu.\nTahukah"", "" biasa, pecahan \ncampuran, pecahan desimal dan persen. Kelima langkah \ntersebut adalah mengamati, menanya, menalar, mencoba, \ndan mengkomunikasikan.\nTahukah Kalian\nPecahan a\nb dikatakan \npecahan yang paling \nsederhanan apabila FPB \n(a,b) =1\nDi unduh dari : Bukupaket.com\nKelas IV SD/MI\n20\nAyo Mengamati\nPengamatan 1\nPerhatikan gambar dan bacaan berikut!\nGambar 1.8 Buah Apel\nSumber : dokumentasi penulis\nDayu membeli apel 1\n2 kg, kemudian Udin juga membeli \napel 3\n4 kg. Berapa kg apel yang mereka beli?\nTulis ulang bacaan di atas! Gunakan kalimatmu sendiri. \nKerjakan di buku tugasmu.\nPengamatan 2\nPerhatikan gambar dan bacaan berikut!\nIbu berbelanja di pasar tradisonal. Ibu membeli \nberas 5 kg, telur 1\n1\n2 kg, bawang putih 1\n4 kg, \ndan bawang merah \n3\n4 kg (Gambar 1.9). Berapa \nkilogram keseluruhan belanja ibu? \nGambar 1.9 Dagangan Pasar\nSumber : dokumentasi penulis\nTulis ulang bacaan di atas!"", ""e bawah menjadi 40.\nd. 97% dari 23 ≈ 100% x 20 = 20\n97% dibulatkan dan lebih dekat dengan 100%\n23 dibulatkan ke atas menjadi 20.\nAyo Mencoba\nTaksirlah hasil operasi hitung penjumlahan dan \npengurangan pecahan berikut. \na. 6\n7 + 9 5\n7 d. 3 \n4\n5 - 2 \n3\n4 \nb. 3 \n 8 \n10 + 9 \n3\n4 e. 11 \n 9 \n11 - 5 \n 6 \n11 \nTahukah Kalian\nPecahan yang \npenyebutnya 1000 \ndisebut Permil dan \ndisimbolkan dalam \n\""‰\"" .\nTahukah Kalian\nUntuk mengubah \npecahan biasa ke dalam \nbentuk persen maka \npembilang dan \npenyebut sama-sama \ndikalikan dengan \nbilangan bulat positif \nsupaya bernilai 100.\nDi unduh dari : Bukupaket.com\nKelas IV SD/MI\n40\nc. 5 - 2 5\n7\nTaksirlah hasil operasi hitung perkalian dan pembagian \npecahan berikut. \na. 4 8 \n10 x 9 d. 6 1 \n12 : 2 \nb. 4 \n2\n3 + 4 \n1\n7 e. 10 \n 8 \n10 : 1 \n4\n5\nc. \n 5 \n10 x \n5\n8\nTaksirlah hasil operasi hitung penjumlahan dan \npengurangan pecahan desimal berikut.\na. 3,4 + 5,5 c. 7,23 ""]",pecahan,1.0,True,True,C4-rag+moe conf=1.00
C4,28,4,perkalian_pembagian,modus,mudah,"Berikut adalah hasil perolehan suara calon ketua kelas dalam sebuah rapat. Berdasarkan data tersebut, siapa calon ketua kelas yang mendapatkan banyak suara terbanyak?

| Calon | Suara |
|------|-------|
| A     | 34    |
| B     | 36    |
| C     | 32    |
| D     | 38    |

A. A
B. B
C. C
D. D","[""A. A"", ""B. B"", ""C. C"", ""D. D""]",D,D,"[""1. Hitung jumlah total suara."", ""2. Bandingkan suara setiap calon."", ""3. Identifikasi calon dengan suara terbanyak.""]",D,"[{""chunk_id"": ""000_0212"", ""source"": ""Buku Matematika Kelas 4 SD.pdf""}, {""chunk_id"": ""000_0143"", ""source"": ""Buku Matematika Kelas 4 SD.pdf""}, {""chunk_id"": ""000_0045"", ""source"": ""Buku Matematika Kelas 4 SD.pdf""}]","[""ri : Bukupaket.com\nKelas IV SD/MI\n158\nBacalah dengan saksama\nPerhatikan gambar dan bacaan berikut!\nGambar 5.1 Pemilihan Ketua Kelas\nSumber: kemendikbud.go.id\n Hari ini, siswa kelas 4 duduk rapi dan suasana di kelas \nsangat tenang. Pergantian pengurus dilakukan setiap tiga \nbulan sekali untuk memberi kesempatan seluruh siswa \nmenjadi pengurus kelas dan juga melatih rasa percaya diri \nsetiap siswa.\n Setiap siswa diberi selembar kertas untuk mengisi \nnama calon ketua kelas yang akan dipilih. Setelah itu, \nkertas dikumpulkan, kemudian dilakukan perhitungan \nsuara untuk setiap calon ketua kelas. Agar memudahkan \ndalam pendataan, hasil perolehan suara calon ketua \nkelas ditulis di papan tulis dalam bentuk tabel. Dapatkah \nkamu membaca dan menyajikan data tersebut dalam \nbentuk diagram batang? Temukan jawabannya dalam \npembahasan materi ini.\nDi unduh dari : Bukupaket.com\nMatematika • Statistika"", ""langkah tersebut \nadalah mengamati, menanya, menalar, mencoba, dan \nmengkomunikasikan.\nAyo Mengamati\nPengamatan 1\nPerhatikan gambar dan bacaan berikut dengan cermat!\nGambar 4.2 Benda-benda yang ada di kelas\nSumber: dokumentasi penulis\nDi unduh dari : Bukupaket.com\nKelas IV SD/MI\n106\nEdo mengelompokkan beberapa benda yang ada di \nkelasnya seperti tulisan “Welcome to Our Class” , jadwal \npiket, dan penggaris setengah lingkaran. Bentuk benda \napakah yang dipilih oleh Edo?\nTulis ulang bacaan di atas! Gunakan kalimat sendiri. \nKerjakan di buku tulismu. \nPengamatan 2\nPerhatikan gambar dan bacaan berikut dengan cermat!\nGambar 4.3 Contoh-contoh bangun datar\nSumber: dokumentasi penulis\nMeli mengelompokkan beberapa benda yang ada di \nkelasnya seperti jadwal pelajaran, peta Indonesia, penggaris \npanjang, penggaris segitiga, motto “In Our Class” , buku, \ndan meja. Bentuk benda apakah yang dipilih ol"", ""erhatikan nilai \nsatuan, puluhan, atau \nratusan dan seterusnya. \nJika angka kurang dari \n5 (4,3,2,1) maka angka \npada pembulatan \ndihilangkan dan jika \nangka lebih dari sama \ndengan 5 (5,6,7,8,9) \nmaka angka pada \npembulatan ditambah \n1 baik puluhan, ratusan, \nmaupun ribuan dan \nseterusnya.\nDi unduh dari : Bukupaket.com\nKelas IV SD/MI\n38\nContoh 1.16\nTentukan hasil operasi hitung berikut dengan taksiran atas.\na. 16,8 x 2,4 ≈ 17 x 2 = 34\n 16,8 dibulatkan ke atas menjadi 17\n 2,4 dibulatkan ke bawah menjadi 2\nb. 24,7 / 4.9 ≈ 25 / 5 = 5\n 24,7 dibulatkan ke atas menjadi 25\n 4,9 dibulatkan ke atas menjadi 5\nc. 153,7 + 8,2 ≈ 154 + 8 = 162\n 153,7 dibulatkan ke atas menjadi 154\n 8,2 dibulatkan ke bawah menjadi 8\nd. 32,4 ­ 5,5 ≈ 32 - 6 = 26\n 32,4 dibulatkan ke bawah menjadi 32\n 5,5 dibulatkan ke atas menjadi 6\nc. Taksiran Persen\nTaksiran persen adalah menaksir hasil operasi hitung \ndengan cara memb"", ""b adalah \nbilangan bulat dan b ≠ 0.\n2. Bilangan pecahan terdiri dari pecahan senilai, pecahan sederhana, dan \nmembandingkan pecahan.\n3. Pecahan senilai adalah pecahan yang dituliskan dalam bentuk berbeda, \ntetapi mempunyai nilai yang sama.\n4. Pecahan sederhana adalah mengubah pembilang dan penyebut menjadi pecahan \nsenilai yang paling kecil.\n5. Bentuk pecahan meliputi pecahan biasa, pecahan campuran, pecahan desimal, \ndan persen.\n6. Pecahan biasa adalah pecahan yang pembilang dan penyebutnya merupakan \nbilangan bulat.\n7. Pecahan campuran adalah pecahan yang terdiri atas bilangan bulat dan pecahan, \ndapat ditulis \na \nb\nc = (a x c) + b\nc \ndengan ketentuan a,b,c adalah bilangan bulat dan c ≠ 0.\n8. Pecahan desimal adalah pecahan yang nilai penyebutnya adalah 10, 100, 1000, dan \nseterusnya yang ditulis dengan menggunakan tanda koma.\nDi unduh dari : Bukupaket.com\nKelas IV SD/MI\n44\n9. Persen ad"", "" \nPada Pengamatan 1\nPerhatikan tabel berikut.\nEdo mempunyai uang Rp10.000,00 untuk membeli buku \ntulis. \nTahukah Kalian\nTaksiran atas \ndilakukan dengan \nmembulatkan ke atas \nbilangan-bilangan \ndalam operasi hitung. \nDi unduh dari : Bukupaket.com\nKelas IV SD/MI\n32\nTabel 1.3 Taksiran harga\nHarga (Rp) Taksiran Atas ke \nRibuan Terdekat (Rp)\nBuku ke-1 4.550 5.000\nBuku ke-2 2.250 3.000\nBuku ke-3 2.750 3.000\nBuku ke-4 1.750 2.000\nTulislah buku apa saja yang dapat dibeli oleh Edo sehingga \nharganya tidak melebihi Rp10.000,00 (bisa lebih dari satu \njawaban). Dapatkah Edo membeli keempat buku tulis \ntersebut? \nContoh Taksiran Atas\nTabel 1.4 Taksiran atas\nBilangan Satuan \nTerdekat\nPuluhan \nTerdekat\nRatusan \nTerdekat\nRibuan \nTerdekat\n5.368,5 5.369 5.370 5.400 6.000\n7.568,8 7.569 7.570 7.600 8.000\n8.777,9 8.778 8.780 8.800 9.000\n8.777,1 8.778 8.780 8.800 9.000\nContoh 1.11\nTentukan hasil operasi hitun""]",perkalian_pembagian,0.4,True,False,C4-rag+moe conf=0.40
C4,29,4,pengolahan_data,rata-rata,sulit,"Dalam sebuah kelas, ada 12 siswa yang mengerjakan tes matematika. Jika rata-rata skor mereka adalah 75, dan jika salah satu siswa mendapatkan skor 95, maka skor rata-rata siswa tersebut menjadi 78. Berapakah skor yang didapat siswa lainnya?","[""A. 25"", ""B. 30"", ""C. 35"", ""D. 36""]",D,36,"[""Hitung total skor semua siswa sebelum siswa yang mendapatkan 95:"", ""Total = Rata-rata x Jumlah siswa = 75 x 12 = 900"", ""Jika siswa yang mendapatkan 95, total skornya menjadi 95 + 900 = 995"", ""Jika rata-rata menjadi 78, total skornya akan menjadi 78 x 12 = 936"", ""Skor yang hilang (kurang) karena siswa mendapatkan 95 adalah 995 - 936 = 59"", ""Jadi, skor siswa lainnya adalah 95 - 59 = 36""]",95 - (75 * 12 - 78 * 12),"[{""chunk_id"": ""000_0212"", ""source"": ""Buku Matematika Kelas 4 SD.pdf""}, {""chunk_id"": ""000_0036"", ""source"": ""Buku Matematika Kelas 4 SD.pdf""}, {""chunk_id"": ""000_0214"", ""source"": ""Buku Matematika Kelas 4 SD.pdf""}]","[""ri : Bukupaket.com\nKelas IV SD/MI\n158\nBacalah dengan saksama\nPerhatikan gambar dan bacaan berikut!\nGambar 5.1 Pemilihan Ketua Kelas\nSumber: kemendikbud.go.id\n Hari ini, siswa kelas 4 duduk rapi dan suasana di kelas \nsangat tenang. Pergantian pengurus dilakukan setiap tiga \nbulan sekali untuk memberi kesempatan seluruh siswa \nmenjadi pengurus kelas dan juga melatih rasa percaya diri \nsetiap siswa.\n Setiap siswa diberi selembar kertas untuk mengisi \nnama calon ketua kelas yang akan dipilih. Setelah itu, \nkertas dikumpulkan, kemudian dilakukan perhitungan \nsuara untuk setiap calon ketua kelas. Agar memudahkan \ndalam pendataan, hasil perolehan suara calon ketua \nkelas ditulis di papan tulis dalam bentuk tabel. Dapatkah \nkamu membaca dan menyajikan data tersebut dalam \nbentuk diagram batang? Temukan jawabannya dalam \npembahasan materi ini.\nDi unduh dari : Bukupaket.com\nMatematika • Statistika"", "" \nPada Pengamatan 1\nPerhatikan tabel berikut.\nEdo mempunyai uang Rp10.000,00 untuk membeli buku \ntulis. \nTahukah Kalian\nTaksiran atas \ndilakukan dengan \nmembulatkan ke atas \nbilangan-bilangan \ndalam operasi hitung. \nDi unduh dari : Bukupaket.com\nKelas IV SD/MI\n32\nTabel 1.3 Taksiran harga\nHarga (Rp) Taksiran Atas ke \nRibuan Terdekat (Rp)\nBuku ke-1 4.550 5.000\nBuku ke-2 2.250 3.000\nBuku ke-3 2.750 3.000\nBuku ke-4 1.750 2.000\nTulislah buku apa saja yang dapat dibeli oleh Edo sehingga \nharganya tidak melebihi Rp10.000,00 (bisa lebih dari satu \njawaban). Dapatkah Edo membeli keempat buku tulis \ntersebut? \nContoh Taksiran Atas\nTabel 1.4 Taksiran atas\nBilangan Satuan \nTerdekat\nPuluhan \nTerdekat\nRatusan \nTerdekat\nRibuan \nTerdekat\n5.368,5 5.369 5.370 5.400 6.000\n7.568,8 7.569 7.570 7.600 8.000\n8.777,9 8.778 8.780 8.800 9.000\n8.777,1 8.778 8.780 8.800 9.000\nContoh 1.11\nTentukan hasil operasi hitun"", ""ministratif dan pemerintahan.\nPengumpulan data terus berlanjut, khususnya melalui \nsensus yang dilakukan secara teratur untuk memberi \ninformasi kependudukan yang berubah setiap saat.\nPada tahun 1662 John Graunt merupakan orang \npertama yang menyortir data ke dalam tabel. Dia juga \nmembicarakan tentang reliabilitas data.\nSumber: http://www.marthamatika.com Diakses 25/11/2017 pukul 21.35\nJOHN GRAUNT\nA. Membaca dan Menafsirkan Data\nAda 5 tahapan yang harus kalian lakukan untuk \nmembaca dan menafsirkan data. Kelima langkah tersebut \nadalah mengamati, menanya, menalar, mencoba, dan \nmengkomunikasikan.\nDi unduh dari : Bukupaket.com\nKelas IV SD/MI\n160\nAyo Mengamati\nPengamatan\nPerhatikan gambar dan bacaan berikut dengan cermat!\nGambar 5.2 Suasana Ujian di Kelas\nSumber: dokumentasi penulis\nDi suatu kelas, terdapat 33 siswa yang mengikuti ujian \nmatematika. Dari data yang diperoleh, nilai dari 33"", ""ikan diagram batang hasil ulangan tengah semester matematika \nkelas 4B dan 4D.\n \n Berapa banyak siswa di kelas 4B?\n Berapa banyak siswa di kelas 4D?\n Berapa banyaknya siswa yang memperoleh nilai 10 di kelas 4D?\n Berapa siswa yang memperoleh nilai tertinggi di kelas 4D?\n6. Diagram di bawah menunjukkan tinggi badan 5 anak dalam satuan cm.\n Ceritakan diagram di atas dengan bahasamu sendiri.\n7. Berikut daftar persediaan buah di toko buah.\n Ceritakan diagram di atas dengan bahasamu sendiri.\nDi unduh dari : Bukupaket.com\nMatematika • Statistika\n173\n8. Di sebuah desa, pada bulan Januari hasil panen padi mencapai 250 ton, panen jagung \nmencapai 255 ton, dan panen singkong 100 ton. Pada bulan Februari hasil panen padi \nmencapai 350 ton, hasil panen jagung 190 ton, dan hasil panen singkong mencapai \n185 ton. Sementara itu pada bulan Maret panen padi menurun 150 ton, hasil panen \njagung 250 ton, da"", ""i Jumat, Sabtu dan Minggu?\nDi unduh dari : Bukupaket.com\nKelas IV SD/MI\n174\n12. Diketahui suatu data : 6, 7, 9, 8, 8, 7, 10, 7, 11, 12, 8. Sajikan data tersebut dalam \nbentuk tabel dan diagram batang!\n13. Data banyaknya kelahiran bayi di salah satu kecamatan disajikan dalam diagram \nbatang berikut!\nBanyak Kelahiran\n Banyak kelahiran bayi selama 5 tahun adalah …\n14. Data nilai ulangan matematika kelas 4 disajikan dalam diagram batang berikut!\nJika kriteria ketuntasan minimal nilai matematika 70, berapakah banyak siswa yang \ntidak ikut remidi?\n15. Diagram batang berikut menyajikan data banyak siswa di SD Balikpapan. Sajikan \ndiagram batang di bawah ini dalam bentuk tabel! Berapakah selisih data banyak \nsiswa kelas 4 dan kelas 5?\nDi unduh dari : Bukupaket.com\nMatematika • Statistika\n175\n16. Tabel berikut menunjukkan hasil panen sayur-sayuran di suatu daerah. Sajikan tabel \ntersebut dalam di""]",pengolahan_data,0.8,True,False,C4-rag+moe conf=0.80
C4,30,4,geometri,volume kubus,sedang,Sebuah kubus memiliki panjang rusuk 5 cm. Berapakah volume kubus tersebut?,"[""A. 100 cm³"", ""B. 125 cm³"", ""C. 150 cm³"", ""D. 200 cm³""]",B,125,"[""Hitung dulu keliling sisi kubus menggunakan rumus:"", ""Keliling = 4 x Panjang Rusuk"", ""Keliling = 4 x 5 cm = 20 cm"", ""Karena kubus memiliki 6 sisi yang sama, kita bisa menghitung luas permukaan kubus menggunakan rumus:"", ""Luas Permukaan = 6 x (Panjang Rusuk x Panjang Rusuk)"", ""Luas Permukaan = 6 x (5 cm x 5 cm) = 6 x 25 cm² = 150 cm²"", ""Untuk mencari volume kubus, gunakan rumus:"", ""Volume = Panjang Rusuk x Panjang Rusuk x Panjang Rusuk"", ""Volume = 5 cm x 5 cm x 5 cm = 125 cm³""]",125 cm³,"[{""chunk_id"": ""000_0140"", ""source"": ""Buku Matematika Kelas 4 SD.pdf""}, {""chunk_id"": ""000_0212"", ""source"": ""Buku Matematika Kelas 4 SD.pdf""}, {""chunk_id"": ""000_0235"", ""source"": ""Buku Matematika Kelas 4 SD.pdf""}]","[""ri : Bukupaket.com\nKelas IV SD/MI\n158\nBacalah dengan saksama\nPerhatikan gambar dan bacaan berikut!\nGambar 5.1 Pemilihan Ketua Kelas\nSumber: kemendikbud.go.id\n Hari ini, siswa kelas 4 duduk rapi dan suasana di kelas \nsangat tenang. Pergantian pengurus dilakukan setiap tiga \nbulan sekali untuk memberi kesempatan seluruh siswa \nmenjadi pengurus kelas dan juga melatih rasa percaya diri \nsetiap siswa.\n Setiap siswa diberi selembar kertas untuk mengisi \nnama calon ketua kelas yang akan dipilih. Setelah itu, \nkertas dikumpulkan, kemudian dilakukan perhitungan \nsuara untuk setiap calon ketua kelas. Agar memudahkan \ndalam pendataan, hasil perolehan suara calon ketua \nkelas ditulis di papan tulis dalam bentuk tabel. Dapatkah \nkamu membaca dan menyajikan data tersebut dalam \nbentuk diagram batang? Temukan jawabannya dalam \npembahasan materi ini.\nDi unduh dari : Bukupaket.com\nMatematika • Statistika"", ""20 ­ 40 tahun di suatu daerah selama 5 tahun disajikan dalam \ndiagram berikut ini.\na. Berapakah selisih penduduk laki-laki & perempuan pada tahun 2017\nb. Pada tahun berapakah jumlah penduduk terbanyak?\n20. Data tinggi badan siswa kelas IV disajikan dalam diagram berikut. Jika banyak siswa \nkelas IV seluruhnya adalah 60, maka berapa banyak siswa kelas IV yang mempunyai \ntinggi badan 132 cm?\nTugas Berkelompok\nPetunjuk\n1. Tulislah jawaban latihan soal di buku tulis dengan bahasamu sendiri.\n2. Tukarkan jawaban dengan teman sebangkumu.\n3. Bandingkan dan diskusikan hasil pekerjaanmu.\nDi unduh dari : Bukupaket.com\nMatematika • Pengukuran Sudut\n177\nPengukuran \nSudut \n 6\nDi kelas 3 kalian telah mempelajari \ntentang jenis-jenis sudut dan \npengukuran sudut dengan satuan \ntidak baku. Sekarang kalian akan \nmempelajari lebih jauh lagi tentang \npengukuran sudut dengan busur \nderajat. Pada bangun datar,"", ""an saksama\nPerhatikan gambar dan bacaan berikut!\nGambar 4.1 Kelasku\nSumber: dokumen penulis\nEdo dan Meli sedang mengamati benda-benda yang ada \ndi kelasnya. Mereka akan mengelompokkan benda-benda \nyang ada di kelasnya menjadi beberapa bagian. Bagian \npertama adalah benda-benda yang merupakan bangun \nsegibanyak dan bagian yang kedua adalah benda-benda \nyang bukan merupakan bangun segibanyak.\nBantulah Edo dan Meli untuk mengelompokkan bendabenda yang ada di kelas mereka menjadi dua bagian yaitu \nbangun segibanyak dan bukan bangun segibanyak.\nApa yang akan kalian pelajari?\nSetelah mempelajari Bab ini, kalian mampu:\n1. membedakan sifat-sifat segibanyak beraturan dan tidak beraturan;\n2. menjelaskan dan menentukan keliling dan luas daerah persegi, persegi panjang, \ndan segitiga serta hubungan pangkat dua dengan akar;\n3. menjelaskan hubungan antar garis (sejajar, berpotongan, berimpit) mengguna"", ""ikan diagram batang hasil ulangan tengah semester matematika \nkelas 4B dan 4D.\n \n Berapa banyak siswa di kelas 4B?\n Berapa banyak siswa di kelas 4D?\n Berapa banyaknya siswa yang memperoleh nilai 10 di kelas 4D?\n Berapa siswa yang memperoleh nilai tertinggi di kelas 4D?\n6. Diagram di bawah menunjukkan tinggi badan 5 anak dalam satuan cm.\n Ceritakan diagram di atas dengan bahasamu sendiri.\n7. Berikut daftar persediaan buah di toko buah.\n Ceritakan diagram di atas dengan bahasamu sendiri.\nDi unduh dari : Bukupaket.com\nMatematika • Statistika\n173\n8. Di sebuah desa, pada bulan Januari hasil panen padi mencapai 250 ton, panen jagung \nmencapai 255 ton, dan panen singkong 100 ton. Pada bulan Februari hasil panen padi \nmencapai 350 ton, hasil panen jagung 190 ton, dan hasil panen singkong mencapai \n185 ton. Sementara itu pada bulan Maret panen padi menurun 150 ton, hasil panen \njagung 250 ton, da"", ""bulatan ke ratusan terdekat\na. Pembulatan ke bawah, jika angka puluhannya kurang dari 5, maka puluhan \ntersebut dihilangkan.\nb. Pembulatan ke atas, jika angka puluhannya lebih dari atau sama dengan 50 \nmaka puluhan tersebut dihilangkan dan menambahkan 100 ke ratusannya. \nAyo Mengomunikasikan\nPetunjuk\nTulis ulang rangkuman di atas dengan bahasamu sendiri. Kerjakan di buku tulismu.\nBandingkan dan diskusikan bersama 3 teman yang tempat duduknya berdekatan \ndenganmu. Tulis kembali di buku tulismu!\nDi unduh dari : Bukupaket.com\nKelas IV SD/MI\n98\nTugas Proyek\nBelajar melakukan pembulatan hasil pengukuran yang telah dilaksanakan\nTujuan: melakukan pembulatan hasil pengukuran panjang dan berat.\nPetunjuk: \n1. Buatlah kelompok yang terdiri atas 4 anak.\n2. Sediakan timbangan berat badan, meteran pengukur tinggi badan, dan alat-alat tulis.\n3. Buatlah tabel hasil pengukuran berat dan tinggi badan bese""]",geometri,0.8,True,False,C4-rag+moe conf=0.80
C4,31,4,pecahan,Pecahan Sederhana dan Penyederhanaan Pecahan,mudah,Pecahan 15/20 dapat disederhanakan menjadi pecahan sederhana yang mana?,"[""A. 1/2"", ""B. 3/4"", ""C. 5/6"", ""D. 7/8""]",B,3/4,"[""Pertama, kita cari faktor persekutuan terbesar (FPB) dari 15 dan 20."", ""Faktor dari 15 adalah 1, 3, 5, 15."", ""Faktor dari 20 adalah 1, 2, 4, 5, 10, 20."", ""FPB dari 15 dan 20 adalah 5."", ""Selanjutnya, kita bagikan pembilang dan penyebut dengan FPB tersebut."", ""15 ÷ 5 = 3"", ""20 ÷ 5 = 4"", ""Jadi, pecahan 15/20 dapat disederhanakan menjadi 3/4.""]",3/4,"[{""chunk_id"": ""000_0018"", ""source"": ""Buku Matematika Kelas 4 SD.pdf""}, {""chunk_id"": ""000_0212"", ""source"": ""Buku Matematika Kelas 4 SD.pdf""}]","[""b adalah \nbilangan bulat dan b ≠ 0.\n2. Bilangan pecahan terdiri dari pecahan senilai, pecahan sederhana, dan \nmembandingkan pecahan.\n3. Pecahan senilai adalah pecahan yang dituliskan dalam bentuk berbeda, \ntetapi mempunyai nilai yang sama.\n4. Pecahan sederhana adalah mengubah pembilang dan penyebut menjadi pecahan \nsenilai yang paling kecil.\n5. Bentuk pecahan meliputi pecahan biasa, pecahan campuran, pecahan desimal, \ndan persen.\n6. Pecahan biasa adalah pecahan yang pembilang dan penyebutnya merupakan \nbilangan bulat.\n7. Pecahan campuran adalah pecahan yang terdiri atas bilangan bulat dan pecahan, \ndapat ditulis \na \nb\nc = (a x c) + b\nc \ndengan ketentuan a,b,c adalah bilangan bulat dan c ≠ 0.\n8. Pecahan desimal adalah pecahan yang nilai penyebutnya adalah 10, 100, 1000, dan \nseterusnya yang ditulis dengan menggunakan tanda koma.\nDi unduh dari : Bukupaket.com\nKelas IV SD/MI\n44\n9. Persen ad"", ""ri : Bukupaket.com\nKelas IV SD/MI\n158\nBacalah dengan saksama\nPerhatikan gambar dan bacaan berikut!\nGambar 5.1 Pemilihan Ketua Kelas\nSumber: kemendikbud.go.id\n Hari ini, siswa kelas 4 duduk rapi dan suasana di kelas \nsangat tenang. Pergantian pengurus dilakukan setiap tiga \nbulan sekali untuk memberi kesempatan seluruh siswa \nmenjadi pengurus kelas dan juga melatih rasa percaya diri \nsetiap siswa.\n Setiap siswa diberi selembar kertas untuk mengisi \nnama calon ketua kelas yang akan dipilih. Setelah itu, \nkertas dikumpulkan, kemudian dilakukan perhitungan \nsuara untuk setiap calon ketua kelas. Agar memudahkan \ndalam pendataan, hasil perolehan suara calon ketua \nkelas ditulis di papan tulis dalam bentuk tabel. Dapatkah \nkamu membaca dan menyajikan data tersebut dalam \nbentuk diagram batang? Temukan jawabannya dalam \npembahasan materi ini.\nDi unduh dari : Bukupaket.com\nMatematika • Statistika"", ""n\nCara menyederhanakan \npecahan adalah \nmembagi pembilang \ndan penyebut dengan \nbilangan prima (2, 3, \n5, ...), sehingga tidak \ndapat dibagi lagi oleh \nbilangan prima yang \nlain.\nDi unduh dari : Bukupaket.com\nKelas IV SD/MI\n16\nJadi, pecahan 2\n4 mempunyai bentuk paling sederhana \nyaitu 1\n2 .\nDapatkah kalian menentukan pecahan paling sederhana \ndari \n15\n20?\nContoh 1.4\nTentukan pecahan paling sederhana dari pecahan di \nbawah ini. \n10\n20\n10 : 10\n20 : 10\n1\n2= =\n16\n24\n16 : 8\n24 : 8\n2\n3= =\n 9 \n27\n 9 : 9 \n27 : 9\n1\n3= =\n 4 \n12\n 4 : 4 \n12 : 4\n1\n3= =\n3. Membandingkan Pecahan\nAyo Mengamati\nPengamatan\nPerhatikan gambar dan bacaan berikut!\nSebuah pizza dipotong menjadi 2 bagian sama besar. \nSetengah bagian pizza yang telah dipotong, dipotong lagi \nmenjadi dua bagian sama besar. \nPotongan manakah yang lebih besar?\nTulis ulang bacaan di atas! Gunakan kalimatmu sendiri. \nKerjakan di buku tugasmu.\nTahukah"", "" biasa, pecahan \ncampuran, pecahan desimal dan persen. Kelima langkah \ntersebut adalah mengamati, menanya, menalar, mencoba, \ndan mengkomunikasikan.\nTahukah Kalian\nPecahan a\nb dikatakan \npecahan yang paling \nsederhanan apabila FPB \n(a,b) =1\nDi unduh dari : Bukupaket.com\nKelas IV SD/MI\n20\nAyo Mengamati\nPengamatan 1\nPerhatikan gambar dan bacaan berikut!\nGambar 1.8 Buah Apel\nSumber : dokumentasi penulis\nDayu membeli apel 1\n2 kg, kemudian Udin juga membeli \napel 3\n4 kg. Berapa kg apel yang mereka beli?\nTulis ulang bacaan di atas! Gunakan kalimatmu sendiri. \nKerjakan di buku tugasmu.\nPengamatan 2\nPerhatikan gambar dan bacaan berikut!\nIbu berbelanja di pasar tradisonal. Ibu membeli \nberas 5 kg, telur 1\n1\n2 kg, bawang putih 1\n4 kg, \ndan bawang merah \n3\n4 kg (Gambar 1.9). Berapa \nkilogram keseluruhan belanja ibu? \nGambar 1.9 Dagangan Pasar\nSumber : dokumentasi penulis\nTulis ulang bacaan di atas!"", ""e bawah menjadi 40.\nd. 97% dari 23 ≈ 100% x 20 = 20\n97% dibulatkan dan lebih dekat dengan 100%\n23 dibulatkan ke atas menjadi 20.\nAyo Mencoba\nTaksirlah hasil operasi hitung penjumlahan dan \npengurangan pecahan berikut. \na. 6\n7 + 9 5\n7 d. 3 \n4\n5 - 2 \n3\n4 \nb. 3 \n 8 \n10 + 9 \n3\n4 e. 11 \n 9 \n11 - 5 \n 6 \n11 \nTahukah Kalian\nPecahan yang \npenyebutnya 1000 \ndisebut Permil dan \ndisimbolkan dalam \n\""‰\"" .\nTahukah Kalian\nUntuk mengubah \npecahan biasa ke dalam \nbentuk persen maka \npembilang dan \npenyebut sama-sama \ndikalikan dengan \nbilangan bulat positif \nsupaya bernilai 100.\nDi unduh dari : Bukupaket.com\nKelas IV SD/MI\n40\nc. 5 - 2 5\n7\nTaksirlah hasil operasi hitung perkalian dan pembagian \npecahan berikut. \na. 4 8 \n10 x 9 d. 6 1 \n12 : 2 \nb. 4 \n2\n3 + 4 \n1\n7 e. 10 \n 8 \n10 : 1 \n4\n5\nc. \n 5 \n10 x \n5\n8\nTaksirlah hasil operasi hitung penjumlahan dan \npengurangan pecahan desimal berikut.\na. 3,4 + 5,5 c. 7,23 ""]",pecahan,1.0,True,True,C4-rag+moe conf=1.00
C4,32,4,pecahan,Pengurangan pecahan,Sulit,Sebuah pecahan 3/4 dikurangi 1/2. Hasil pengurangan tersebut adalah...?,"[""A. 1/4"", ""B. 3/4"", ""C. 1/2"", ""D. 1/8""]",A,1/4,"[""Langkah 1: Ubah kedua pecahan menjadi pecahan desimal."", ""3/4 = 0.75"", ""1/2 = 0.50"", ""Langkah 2: Kurangkan kedua pecahan desimal."", ""0.75 - 0.50 = 0.25"", ""Langkah 3: Ubah hasil pengurangan kembali ke bentuk pecahan."", ""0.25 = 1/4""]",1/4,"[{""chunk_id"": ""000_0023"", ""source"": ""Buku Matematika Kelas 4 SD.pdf""}, {""chunk_id"": ""000_0054"", ""source"": ""Buku Matematika Kelas 4 SD.pdf""}, {""chunk_id"": ""000_0018"", ""source"": ""Buku Matematika Kelas 4 SD.pdf""}]","[""! Gunakan kalimatmu sendiri. \nKerjakan di buku tugasmu.\nPengamatan 4\nPerhatikan gambar dan bacaan berikut!\nGambar 1.11 Sepatu Diskon\nSumber : dokumentasi penulis\nDi unduh dari : Bukupaket.com\nKelas IV SD/MI\n22\nHari ini ada diskon untuk pembelian sepatu dan \nsandal. Pengunjung berbondong-bondong untuk \nmemilih dan membelinya. Pembelian diberi diskon untuk \npembelian sepatu sebesar 70%, 50% + 30%, 50%, 30%, \n20% + 20%, 20%, dan 10% (Gambar 1.11). \nTulis ulang bacaan di atas! Gunakan kalimatmu sendiri. \nKerjakan di buku tugasmu.\nAyo Menanya\nBerikut ini contoh pertanyaan tentang bentuk pecahan.\n1. Apa saja bentuk pecahan?\n2. Bagaimana mengubah pecahan biasa ke bentuk \npersen?\nBuatlah pertanyaan lainnya!\nAyo Menalar\n1. Pecahan Biasa\nBentuk pecahan yang telah dipelajari sebelum nya \nmerupakan pecahan biasa. Pecahan biasa adalah pecahan \nyang pembilang dan penyebutnya merupakan bilangan \nbulat."", ""b adalah \nbilangan bulat dan b ≠ 0.\n2. Bilangan pecahan terdiri dari pecahan senilai, pecahan sederhana, dan \nmembandingkan pecahan.\n3. Pecahan senilai adalah pecahan yang dituliskan dalam bentuk berbeda, \ntetapi mempunyai nilai yang sama.\n4. Pecahan sederhana adalah mengubah pembilang dan penyebut menjadi pecahan \nsenilai yang paling kecil.\n5. Bentuk pecahan meliputi pecahan biasa, pecahan campuran, pecahan desimal, \ndan persen.\n6. Pecahan biasa adalah pecahan yang pembilang dan penyebutnya merupakan \nbilangan bulat.\n7. Pecahan campuran adalah pecahan yang terdiri atas bilangan bulat dan pecahan, \ndapat ditulis \na \nb\nc = (a x c) + b\nc \ndengan ketentuan a,b,c adalah bilangan bulat dan c ≠ 0.\n8. Pecahan desimal adalah pecahan yang nilai penyebutnya adalah 10, 100, 1000, dan \nseterusnya yang ditulis dengan menggunakan tanda koma.\nDi unduh dari : Bukupaket.com\nKelas IV SD/MI\n44\n9. Persen ad"", ""n\nCara menyederhanakan \npecahan adalah \nmembagi pembilang \ndan penyebut dengan \nbilangan prima (2, 3, \n5, ...), sehingga tidak \ndapat dibagi lagi oleh \nbilangan prima yang \nlain.\nDi unduh dari : Bukupaket.com\nKelas IV SD/MI\n16\nJadi, pecahan 2\n4 mempunyai bentuk paling sederhana \nyaitu 1\n2 .\nDapatkah kalian menentukan pecahan paling sederhana \ndari \n15\n20?\nContoh 1.4\nTentukan pecahan paling sederhana dari pecahan di \nbawah ini. \n10\n20\n10 : 10\n20 : 10\n1\n2= =\n16\n24\n16 : 8\n24 : 8\n2\n3= =\n 9 \n27\n 9 : 9 \n27 : 9\n1\n3= =\n 4 \n12\n 4 : 4 \n12 : 4\n1\n3= =\n3. Membandingkan Pecahan\nAyo Mengamati\nPengamatan\nPerhatikan gambar dan bacaan berikut!\nSebuah pizza dipotong menjadi 2 bagian sama besar. \nSetengah bagian pizza yang telah dipotong, dipotong lagi \nmenjadi dua bagian sama besar. \nPotongan manakah yang lebih besar?\nTulis ulang bacaan di atas! Gunakan kalimatmu sendiri. \nKerjakan di buku tugasmu.\nTahukah"", ""aian\nBentuk pecahan gambar di atas adalah 4\n6 .\nb.\nPenyelesaian\nBentuk pecahan gambar di atas adalah 3\n8 .\nContoh 1.2\nSebutkan pembilang dan penyebut dari pecahan di bawah \nini.\na. 3\n8 maka pembilang adalah 3 dan penyebut adalah 8.\nb. 1\n4 maka pembilang adalah 1 dan penyebut adalah 4.\nc. \n5\n6 maka pembilang adalah 5 dan penyebut adalah 6.\nDi unduh dari : Bukupaket.com\nKelas IV SD/MI\n8\nAyo Mencoba\n1. Meli memiliki 1 batang coklat. Dia ingin mem­\nbagikan kepada 5 orang sahabatnya dengan \nbagian yang sama. Berapa bagian coklat yang diperoleh \nmasing-masing sahabat Meli?\n2. Beni memiliki 8 buah apel. Dia akan membagikan \nkepada 4 orang temannya dengan bagian yang sama \nbanyak. Berapa buah apel yang diperoleh masingmasing temannya?\n3. Nyatakan bagian yang diarsir pada gambar di bawah \nini ke dalam bentuk pecahan.\na. b. c.\n4. Nyatakan pecahan di bawah ini dalam bentuk gambar \ndengan beberapa b"", ""e bawah menjadi 40.\nd. 97% dari 23 ≈ 100% x 20 = 20\n97% dibulatkan dan lebih dekat dengan 100%\n23 dibulatkan ke atas menjadi 20.\nAyo Mencoba\nTaksirlah hasil operasi hitung penjumlahan dan \npengurangan pecahan berikut. \na. 6\n7 + 9 5\n7 d. 3 \n4\n5 - 2 \n3\n4 \nb. 3 \n 8 \n10 + 9 \n3\n4 e. 11 \n 9 \n11 - 5 \n 6 \n11 \nTahukah Kalian\nPecahan yang \npenyebutnya 1000 \ndisebut Permil dan \ndisimbolkan dalam \n\""‰\"" .\nTahukah Kalian\nUntuk mengubah \npecahan biasa ke dalam \nbentuk persen maka \npembilang dan \npenyebut sama-sama \ndikalikan dengan \nbilangan bulat positif \nsupaya bernilai 100.\nDi unduh dari : Bukupaket.com\nKelas IV SD/MI\n40\nc. 5 - 2 5\n7\nTaksirlah hasil operasi hitung perkalian dan pembagian \npecahan berikut. \na. 4 8 \n10 x 9 d. 6 1 \n12 : 2 \nb. 4 \n2\n3 + 4 \n1\n7 e. 10 \n 8 \n10 : 1 \n4\n5\nc. \n 5 \n10 x \n5\n8\nTaksirlah hasil operasi hitung penjumlahan dan \npengurangan pecahan desimal berikut.\na. 3,4 + 5,5 c. 7,23 ""]",pecahan,1.0,True,True,C4-rag+moe conf=1.00
C4,33,4,penjumlahan_pengurangan,pembulatan,sedang,"Untuk membantu menghitung jumlah suara dalam pemilihan ketua kelas, siswa membulatkan nomor suara ke ratusan terdekat. Jika nomor suara adalah 45, berapa hasil pembulatan tersebut?","[""A. 40"", ""B. 50"", ""C. 105"", ""D. 150""]",C,105,"[""Berdasarkan aturan pembulatan ke atas, jika angka puluhan lebih dari atau sama dengan 50, puluhan tersebut dihilangkan dan ditambahkan 100 ke ratusannya."", ""Nomor suara adalah 45. Puluhannya adalah 4 dan ratusannya adalah 5."", ""Sebab 45 lebih dari atau sama dengan 50, maka puluhan 4 dihilangkan dan ditambahkan 100 ke ratusannya."", ""Hasilnya adalah 105.""]",105,"[{""chunk_id"": ""000_0233"", ""source"": ""Buku Matematika Kelas 4 SD.pdf""}, {""chunk_id"": ""000_0131"", ""source"": ""Buku Matematika Kelas 4 SD.pdf""}]","[""ri : Bukupaket.com\nKelas IV SD/MI\n158\nBacalah dengan saksama\nPerhatikan gambar dan bacaan berikut!\nGambar 5.1 Pemilihan Ketua Kelas\nSumber: kemendikbud.go.id\n Hari ini, siswa kelas 4 duduk rapi dan suasana di kelas \nsangat tenang. Pergantian pengurus dilakukan setiap tiga \nbulan sekali untuk memberi kesempatan seluruh siswa \nmenjadi pengurus kelas dan juga melatih rasa percaya diri \nsetiap siswa.\n Setiap siswa diberi selembar kertas untuk mengisi \nnama calon ketua kelas yang akan dipilih. Setelah itu, \nkertas dikumpulkan, kemudian dilakukan perhitungan \nsuara untuk setiap calon ketua kelas. Agar memudahkan \ndalam pendataan, hasil perolehan suara calon ketua \nkelas ditulis di papan tulis dalam bentuk tabel. Dapatkah \nkamu membaca dan menyajikan data tersebut dalam \nbentuk diagram batang? Temukan jawabannya dalam \npembahasan materi ini.\nDi unduh dari : Bukupaket.com\nMatematika • Statistika"", ""bulatan ke ratusan terdekat\na. Pembulatan ke bawah, jika angka puluhannya kurang dari 5, maka puluhan \ntersebut dihilangkan.\nb. Pembulatan ke atas, jika angka puluhannya lebih dari atau sama dengan 50 \nmaka puluhan tersebut dihilangkan dan menambahkan 100 ke ratusannya. \nAyo Mengomunikasikan\nPetunjuk\nTulis ulang rangkuman di atas dengan bahasamu sendiri. Kerjakan di buku tulismu.\nBandingkan dan diskusikan bersama 3 teman yang tempat duduknya berdekatan \ndenganmu. Tulis kembali di buku tulismu!\nDi unduh dari : Bukupaket.com\nKelas IV SD/MI\n98\nTugas Proyek\nBelajar melakukan pembulatan hasil pengukuran yang telah dilaksanakan\nTujuan: melakukan pembulatan hasil pengukuran panjang dan berat.\nPetunjuk: \n1. Buatlah kelompok yang terdiri atas 4 anak.\n2. Sediakan timbangan berat badan, meteran pengukur tinggi badan, dan alat-alat tulis.\n3. Buatlah tabel hasil pengukuran berat dan tinggi badan bese"", ""i Jumat, Sabtu dan Minggu?\nDi unduh dari : Bukupaket.com\nKelas IV SD/MI\n174\n12. Diketahui suatu data : 6, 7, 9, 8, 8, 7, 10, 7, 11, 12, 8. Sajikan data tersebut dalam \nbentuk tabel dan diagram batang!\n13. Data banyaknya kelahiran bayi di salah satu kecamatan disajikan dalam diagram \nbatang berikut!\nBanyak Kelahiran\n Banyak kelahiran bayi selama 5 tahun adalah …\n14. Data nilai ulangan matematika kelas 4 disajikan dalam diagram batang berikut!\nJika kriteria ketuntasan minimal nilai matematika 70, berapakah banyak siswa yang \ntidak ikut remidi?\n15. Diagram batang berikut menyajikan data banyak siswa di SD Balikpapan. Sajikan \ndiagram batang di bawah ini dalam bentuk tabel! Berapakah selisih data banyak \nsiswa kelas 4 dan kelas 5?\nDi unduh dari : Bukupaket.com\nMatematika • Statistika\n175\n16. Tabel berikut menunjukkan hasil panen sayur-sayuran di suatu daerah. Sajikan tabel \ntersebut dalam di"", ""in mengenai data\ntersebut yang tidak\ntertulis pada tabel.\nDi unduh dari : Bukupaket.com\nMatematika • Statistika\n163\nGuru matematika di kelas Edo membagikan hasil ujian \nmatematika dan mendata nilai hasil ujian matematika \nsiswa kelas 4A. Dari 32 siswa, 2 siswa mendapat nilai 50, \n11 siswa mendapat nilai 65, 10 siswa mendapat nilai 70, \n6 siswa mendapat nilai 80, dan sisanya mendapat nilai 75. \nGuru di kelas Edo ingin melihat perbandingan nilai yang \ndiperoleh siswa dengan lebih mudah.\nTulis ulang bacaan di atas! Gunakan kalimat sendiri.\nKerjakan di buku tulismu.\nPengamatan 2\nPerhatikan gambar dan bacaan berikut ini.\nGambar 5.4 Kendaraan di Jalan\nSumber: dokumentasi penulis\n Guru di kelas Udin mengajak siswa-siswanya belajar \ndi luar kelas. Beliau meminta siswa-siswanya mencatat \nbanyaknya kendaraan yang lewat di Jalan PB Sudirman \nsetiap 10 menit. Udin mencatat becak yang lewat \nsebanyak"", ""matan 2 tersebut? Coba buatlah di \nbuku tulismu.\nContoh 5.1\n1. Meli mencatat jenis hobi teman-teman sekelasnya. \nData tentang hobi teman-teman Meli ditulis dalam \nbentuk tabel berikut.\nNo. Jenis Hobi\nBanyak Siswa\nTurus Frekuensi\n1. Membaca 5\n2. Menggambar IIII 9\n3. Olahraga I 11\n4. Menyanyi IIII 9\n5. Menari I 6\nJumlah 40\nBerapakah banyaknya teman Meli seluruhnya?\nSajikan tabel hobi teman Meli ke dalam bentuk diagram \nbatang.\nPenyelesaian\nDi unduh dari : Bukupaket.com\nKelas IV SD/MI\n168\nAyo Mencoba\n1. Meli adalah ketua kelas 4A. Ia akan membelikan \nsejumlah kebutuhan alat-alat tulis di koperasi \nsekolah untuk teman-teman sekelasnya. Berdasarkan \nkebutuhan tersebut tercatat ada 5 barang yang harus \ndibeli yaitu 9 buku tulis, 10 pensil, 5 penghapus, 3 \nbolpoin, dan 5 penggaris. Buatlah tabel dan diagram \nbatang yang menunjukkan kebutuhan di atas.\n2. Di bawah ini adalah diagram batang tentan""]",penjumlahan_pengurangan,0.8,True,True,C4-rag+moe conf=0.80
C4,34,4,pengolahan_data,rata-rata,sedang,Rata-rata berapa banyaknya siswa yang mendaftar menjadi ketua kelas jika terdapat 3 calon dan total suara yang didapatkan adalah 120 suara?,"[""A. 20"", ""B. 30"", ""C. 40"", ""D. 50""]",C,40,"[""Total suara yang didapatkan adalah 120 suara."", ""Jumlah calon adalah 3."", ""Untuk mencari rata-rata, kita membagi total suara dengan jumlah calon."", ""Rata-rata = 120 suara ÷ 3 calon = 40 suara per calon.""]",120 ÷ 3,"[{""chunk_id"": ""000_0212"", ""source"": ""Buku Matematika Kelas 4 SD.pdf""}, {""chunk_id"": ""000_0231"", ""source"": ""Buku Matematika Kelas 4 SD.pdf""}, {""chunk_id"": ""000_0036"", ""source"": ""Buku Matematika Kelas 4 SD.pdf""}]","[""ri : Bukupaket.com\nKelas IV SD/MI\n158\nBacalah dengan saksama\nPerhatikan gambar dan bacaan berikut!\nGambar 5.1 Pemilihan Ketua Kelas\nSumber: kemendikbud.go.id\n Hari ini, siswa kelas 4 duduk rapi dan suasana di kelas \nsangat tenang. Pergantian pengurus dilakukan setiap tiga \nbulan sekali untuk memberi kesempatan seluruh siswa \nmenjadi pengurus kelas dan juga melatih rasa percaya diri \nsetiap siswa.\n Setiap siswa diberi selembar kertas untuk mengisi \nnama calon ketua kelas yang akan dipilih. Setelah itu, \nkertas dikumpulkan, kemudian dilakukan perhitungan \nsuara untuk setiap calon ketua kelas. Agar memudahkan \ndalam pendataan, hasil perolehan suara calon ketua \nkelas ditulis di papan tulis dalam bentuk tabel. Dapatkah \nkamu membaca dan menyajikan data tersebut dalam \nbentuk diagram batang? Temukan jawabannya dalam \npembahasan materi ini.\nDi unduh dari : Bukupaket.com\nMatematika • Statistika"", ""ikan diagram batang hasil ulangan tengah semester matematika \nkelas 4B dan 4D.\n \n Berapa banyak siswa di kelas 4B?\n Berapa banyak siswa di kelas 4D?\n Berapa banyaknya siswa yang memperoleh nilai 10 di kelas 4D?\n Berapa siswa yang memperoleh nilai tertinggi di kelas 4D?\n6. Diagram di bawah menunjukkan tinggi badan 5 anak dalam satuan cm.\n Ceritakan diagram di atas dengan bahasamu sendiri.\n7. Berikut daftar persediaan buah di toko buah.\n Ceritakan diagram di atas dengan bahasamu sendiri.\nDi unduh dari : Bukupaket.com\nMatematika • Statistika\n173\n8. Di sebuah desa, pada bulan Januari hasil panen padi mencapai 250 ton, panen jagung \nmencapai 255 ton, dan panen singkong 100 ton. Pada bulan Februari hasil panen padi \nmencapai 350 ton, hasil panen jagung 190 ton, dan hasil panen singkong mencapai \n185 ton. Sementara itu pada bulan Maret panen padi menurun 150 ton, hasil panen \njagung 250 ton, da"", "" \nPada Pengamatan 1\nPerhatikan tabel berikut.\nEdo mempunyai uang Rp10.000,00 untuk membeli buku \ntulis. \nTahukah Kalian\nTaksiran atas \ndilakukan dengan \nmembulatkan ke atas \nbilangan-bilangan \ndalam operasi hitung. \nDi unduh dari : Bukupaket.com\nKelas IV SD/MI\n32\nTabel 1.3 Taksiran harga\nHarga (Rp) Taksiran Atas ke \nRibuan Terdekat (Rp)\nBuku ke-1 4.550 5.000\nBuku ke-2 2.250 3.000\nBuku ke-3 2.750 3.000\nBuku ke-4 1.750 2.000\nTulislah buku apa saja yang dapat dibeli oleh Edo sehingga \nharganya tidak melebihi Rp10.000,00 (bisa lebih dari satu \njawaban). Dapatkah Edo membeli keempat buku tulis \ntersebut? \nContoh Taksiran Atas\nTabel 1.4 Taksiran atas\nBilangan Satuan \nTerdekat\nPuluhan \nTerdekat\nRatusan \nTerdekat\nRibuan \nTerdekat\n5.368,5 5.369 5.370 5.400 6.000\n7.568,8 7.569 7.570 7.600 8.000\n8.777,9 8.778 8.780 8.800 9.000\n8.777,1 8.778 8.780 8.800 9.000\nContoh 1.11\nTentukan hasil operasi hitun"", ""ministratif dan pemerintahan.\nPengumpulan data terus berlanjut, khususnya melalui \nsensus yang dilakukan secara teratur untuk memberi \ninformasi kependudukan yang berubah setiap saat.\nPada tahun 1662 John Graunt merupakan orang \npertama yang menyortir data ke dalam tabel. Dia juga \nmembicarakan tentang reliabilitas data.\nSumber: http://www.marthamatika.com Diakses 25/11/2017 pukul 21.35\nJOHN GRAUNT\nA. Membaca dan Menafsirkan Data\nAda 5 tahapan yang harus kalian lakukan untuk \nmembaca dan menafsirkan data. Kelima langkah tersebut \nadalah mengamati, menanya, menalar, mencoba, dan \nmengkomunikasikan.\nDi unduh dari : Bukupaket.com\nKelas IV SD/MI\n160\nAyo Mengamati\nPengamatan\nPerhatikan gambar dan bacaan berikut dengan cermat!\nGambar 5.2 Suasana Ujian di Kelas\nSumber: dokumentasi penulis\nDi suatu kelas, terdapat 33 siswa yang mengikuti ujian \nmatematika. Dari data yang diperoleh, nilai dari 33"", ""matan 2 tersebut? Coba buatlah di \nbuku tulismu.\nContoh 5.1\n1. Meli mencatat jenis hobi teman-teman sekelasnya. \nData tentang hobi teman-teman Meli ditulis dalam \nbentuk tabel berikut.\nNo. Jenis Hobi\nBanyak Siswa\nTurus Frekuensi\n1. Membaca 5\n2. Menggambar IIII 9\n3. Olahraga I 11\n4. Menyanyi IIII 9\n5. Menari I 6\nJumlah 40\nBerapakah banyaknya teman Meli seluruhnya?\nSajikan tabel hobi teman Meli ke dalam bentuk diagram \nbatang.\nPenyelesaian\nDi unduh dari : Bukupaket.com\nKelas IV SD/MI\n168\nAyo Mencoba\n1. Meli adalah ketua kelas 4A. Ia akan membelikan \nsejumlah kebutuhan alat-alat tulis di koperasi \nsekolah untuk teman-teman sekelasnya. Berdasarkan \nkebutuhan tersebut tercatat ada 5 barang yang harus \ndibeli yaitu 9 buku tulis, 10 pensil, 5 penghapus, 3 \nbolpoin, dan 5 penggaris. Buatlah tabel dan diagram \nbatang yang menunjukkan kebutuhan di atas.\n2. Di bawah ini adalah diagram batang tentan""]",pengolahan_data,0.8,True,True,C4-rag+moe conf=0.80
C4,35,4,pengukuran,waktu,mudah,Sebuah jam dinding menunjukkan pukul 12.00. Berapa waktu yang dinyatakan dalam format 24 jam?,"[""A. 12:00"", ""B. 13:00"", ""C. 00:00"", ""D. 11:00""]",A,12:00,"[""1. Jam 12.00 dalam format 12 jam adalah 12:00."", ""2. Untuk mengubahnya ke format 24 jam, kita perlu menambahkan 0."", ""3. Jadi, 12.00 dalam format 24 jam adalah 12:00.""]",12:00,"[{""chunk_id"": ""000_0143"", ""source"": ""Buku Matematika Kelas 4 SD.pdf""}, {""chunk_id"": ""000_0197"", ""source"": ""Buku Matematika Kelas 4 SD.pdf""}, {""chunk_id"": ""000_0212"", ""source"": ""Buku Matematika Kelas 4 SD.pdf""}]","[""ri : Bukupaket.com\nKelas IV SD/MI\n158\nBacalah dengan saksama\nPerhatikan gambar dan bacaan berikut!\nGambar 5.1 Pemilihan Ketua Kelas\nSumber: kemendikbud.go.id\n Hari ini, siswa kelas 4 duduk rapi dan suasana di kelas \nsangat tenang. Pergantian pengurus dilakukan setiap tiga \nbulan sekali untuk memberi kesempatan seluruh siswa \nmenjadi pengurus kelas dan juga melatih rasa percaya diri \nsetiap siswa.\n Setiap siswa diberi selembar kertas untuk mengisi \nnama calon ketua kelas yang akan dipilih. Setelah itu, \nkertas dikumpulkan, kemudian dilakukan perhitungan \nsuara untuk setiap calon ketua kelas. Agar memudahkan \ndalam pendataan, hasil perolehan suara calon ketua \nkelas ditulis di papan tulis dalam bentuk tabel. Dapatkah \nkamu membaca dan menyajikan data tersebut dalam \nbentuk diagram batang? Temukan jawabannya dalam \npembahasan materi ini.\nDi unduh dari : Bukupaket.com\nMatematika • Statistika"", "" jika lintasan kereta api \ntersebut tidak berjarak sama?\nTahukah Kalian\nGaris Horizontal \nadalah garis yang \nmendatar\nGaris Vertikal adalah \ngaris yang tegak\nDi unduh dari : Bukupaket.com\nKelas IV SD/MI\n148\nTulis ulang bacaan di atas! Gunakan kalimat sendiri. \nKerjakan di buku tulismu.\nPengamatan 2\nPerhatikan gambar kincir angin (Gambar 4.14) di bawah. \nTampak dua garis yang membentuk kincir angin dan saling \nmemotong pada porosnya. Apakah hubungan antara \nkedua garis tersebut?\nTulis ulang bacaan di atas! Gunakan kalimat sendiri. \nKerjakan di buku tulismu.\nGambar 4.14 Kincir Angin\nSumber: dokumentasi penulis\nPengamatan 3\nPerhatikan gambar jam dinding (Gambar 4.15) di bawah. \nJam tersebut menunjukkan pukul 12.00. Kedua jarum \njam menunjuk angka yang sama. Jika jarum jam tersebut \nmerupakan dua buah garis, apakah hubungan kedua garis \ntersebut?\nTulis ulang bacaan di atas! Gunakan kalimat s"", ""langkah tersebut \nadalah mengamati, menanya, menalar, mencoba, dan \nmengkomunikasikan.\nAyo Mengamati\nPengamatan 1\nPerhatikan gambar dan bacaan berikut dengan cermat!\nGambar 4.2 Benda-benda yang ada di kelas\nSumber: dokumentasi penulis\nDi unduh dari : Bukupaket.com\nKelas IV SD/MI\n106\nEdo mengelompokkan beberapa benda yang ada di \nkelasnya seperti tulisan “Welcome to Our Class” , jadwal \npiket, dan penggaris setengah lingkaran. Bentuk benda \napakah yang dipilih oleh Edo?\nTulis ulang bacaan di atas! Gunakan kalimat sendiri. \nKerjakan di buku tulismu. \nPengamatan 2\nPerhatikan gambar dan bacaan berikut dengan cermat!\nGambar 4.3 Contoh-contoh bangun datar\nSumber: dokumentasi penulis\nMeli mengelompokkan beberapa benda yang ada di \nkelasnya seperti jadwal pelajaran, peta Indonesia, penggaris \npanjang, penggaris segitiga, motto “In Our Class” , buku, \ndan meja. Bentuk benda apakah yang dipilih ol"", ""gan cermat!\nGambar 4.4 Jadwal Pelajaran\nSumber: dokumentasi penulis\nMasih ingatkah kalian dengan bentuk benda di kelas Edo \ndan Meli berupa jadwal pelajaran yang ditempel di kelas \nmereka? Ya, bentuk jadwal pelajaran adalah segiempat \nberaturan atau persegi. Edo dan Meli akan menempelkan \npita pada tepi kertas jadwal pelajaran tersebut. Ketika \nEdo dan Meli mengukur salah satu sisi bangun, diketahui \npanjang sisinya adalah 30 cm. Bantulah Edo dan Meli untuk \nmengukur panjang pita yang dibutuhkan.\nTahukah Kalian\nKeliling bangun datar \nadalah jumlah seluruh \nsisi-sisi pada bangun \ndatar tersebut.\nDi unduh dari : Bukupaket.com\nMatematika • Bangun Datar\n113\nAyo Menanya\nBerikut adalah contoh pertanyaan tentang keliling bangun \ndatar.\n1. Bagaimana cara menghitung keliling bangun persegi?\n2. Bagaimana cara menghitung panjang sisi persegi yang \ndiketahui kelilingnya?\nBuatlah pertanyaan lainnya.\n"", ""20 ­ 40 tahun di suatu daerah selama 5 tahun disajikan dalam \ndiagram berikut ini.\na. Berapakah selisih penduduk laki-laki & perempuan pada tahun 2017\nb. Pada tahun berapakah jumlah penduduk terbanyak?\n20. Data tinggi badan siswa kelas IV disajikan dalam diagram berikut. Jika banyak siswa \nkelas IV seluruhnya adalah 60, maka berapa banyak siswa kelas IV yang mempunyai \ntinggi badan 132 cm?\nTugas Berkelompok\nPetunjuk\n1. Tulislah jawaban latihan soal di buku tulis dengan bahasamu sendiri.\n2. Tukarkan jawaban dengan teman sebangkumu.\n3. Bandingkan dan diskusikan hasil pekerjaanmu.\nDi unduh dari : Bukupaket.com\nMatematika • Pengukuran Sudut\n177\nPengukuran \nSudut \n 6\nDi kelas 3 kalian telah mempelajari \ntentang jenis-jenis sudut dan \npengukuran sudut dengan satuan \ntidak baku. Sekarang kalian akan \nmempelajari lebih jauh lagi tentang \npengukuran sudut dengan busur \nderajat. Pada bangun datar,""]",pengukuran,1.0,True,False,C4-rag+moe conf=1.00
C4,36,4,kpk_fpb,menentukan FPB,sulit,"Untuk menentukan FPB dari dua bilangan, Edo dan Meli harus memahami proses apa? Pilihlah jawaban yang benar.","[""A. Menentukan KPK"", ""B. Menentukan KPK"", ""C. Mencoba metode pemfaktoran"", ""D. Menentukan KPK""]",C,mencoba metode pemfaktoran,"[""1. Pertama, mereka harus mengetahui definisi FPB (Faktor Persekutuan Terbesar). FPB dari dua bilangan adalah bilangan terbesar yang bisa membagi kedua bilangan tersebut tanpa sisa.""]",mencoba metode pemfaktoran,"[{""chunk_id"": ""000_0084"", ""source"": ""Buku Matematika Kelas 4 SD.pdf""}, {""chunk_id"": ""000_0060"", ""source"": ""Buku Matematika Kelas 4 SD.pdf""}, {""chunk_id"": ""000_0091"", ""source"": ""Buku Matematika Kelas 4 SD.pdf""}]","["" 9, 10 dan 12\nc. 12, 16 dan 18\nd. 15, 20 dan 30\ne. 32, 36 dan 48\nD. Penerapan KPK dan FPB\nAda 5 tahapan yang harus kalian lakukan untuk \npenerapan KPK dan FPB. Kelima tahapan tersebut \nadalah mengamati, menanya, menalar, mencoba, dan \nmengkomunikasikan.\nAyo Mengamati\nPengamatan\nSetelah mempelajari tentang KPK dan FPB pasti kalian \nsudah paham tentang kelipatan dan faktor bilangan, \nfaktorisasi, dan kelipatan dan faktor persekutuan. Dalam \nkehidupan sehari-hari banyak permasalahan yang \nmemanfaatkan konsep KPK dan FPB. Perhatikan contoh \naplikasi KPK dan FPB dalam kehidupan sehari-hari berikut \nini.\nPerhatikan bacaan dan gambar berikut dengan \ncermat!\nEdo dan Meli sedang latihan lari di lapangan sekolah yang \nberbentuk lingkaran untuk persiapan turnamen. Edo \ndapat menyelesaikan 1 putaran dalam waktu 90 detik, \nsedangkan Meli dapat menyelesaikan 1 putaran dalam \nwaktu 120 detik. Mereka mu"", ""ergunakan \nuntuk menyelesaikan masalah dalam \nkehidupan sehari-hari. Konsep KPK \ndapat digunakan untuk menentukan \njadwal liburan, menghitung orbit \nplanet, dan menentukan jumlah \nbarang yang disusun dalam baris dan \nkolom. \nSedangkan konsep FPB sering \ndigunakan untuk menyederhanakan \npecahan, menentukan berapa potong \nkain yang terbesar, pembagian kue \nyang sama banyak ke beberapa \nbagian (kotak/plastik), dan \nsebagainya. Agar dapat memahami \nKPK dan FPB dengan baik, maka kalian \nharus mengingat kembali tentang \nperkalian, pembagian, penjumlahan \ndan pengurangan bilangan.\nKata Kunci\nFaktor dan \nKelipatan Bilangan\nBilangan Prima\nKPK dan FPB\nPenerapan KPK \ndan FPB\nDi unduh dari : Bukupaket.com\nKelas IV SD/MI\n48\nBacalah dengan saksama\nPerhatikan gambar dan bacaan berikut!\nGambar 2.1 Berenang\nSumber: dokumentasi penulis \nBeni dan Edo mengikuti les renang bersama-sama pada \ntanggal 3 Novemb"", ""ma dari 84.\n4. Tentukan faktorisasi prima dari bilangan 84.\n5. Buatlah pohon faktor untuk menentukan faktorisasi prima dari bilangan \n14 dan 44.\n6. Tentukan KPK dari 4 dan 8.\n7. Tentukan KPK dari 72 dan 95 dengan menggunakan faktorisasi.\n8. Tentukan KPK dari 15, 36 dan 85 dengan menggunakan faktorisasi.\n9. Tentukan FPB dari 24 dan 48.\n10. Tentukan FPB dari 14, 28 dan 52 dengan menggunakan faktorisasi.\n11. Edo mempunyai grup vokal di sekolahnya. Grup vokal itu terdiri 15 anak. \nTentukan Banyaknya formasi yang dapat terbentuk untuk menunjang penampilan \nEdo.\n12. Dayu, Meli, Siti dirawat di rumah sakit karena sakit diare. Dayu minum obat \nsetiap 4 jam sekali, Meli minum obat setiap 5 jam sekali, dan Siti minum obat setiap 8 \njam sekali. Berapa jam lagi ketiga pasien tersebut minum obat secara bersama-sama?\n13. Toko Baru dikunjungi pemasok telur setiap 8 hari, pemasok sabun setiap 15 hari, d"", ""eseluruhan \npenonton musik yang akan berada di dalam gedung!\n18. 30% dari x adalah 21 dan \n1\n6 dari y adalah 13. Berapa nilai x + y ?\n19. Umur Dayu 9 tahun 2 bulan dan umur Meli 6 tahun 8 bulan. Berapakah perbandingan \numur Dayu dengan Meli?\n20. Siti mempunyai sebuah bilangan desimal yaitu 0,45.\na. Berapakah pecahan biasa dari bilangan yang dimiliki Siti?\nb. Berapakah pecahan yang senilai?\nTugas Berkelompok\nPetunjuk\n1. Tulislah jawaban latihan soal di buku tulis dengan bahasa sendiri.\n2. Tukarkan jawaban dengan teman sebangkumu.\n3. Bandingkan dan diskusikan hasil pekerjaanmu.\nDi unduh dari : Bukupaket.com\nMatematika • KPK dan FPB\n47\nKPK dan FPB\n 2\nKonsep kelipatan persekutuan \nterkecil (KPK) dan faktor persekutuan \nterbesar (FPB) banyak dipergunakan \nuntuk menyelesaikan masalah dalam \nkehidupan sehari-hari. Konsep KPK \ndapat digunakan untuk menentukan \njadwal liburan, menghitung orbit \np"", "" biasa, pecahan \ncampuran, pecahan desimal dan persen. Kelima langkah \ntersebut adalah mengamati, menanya, menalar, mencoba, \ndan mengkomunikasikan.\nTahukah Kalian\nPecahan a\nb dikatakan \npecahan yang paling \nsederhanan apabila FPB \n(a,b) =1\nDi unduh dari : Bukupaket.com\nKelas IV SD/MI\n20\nAyo Mengamati\nPengamatan 1\nPerhatikan gambar dan bacaan berikut!\nGambar 1.8 Buah Apel\nSumber : dokumentasi penulis\nDayu membeli apel 1\n2 kg, kemudian Udin juga membeli \napel 3\n4 kg. Berapa kg apel yang mereka beli?\nTulis ulang bacaan di atas! Gunakan kalimatmu sendiri. \nKerjakan di buku tugasmu.\nPengamatan 2\nPerhatikan gambar dan bacaan berikut!\nIbu berbelanja di pasar tradisonal. Ibu membeli \nberas 5 kg, telur 1\n1\n2 kg, bawang putih 1\n4 kg, \ndan bawang merah \n3\n4 kg (Gambar 1.9). Berapa \nkilogram keseluruhan belanja ibu? \nGambar 1.9 Dagangan Pasar\nSumber : dokumentasi penulis\nTulis ulang bacaan di atas!""]",kpk_fpb,1.0,True,False,C4-rag+moe conf=1.00
C4,37,4,penjumlahan_pengurangan,penjumlahan dan pengurangan,sedang,"Dalam suatu rapat, terdapat 4 orang yang masing-masing membawa 2 buah buku. Jumlah buku yang dibawa oleh semua orang tersebut adalah...","[""A. 6"", ""B. 8"", ""C. 10"", ""D. 12""]",B,8,"[""Mula-mula, kita perlu menghitung jumlah buku yang dibawa oleh satu orang, yaitu 2 buku."", ""Selanjutnya, kita perlu menghitung total jumlah buku yang dibawa oleh 4 orang. Ini bisa kita lakukan dengan menjumlahkan 2 buah buku 4 kali."", ""Jadi, total buku yang dibawa adalah 2 + 2 + 2 + 2 = 8 buku.""]",2 x 4 = 8,"[{""chunk_id"": ""000_0233"", ""source"": ""Buku Matematika Kelas 4 SD.pdf""}, {""chunk_id"": ""000_0131"", ""source"": ""Buku Matematika Kelas 4 SD.pdf""}]","[""ri : Bukupaket.com\nKelas IV SD/MI\n158\nBacalah dengan saksama\nPerhatikan gambar dan bacaan berikut!\nGambar 5.1 Pemilihan Ketua Kelas\nSumber: kemendikbud.go.id\n Hari ini, siswa kelas 4 duduk rapi dan suasana di kelas \nsangat tenang. Pergantian pengurus dilakukan setiap tiga \nbulan sekali untuk memberi kesempatan seluruh siswa \nmenjadi pengurus kelas dan juga melatih rasa percaya diri \nsetiap siswa.\n Setiap siswa diberi selembar kertas untuk mengisi \nnama calon ketua kelas yang akan dipilih. Setelah itu, \nkertas dikumpulkan, kemudian dilakukan perhitungan \nsuara untuk setiap calon ketua kelas. Agar memudahkan \ndalam pendataan, hasil perolehan suara calon ketua \nkelas ditulis di papan tulis dalam bentuk tabel. Dapatkah \nkamu membaca dan menyajikan data tersebut dalam \nbentuk diagram batang? Temukan jawabannya dalam \npembahasan materi ini.\nDi unduh dari : Bukupaket.com\nMatematika • Statistika"", ""bulatan ke ratusan terdekat\na. Pembulatan ke bawah, jika angka puluhannya kurang dari 5, maka puluhan \ntersebut dihilangkan.\nb. Pembulatan ke atas, jika angka puluhannya lebih dari atau sama dengan 50 \nmaka puluhan tersebut dihilangkan dan menambahkan 100 ke ratusannya. \nAyo Mengomunikasikan\nPetunjuk\nTulis ulang rangkuman di atas dengan bahasamu sendiri. Kerjakan di buku tulismu.\nBandingkan dan diskusikan bersama 3 teman yang tempat duduknya berdekatan \ndenganmu. Tulis kembali di buku tulismu!\nDi unduh dari : Bukupaket.com\nKelas IV SD/MI\n98\nTugas Proyek\nBelajar melakukan pembulatan hasil pengukuran yang telah dilaksanakan\nTujuan: melakukan pembulatan hasil pengukuran panjang dan berat.\nPetunjuk: \n1. Buatlah kelompok yang terdiri atas 4 anak.\n2. Sediakan timbangan berat badan, meteran pengukur tinggi badan, dan alat-alat tulis.\n3. Buatlah tabel hasil pengukuran berat dan tinggi badan bese"", ""i Jumat, Sabtu dan Minggu?\nDi unduh dari : Bukupaket.com\nKelas IV SD/MI\n174\n12. Diketahui suatu data : 6, 7, 9, 8, 8, 7, 10, 7, 11, 12, 8. Sajikan data tersebut dalam \nbentuk tabel dan diagram batang!\n13. Data banyaknya kelahiran bayi di salah satu kecamatan disajikan dalam diagram \nbatang berikut!\nBanyak Kelahiran\n Banyak kelahiran bayi selama 5 tahun adalah …\n14. Data nilai ulangan matematika kelas 4 disajikan dalam diagram batang berikut!\nJika kriteria ketuntasan minimal nilai matematika 70, berapakah banyak siswa yang \ntidak ikut remidi?\n15. Diagram batang berikut menyajikan data banyak siswa di SD Balikpapan. Sajikan \ndiagram batang di bawah ini dalam bentuk tabel! Berapakah selisih data banyak \nsiswa kelas 4 dan kelas 5?\nDi unduh dari : Bukupaket.com\nMatematika • Statistika\n175\n16. Tabel berikut menunjukkan hasil panen sayur-sayuran di suatu daerah. Sajikan tabel \ntersebut dalam di"", ""in mengenai data\ntersebut yang tidak\ntertulis pada tabel.\nDi unduh dari : Bukupaket.com\nMatematika • Statistika\n163\nGuru matematika di kelas Edo membagikan hasil ujian \nmatematika dan mendata nilai hasil ujian matematika \nsiswa kelas 4A. Dari 32 siswa, 2 siswa mendapat nilai 50, \n11 siswa mendapat nilai 65, 10 siswa mendapat nilai 70, \n6 siswa mendapat nilai 80, dan sisanya mendapat nilai 75. \nGuru di kelas Edo ingin melihat perbandingan nilai yang \ndiperoleh siswa dengan lebih mudah.\nTulis ulang bacaan di atas! Gunakan kalimat sendiri.\nKerjakan di buku tulismu.\nPengamatan 2\nPerhatikan gambar dan bacaan berikut ini.\nGambar 5.4 Kendaraan di Jalan\nSumber: dokumentasi penulis\n Guru di kelas Udin mengajak siswa-siswanya belajar \ndi luar kelas. Beliau meminta siswa-siswanya mencatat \nbanyaknya kendaraan yang lewat di Jalan PB Sudirman \nsetiap 10 menit. Udin mencatat becak yang lewat \nsebanyak"", ""matan 2 tersebut? Coba buatlah di \nbuku tulismu.\nContoh 5.1\n1. Meli mencatat jenis hobi teman-teman sekelasnya. \nData tentang hobi teman-teman Meli ditulis dalam \nbentuk tabel berikut.\nNo. Jenis Hobi\nBanyak Siswa\nTurus Frekuensi\n1. Membaca 5\n2. Menggambar IIII 9\n3. Olahraga I 11\n4. Menyanyi IIII 9\n5. Menari I 6\nJumlah 40\nBerapakah banyaknya teman Meli seluruhnya?\nSajikan tabel hobi teman Meli ke dalam bentuk diagram \nbatang.\nPenyelesaian\nDi unduh dari : Bukupaket.com\nKelas IV SD/MI\n168\nAyo Mencoba\n1. Meli adalah ketua kelas 4A. Ia akan membelikan \nsejumlah kebutuhan alat-alat tulis di koperasi \nsekolah untuk teman-teman sekelasnya. Berdasarkan \nkebutuhan tersebut tercatat ada 5 barang yang harus \ndibeli yaitu 9 buku tulis, 10 pensil, 5 penghapus, 3 \nbolpoin, dan 5 penggaris. Buatlah tabel dan diagram \nbatang yang menunjukkan kebutuhan di atas.\n2. Di bawah ini adalah diagram batang tentan""]",penjumlahan_pengurangan,0.8,True,False,C4-rag+moe conf=0.80
C4,38,4,penjumlahan_pengurangan,pembulatan dan perhitungan,sulit,"Seorang siswa menghitung jumlah uang dari beberapa barang belanjaan. Ia mendapat total uang Rp 123.456. Namun, ia lupa mengurangi biaya pengiriman yang seharusnya Rp 450.000. Hasil hitungnya adalah...?","[""A. Rp 168.456"", ""B. Rp 523.456"", ""C. Rp 573.456"", ""D. Rp 168.456""]",C,Rp 573.456,"[""Hitung total uang yang sebenarnya:"", ""Total uang = Rp 123.456 + Rp 450.000 = Rp 573.456"", ""Jadi, hasil hitungnya adalah Rp 573.456""]",123.456 + 450.000,"[{""chunk_id"": ""000_0235"", ""source"": ""Buku Matematika Kelas 4 SD.pdf""}, {""chunk_id"": ""000_0212"", ""source"": ""Buku Matematika Kelas 4 SD.pdf""}, {""chunk_id"": ""000_0131"", ""source"": ""Buku Matematika Kelas 4 SD.pdf""}]","[""ri : Bukupaket.com\nKelas IV SD/MI\n158\nBacalah dengan saksama\nPerhatikan gambar dan bacaan berikut!\nGambar 5.1 Pemilihan Ketua Kelas\nSumber: kemendikbud.go.id\n Hari ini, siswa kelas 4 duduk rapi dan suasana di kelas \nsangat tenang. Pergantian pengurus dilakukan setiap tiga \nbulan sekali untuk memberi kesempatan seluruh siswa \nmenjadi pengurus kelas dan juga melatih rasa percaya diri \nsetiap siswa.\n Setiap siswa diberi selembar kertas untuk mengisi \nnama calon ketua kelas yang akan dipilih. Setelah itu, \nkertas dikumpulkan, kemudian dilakukan perhitungan \nsuara untuk setiap calon ketua kelas. Agar memudahkan \ndalam pendataan, hasil perolehan suara calon ketua \nkelas ditulis di papan tulis dalam bentuk tabel. Dapatkah \nkamu membaca dan menyajikan data tersebut dalam \nbentuk diagram batang? Temukan jawabannya dalam \npembahasan materi ini.\nDi unduh dari : Bukupaket.com\nMatematika • Statistika"", ""bulatan ke ratusan terdekat\na. Pembulatan ke bawah, jika angka puluhannya kurang dari 5, maka puluhan \ntersebut dihilangkan.\nb. Pembulatan ke atas, jika angka puluhannya lebih dari atau sama dengan 50 \nmaka puluhan tersebut dihilangkan dan menambahkan 100 ke ratusannya. \nAyo Mengomunikasikan\nPetunjuk\nTulis ulang rangkuman di atas dengan bahasamu sendiri. Kerjakan di buku tulismu.\nBandingkan dan diskusikan bersama 3 teman yang tempat duduknya berdekatan \ndenganmu. Tulis kembali di buku tulismu!\nDi unduh dari : Bukupaket.com\nKelas IV SD/MI\n98\nTugas Proyek\nBelajar melakukan pembulatan hasil pengukuran yang telah dilaksanakan\nTujuan: melakukan pembulatan hasil pengukuran panjang dan berat.\nPetunjuk: \n1. Buatlah kelompok yang terdiri atas 4 anak.\n2. Sediakan timbangan berat badan, meteran pengukur tinggi badan, dan alat-alat tulis.\n3. Buatlah tabel hasil pengukuran berat dan tinggi badan bese"", ""20 ­ 40 tahun di suatu daerah selama 5 tahun disajikan dalam \ndiagram berikut ini.\na. Berapakah selisih penduduk laki-laki & perempuan pada tahun 2017\nb. Pada tahun berapakah jumlah penduduk terbanyak?\n20. Data tinggi badan siswa kelas IV disajikan dalam diagram berikut. Jika banyak siswa \nkelas IV seluruhnya adalah 60, maka berapa banyak siswa kelas IV yang mempunyai \ntinggi badan 132 cm?\nTugas Berkelompok\nPetunjuk\n1. Tulislah jawaban latihan soal di buku tulis dengan bahasamu sendiri.\n2. Tukarkan jawaban dengan teman sebangkumu.\n3. Bandingkan dan diskusikan hasil pekerjaanmu.\nDi unduh dari : Bukupaket.com\nMatematika • Pengukuran Sudut\n177\nPengukuran \nSudut \n 6\nDi kelas 3 kalian telah mempelajari \ntentang jenis-jenis sudut dan \npengukuran sudut dengan satuan \ntidak baku. Sekarang kalian akan \nmempelajari lebih jauh lagi tentang \npengukuran sudut dengan busur \nderajat. Pada bangun datar,"", ""in mengenai data\ntersebut yang tidak\ntertulis pada tabel.\nDi unduh dari : Bukupaket.com\nMatematika • Statistika\n163\nGuru matematika di kelas Edo membagikan hasil ujian \nmatematika dan mendata nilai hasil ujian matematika \nsiswa kelas 4A. Dari 32 siswa, 2 siswa mendapat nilai 50, \n11 siswa mendapat nilai 65, 10 siswa mendapat nilai 70, \n6 siswa mendapat nilai 80, dan sisanya mendapat nilai 75. \nGuru di kelas Edo ingin melihat perbandingan nilai yang \ndiperoleh siswa dengan lebih mudah.\nTulis ulang bacaan di atas! Gunakan kalimat sendiri.\nKerjakan di buku tulismu.\nPengamatan 2\nPerhatikan gambar dan bacaan berikut ini.\nGambar 5.4 Kendaraan di Jalan\nSumber: dokumentasi penulis\n Guru di kelas Udin mengajak siswa-siswanya belajar \ndi luar kelas. Beliau meminta siswa-siswanya mencatat \nbanyaknya kendaraan yang lewat di Jalan PB Sudirman \nsetiap 10 menit. Udin mencatat becak yang lewat \nsebanyak"", ""i Jumat, Sabtu dan Minggu?\nDi unduh dari : Bukupaket.com\nKelas IV SD/MI\n174\n12. Diketahui suatu data : 6, 7, 9, 8, 8, 7, 10, 7, 11, 12, 8. Sajikan data tersebut dalam \nbentuk tabel dan diagram batang!\n13. Data banyaknya kelahiran bayi di salah satu kecamatan disajikan dalam diagram \nbatang berikut!\nBanyak Kelahiran\n Banyak kelahiran bayi selama 5 tahun adalah …\n14. Data nilai ulangan matematika kelas 4 disajikan dalam diagram batang berikut!\nJika kriteria ketuntasan minimal nilai matematika 70, berapakah banyak siswa yang \ntidak ikut remidi?\n15. Diagram batang berikut menyajikan data banyak siswa di SD Balikpapan. Sajikan \ndiagram batang di bawah ini dalam bentuk tabel! Berapakah selisih data banyak \nsiswa kelas 4 dan kelas 5?\nDi unduh dari : Bukupaket.com\nMatematika • Statistika\n175\n16. Tabel berikut menunjukkan hasil panen sayur-sayuran di suatu daerah. Sajikan tabel \ntersebut dalam di""]",penjumlahan_pengurangan,0.8,True,False,C4-rag+moe conf=0.80
C4,39,4,perkalian_pembagian,menggunakan perkalian dan pembagian dalam situasi nyata,sedang,"Sebuah toko memberikan diskon sepatu sebesar 30%. Jika sepatu asli bernilai Rp. 200.000, berapa harga diskon yang harus dibayar oleh pelanggan?","[""A. Rp. 30.000"", ""B. Rp. 40.000"", ""C. Rp. 50.000"", ""D. Rp. 60.000""]",D,Rp. 60.000,"[""Hitunglah diskon yang harus dibayarkan dengan mengalikan harga asli sepatu dengan diskon yang diberikan."", ""Diskon yang harus dibayarkan = 30% x Rp. 200.000"", ""Ubah 30% menjadi pecahan, yaitu 30/100"", ""Diskon yang harus dibayarkan = 30/100 x Rp. 200.000"", ""Diskon yang harus dibayarkan = 0,3 x Rp. 200.000"", ""Diskon yang harus dibayarkan = Rp. 60.000""]","0,3 x 200.000 = 60.000","[{""chunk_id"": ""000_0023"", ""source"": ""Buku Matematika Kelas 4 SD.pdf""}]","[""ri : Bukupaket.com\nKelas IV SD/MI\n158\nBacalah dengan saksama\nPerhatikan gambar dan bacaan berikut!\nGambar 5.1 Pemilihan Ketua Kelas\nSumber: kemendikbud.go.id\n Hari ini, siswa kelas 4 duduk rapi dan suasana di kelas \nsangat tenang. Pergantian pengurus dilakukan setiap tiga \nbulan sekali untuk memberi kesempatan seluruh siswa \nmenjadi pengurus kelas dan juga melatih rasa percaya diri \nsetiap siswa.\n Setiap siswa diberi selembar kertas untuk mengisi \nnama calon ketua kelas yang akan dipilih. Setelah itu, \nkertas dikumpulkan, kemudian dilakukan perhitungan \nsuara untuk setiap calon ketua kelas. Agar memudahkan \ndalam pendataan, hasil perolehan suara calon ketua \nkelas ditulis di papan tulis dalam bentuk tabel. Dapatkah \nkamu membaca dan menyajikan data tersebut dalam \nbentuk diagram batang? Temukan jawabannya dalam \npembahasan materi ini.\nDi unduh dari : Bukupaket.com\nMatematika • Statistika"", ""b adalah \nbilangan bulat dan b ≠ 0.\n2. Bilangan pecahan terdiri dari pecahan senilai, pecahan sederhana, dan \nmembandingkan pecahan.\n3. Pecahan senilai adalah pecahan yang dituliskan dalam bentuk berbeda, \ntetapi mempunyai nilai yang sama.\n4. Pecahan sederhana adalah mengubah pembilang dan penyebut menjadi pecahan \nsenilai yang paling kecil.\n5. Bentuk pecahan meliputi pecahan biasa, pecahan campuran, pecahan desimal, \ndan persen.\n6. Pecahan biasa adalah pecahan yang pembilang dan penyebutnya merupakan \nbilangan bulat.\n7. Pecahan campuran adalah pecahan yang terdiri atas bilangan bulat dan pecahan, \ndapat ditulis \na \nb\nc = (a x c) + b\nc \ndengan ketentuan a,b,c adalah bilangan bulat dan c ≠ 0.\n8. Pecahan desimal adalah pecahan yang nilai penyebutnya adalah 10, 100, 1000, dan \nseterusnya yang ditulis dengan menggunakan tanda koma.\nDi unduh dari : Bukupaket.com\nKelas IV SD/MI\n44\n9. Persen ad"", ""! Gunakan kalimatmu sendiri. \nKerjakan di buku tugasmu.\nPengamatan 4\nPerhatikan gambar dan bacaan berikut!\nGambar 1.11 Sepatu Diskon\nSumber : dokumentasi penulis\nDi unduh dari : Bukupaket.com\nKelas IV SD/MI\n22\nHari ini ada diskon untuk pembelian sepatu dan \nsandal. Pengunjung berbondong-bondong untuk \nmemilih dan membelinya. Pembelian diberi diskon untuk \npembelian sepatu sebesar 70%, 50% + 30%, 50%, 30%, \n20% + 20%, 20%, dan 10% (Gambar 1.11). \nTulis ulang bacaan di atas! Gunakan kalimatmu sendiri. \nKerjakan di buku tugasmu.\nAyo Menanya\nBerikut ini contoh pertanyaan tentang bentuk pecahan.\n1. Apa saja bentuk pecahan?\n2. Bagaimana mengubah pecahan biasa ke bentuk \npersen?\nBuatlah pertanyaan lainnya!\nAyo Menalar\n1. Pecahan Biasa\nBentuk pecahan yang telah dipelajari sebelum nya \nmerupakan pecahan biasa. Pecahan biasa adalah pecahan \nyang pembilang dan penyebutnya merupakan bilangan \nbulat."", ""20 ­ 40 tahun di suatu daerah selama 5 tahun disajikan dalam \ndiagram berikut ini.\na. Berapakah selisih penduduk laki-laki & perempuan pada tahun 2017\nb. Pada tahun berapakah jumlah penduduk terbanyak?\n20. Data tinggi badan siswa kelas IV disajikan dalam diagram berikut. Jika banyak siswa \nkelas IV seluruhnya adalah 60, maka berapa banyak siswa kelas IV yang mempunyai \ntinggi badan 132 cm?\nTugas Berkelompok\nPetunjuk\n1. Tulislah jawaban latihan soal di buku tulis dengan bahasamu sendiri.\n2. Tukarkan jawaban dengan teman sebangkumu.\n3. Bandingkan dan diskusikan hasil pekerjaanmu.\nDi unduh dari : Bukupaket.com\nMatematika • Pengukuran Sudut\n177\nPengukuran \nSudut \n 6\nDi kelas 3 kalian telah mempelajari \ntentang jenis-jenis sudut dan \npengukuran sudut dengan satuan \ntidak baku. Sekarang kalian akan \nmempelajari lebih jauh lagi tentang \npengukuran sudut dengan busur \nderajat. Pada bangun datar,"", ""in mengenai data\ntersebut yang tidak\ntertulis pada tabel.\nDi unduh dari : Bukupaket.com\nMatematika • Statistika\n163\nGuru matematika di kelas Edo membagikan hasil ujian \nmatematika dan mendata nilai hasil ujian matematika \nsiswa kelas 4A. Dari 32 siswa, 2 siswa mendapat nilai 50, \n11 siswa mendapat nilai 65, 10 siswa mendapat nilai 70, \n6 siswa mendapat nilai 80, dan sisanya mendapat nilai 75. \nGuru di kelas Edo ingin melihat perbandingan nilai yang \ndiperoleh siswa dengan lebih mudah.\nTulis ulang bacaan di atas! Gunakan kalimat sendiri.\nKerjakan di buku tulismu.\nPengamatan 2\nPerhatikan gambar dan bacaan berikut ini.\nGambar 5.4 Kendaraan di Jalan\nSumber: dokumentasi penulis\n Guru di kelas Udin mengajak siswa-siswanya belajar \ndi luar kelas. Beliau meminta siswa-siswanya mencatat \nbanyaknya kendaraan yang lewat di Jalan PB Sudirman \nsetiap 10 menit. Udin mencatat becak yang lewat \nsebanyak""]",perkalian_pembagian,1.0,True,False,C4-rag+moe conf=1.00
C4,40,4,aritmetika_sosial,harga penjualan,sedang,"Edo memiliki uang Rp10.000,00. Berdasarkan taksiran atas, berapa harga maksimum buku tulis yang dapat dibeli Edo jika harga buku tulis pertama Rp4.550,00, kedua Rp2.250,00, ketiga Rp2.750,00, dan keempat Rp1.750,00?","[""A. 11.600,00"", ""B. 12.600,00"", ""C. 13.600,00"", ""D. 14.600,00""]",B,"12.600,00","[""Taksir harga buku tulis pertama: 4.550,00 → 4.600,00"", ""Taksir harga buku tulis kedua: 2.250,00 → 3.000,00"", ""Taksir harga buku tulis ketiga: 2.750,00 → 3.000,00"", ""Taksir harga buku tulis keempat: 1.750,00 → 2.000,00"", ""Hitung total harga maksimum: 4.600,00 + 3.000,00 + 3.000,00 + 2.000,00 = 12.600,00""]",4.600 + 3.000 + 3.000 + 2.000,"[{""chunk_id"": ""000_0036"", ""source"": ""Buku Matematika Kelas 4 SD.pdf""}, {""chunk_id"": ""000_0212"", ""source"": ""Buku Matematika Kelas 4 SD.pdf""}, {""chunk_id"": ""000_0039"", ""source"": ""Buku Matematika Kelas 4 SD.pdf""}]","["" menjadi 10. \n28 dibulatkan ke bawah menjadi 20.\nDi unduh dari : Bukupaket.com\nKelas IV SD/MI\n34\nb. 61 / 27 ≈ 60 / 20 = 3 \n 61 dibulatkan ke bawah menjadi 60. \n 27 dibulatkan ke bawah menjadi 20.\nc. 37 + 88 ≈ 30 + 80 = 110\n 37 dibulatkan ke bawah menjadi 30.\n 88 dibulatkan ke bawah menjadi 80.\nd. 294 - 58 ≈ 200 - 50 = 150\n 294 dibulatkan ke bawah menjadi 200.\n 58 dibulatkan ke bawah menjadi 50.\nc. Taksiran Terbaik \nEdo memperkirakan harga buku tulis per tama Rp4.600,00, \nharga buku tulis kedua Rp2.300,00, harga buku tulis ketiga \nRp2.800,00. Edo melakukan taksiran terbaik dengan \nmembulatkan semua bilangan di bawahnya untuk satuan, \npuluhan, dan ratusan.\nJika Edo membeli buku tulis pertama, buku \ntulis kedua, dan buku tulis ketiga maka total \npembelian buku sebesar Rp9.700,00. \nJika Edo ingin membeli buku tulis kedua, \nbuku tulis ketiga, dan buku tulis keempat, maka \nberapa perkiraan ter"", ""ri : Bukupaket.com\nKelas IV SD/MI\n158\nBacalah dengan saksama\nPerhatikan gambar dan bacaan berikut!\nGambar 5.1 Pemilihan Ketua Kelas\nSumber: kemendikbud.go.id\n Hari ini, siswa kelas 4 duduk rapi dan suasana di kelas \nsangat tenang. Pergantian pengurus dilakukan setiap tiga \nbulan sekali untuk memberi kesempatan seluruh siswa \nmenjadi pengurus kelas dan juga melatih rasa percaya diri \nsetiap siswa.\n Setiap siswa diberi selembar kertas untuk mengisi \nnama calon ketua kelas yang akan dipilih. Setelah itu, \nkertas dikumpulkan, kemudian dilakukan perhitungan \nsuara untuk setiap calon ketua kelas. Agar memudahkan \ndalam pendataan, hasil perolehan suara calon ketua \nkelas ditulis di papan tulis dalam bentuk tabel. Dapatkah \nkamu membaca dan menyajikan data tersebut dalam \nbentuk diagram batang? Temukan jawabannya dalam \npembahasan materi ini.\nDi unduh dari : Bukupaket.com\nMatematika • Statistika"", "" \nPada Pengamatan 1\nPerhatikan tabel berikut.\nEdo mempunyai uang Rp10.000,00 untuk membeli buku \ntulis. \nTahukah Kalian\nTaksiran atas \ndilakukan dengan \nmembulatkan ke atas \nbilangan-bilangan \ndalam operasi hitung. \nDi unduh dari : Bukupaket.com\nKelas IV SD/MI\n32\nTabel 1.3 Taksiran harga\nHarga (Rp) Taksiran Atas ke \nRibuan Terdekat (Rp)\nBuku ke-1 4.550 5.000\nBuku ke-2 2.250 3.000\nBuku ke-3 2.750 3.000\nBuku ke-4 1.750 2.000\nTulislah buku apa saja yang dapat dibeli oleh Edo sehingga \nharganya tidak melebihi Rp10.000,00 (bisa lebih dari satu \njawaban). Dapatkah Edo membeli keempat buku tulis \ntersebut? \nContoh Taksiran Atas\nTabel 1.4 Taksiran atas\nBilangan Satuan \nTerdekat\nPuluhan \nTerdekat\nRatusan \nTerdekat\nRibuan \nTerdekat\n5.368,5 5.369 5.370 5.400 6.000\n7.568,8 7.569 7.570 7.600 8.000\n8.777,9 8.778 8.780 8.800 9.000\n8.777,1 8.778 8.780 8.800 9.000\nContoh 1.11\nTentukan hasil operasi hitun"", ""s.\nTulislah barang apa saja yang dapat dibeli oleh Beni \nbeserta uang kembaliannya.\nTabel 1.5 Taksiran bawah (diskon)\nHarga (Rp) Potongan \nHarga\nTaksiran Bawah \nDiskon ke \nribuan terdekat\n Harga kaos \ndikurangi taksiran \nbawah diskon ke \nribuan terdekat\nSepatu 198.000 39.600 39.000 159.000\nBaju 128.000 57.600 57.000 71.000\nCelana 150.000 75.000 75.000 75.000\nTas 185.000 55.500 55.000 130.000\nContoh Taksiran Bawah\nTabel 1.6 Taksiran bawah\nBilangan Satuan \nTerdekat\nPuluhan \nTerdekat\nRatusan \nTerdekat Ribuan Terdekat\n5.368,5 5.368 … 5.300 …\n7.568,8 7.568 7.560 7.500 7.000\n8.777,9 8.777 8.770 … …\n8.777,1 8.777 ... 8.700\n \nContoh 1.12\nTentukan hasil operasi hitung berikut dengan taksiran \nbawah.\na. 16 x 28 ≈ 10 x 20 = 200 \n16 dibulatkan ke bawah menjadi 10. \n28 dibulatkan ke bawah menjadi 20.\nDi unduh dari : Bukupaket.com\nKelas IV SD/MI\n34\nb. 61 / 27 ≈ 60 / 20 = 3 \n 61 dibulatkan ke bawah men"", ""gan anggota kelompokmu untuk menaksir harga keseluruhan.\nJawablah pertanyaan berikut.\n1. Taksirlah berapa harga sebuah buku tulis, pensil, penggaris dan penghapus \npensil.\n2. Bandingkan hasil penulisan kelompokmu.\n3. Ubahlah setiap harga barang menjadi taksiran persen.\n4. Berapakah jumlah uang yang harus dibayarkan untuk membeli semua barang-barang \ntersebut?\nDi unduh dari : Bukupaket.com\nMatematika • Pecahan\n45\nLatihan Soal\nJawablah pertanyaan berikut dengan tepat!\n1. Bentuk sederhana dari pecahan 16 \n56 adalah … .\n2. Pecahan 27 \n 2 dapat diubah menjadi pecahan campuran, yaitu … .\n3. Bentuk pecahan dari 0,25 adalah … .\n4. Pecahan desimal dari 72% adalah … .\n5. Bentuk desimal dari \n2\n7 adalah … .\n6. 25% dari 240 adalah … .\n7. Dua bilangan pecahan yang senilai dengan \n2\n5 adalah … .\n8. Hasil taksiran dari penjumlahan 5.211 + 1.755 adalah …\n9. Udin membeli tas seharga Rp188.000,00 dengan d""]",aritmetika_sosial,0.8,True,False,C4-rag+moe conf=0.80
C4,41,4,penjumlahan_pengurangan,menyusun dan menerjemahkan data dalam bentuk tabel dan diagram batang,sedang,"Dari tabel berikut, berapakah jumlah total siswa kelas 4 dan kelas 5 di SD Balikpapan?","[""A. 120"", ""B. 150"", ""C. 270"", ""D. 200""]",C,270,"[""Baca tabel untuk mendapatkan data banyak siswa kelas 4 dan kelas 5."", ""Siswa kelas 4 memiliki 120 siswa."", ""Siswa kelas 5 memiliki 150 siswa."", ""Jumlah total siswa = siswa kelas 4 + siswa kelas 5 = 120 + 150 = 270.""]",120 + 150,"[{""chunk_id"": ""000_0233"", ""source"": ""Buku Matematika Kelas 4 SD.pdf""}]","[""ri : Bukupaket.com\nKelas IV SD/MI\n158\nBacalah dengan saksama\nPerhatikan gambar dan bacaan berikut!\nGambar 5.1 Pemilihan Ketua Kelas\nSumber: kemendikbud.go.id\n Hari ini, siswa kelas 4 duduk rapi dan suasana di kelas \nsangat tenang. Pergantian pengurus dilakukan setiap tiga \nbulan sekali untuk memberi kesempatan seluruh siswa \nmenjadi pengurus kelas dan juga melatih rasa percaya diri \nsetiap siswa.\n Setiap siswa diberi selembar kertas untuk mengisi \nnama calon ketua kelas yang akan dipilih. Setelah itu, \nkertas dikumpulkan, kemudian dilakukan perhitungan \nsuara untuk setiap calon ketua kelas. Agar memudahkan \ndalam pendataan, hasil perolehan suara calon ketua \nkelas ditulis di papan tulis dalam bentuk tabel. Dapatkah \nkamu membaca dan menyajikan data tersebut dalam \nbentuk diagram batang? Temukan jawabannya dalam \npembahasan materi ini.\nDi unduh dari : Bukupaket.com\nMatematika • Statistika"", ""bulatan ke ratusan terdekat\na. Pembulatan ke bawah, jika angka puluhannya kurang dari 5, maka puluhan \ntersebut dihilangkan.\nb. Pembulatan ke atas, jika angka puluhannya lebih dari atau sama dengan 50 \nmaka puluhan tersebut dihilangkan dan menambahkan 100 ke ratusannya. \nAyo Mengomunikasikan\nPetunjuk\nTulis ulang rangkuman di atas dengan bahasamu sendiri. Kerjakan di buku tulismu.\nBandingkan dan diskusikan bersama 3 teman yang tempat duduknya berdekatan \ndenganmu. Tulis kembali di buku tulismu!\nDi unduh dari : Bukupaket.com\nKelas IV SD/MI\n98\nTugas Proyek\nBelajar melakukan pembulatan hasil pengukuran yang telah dilaksanakan\nTujuan: melakukan pembulatan hasil pengukuran panjang dan berat.\nPetunjuk: \n1. Buatlah kelompok yang terdiri atas 4 anak.\n2. Sediakan timbangan berat badan, meteran pengukur tinggi badan, dan alat-alat tulis.\n3. Buatlah tabel hasil pengukuran berat dan tinggi badan bese"", ""i Jumat, Sabtu dan Minggu?\nDi unduh dari : Bukupaket.com\nKelas IV SD/MI\n174\n12. Diketahui suatu data : 6, 7, 9, 8, 8, 7, 10, 7, 11, 12, 8. Sajikan data tersebut dalam \nbentuk tabel dan diagram batang!\n13. Data banyaknya kelahiran bayi di salah satu kecamatan disajikan dalam diagram \nbatang berikut!\nBanyak Kelahiran\n Banyak kelahiran bayi selama 5 tahun adalah …\n14. Data nilai ulangan matematika kelas 4 disajikan dalam diagram batang berikut!\nJika kriteria ketuntasan minimal nilai matematika 70, berapakah banyak siswa yang \ntidak ikut remidi?\n15. Diagram batang berikut menyajikan data banyak siswa di SD Balikpapan. Sajikan \ndiagram batang di bawah ini dalam bentuk tabel! Berapakah selisih data banyak \nsiswa kelas 4 dan kelas 5?\nDi unduh dari : Bukupaket.com\nMatematika • Statistika\n175\n16. Tabel berikut menunjukkan hasil panen sayur-sayuran di suatu daerah. Sajikan tabel \ntersebut dalam di"", ""in mengenai data\ntersebut yang tidak\ntertulis pada tabel.\nDi unduh dari : Bukupaket.com\nMatematika • Statistika\n163\nGuru matematika di kelas Edo membagikan hasil ujian \nmatematika dan mendata nilai hasil ujian matematika \nsiswa kelas 4A. Dari 32 siswa, 2 siswa mendapat nilai 50, \n11 siswa mendapat nilai 65, 10 siswa mendapat nilai 70, \n6 siswa mendapat nilai 80, dan sisanya mendapat nilai 75. \nGuru di kelas Edo ingin melihat perbandingan nilai yang \ndiperoleh siswa dengan lebih mudah.\nTulis ulang bacaan di atas! Gunakan kalimat sendiri.\nKerjakan di buku tulismu.\nPengamatan 2\nPerhatikan gambar dan bacaan berikut ini.\nGambar 5.4 Kendaraan di Jalan\nSumber: dokumentasi penulis\n Guru di kelas Udin mengajak siswa-siswanya belajar \ndi luar kelas. Beliau meminta siswa-siswanya mencatat \nbanyaknya kendaraan yang lewat di Jalan PB Sudirman \nsetiap 10 menit. Udin mencatat becak yang lewat \nsebanyak"", ""matan 2 tersebut? Coba buatlah di \nbuku tulismu.\nContoh 5.1\n1. Meli mencatat jenis hobi teman-teman sekelasnya. \nData tentang hobi teman-teman Meli ditulis dalam \nbentuk tabel berikut.\nNo. Jenis Hobi\nBanyak Siswa\nTurus Frekuensi\n1. Membaca 5\n2. Menggambar IIII 9\n3. Olahraga I 11\n4. Menyanyi IIII 9\n5. Menari I 6\nJumlah 40\nBerapakah banyaknya teman Meli seluruhnya?\nSajikan tabel hobi teman Meli ke dalam bentuk diagram \nbatang.\nPenyelesaian\nDi unduh dari : Bukupaket.com\nKelas IV SD/MI\n168\nAyo Mencoba\n1. Meli adalah ketua kelas 4A. Ia akan membelikan \nsejumlah kebutuhan alat-alat tulis di koperasi \nsekolah untuk teman-teman sekelasnya. Berdasarkan \nkebutuhan tersebut tercatat ada 5 barang yang harus \ndibeli yaitu 9 buku tulis, 10 pensil, 5 penghapus, 3 \nbolpoin, dan 5 penggaris. Buatlah tabel dan diagram \nbatang yang menunjukkan kebutuhan di atas.\n2. Di bawah ini adalah diagram batang tentan""]",penjumlahan_pengurangan,0.8,True,True,C4-rag+moe conf=0.80
C4,42,4,pecahan,Pecahan Campuran,sulit,Pecahan campuran 2 1/3 jika dikonversi menjadi pecahan biasa akan menjadi...,"[""A. 7/3"", ""B. 5/3"", ""C. 9/3"", ""D. 8/3""]",A,7/3,"[""Langkah 1: Pecahan campuran 2 1/3 terdiri atas bilangan bulat 2 dan pecahan 1/3."", ""Langkah 2: Untuk mengubah pecahan campuran menjadi pecahan biasa, kita perlu mengalikan bilangan bulat dengan penyebut pecahan, yaitu 3."", ""Langkah 3: 2 x 3 = 6."", ""Langkah 4: Kemudian, jumlahkan hasil perkalian itu dengan pembilang pecahan, yaitu 1."", ""Langkah 5: 6 + 1 = 7."", ""Langkah 6: Jadi, pecahan campuran 2 1/3 menjadi pecahan biasa 7/3.""]",7/3,"[{""chunk_id"": ""000_0054"", ""source"": ""Buku Matematika Kelas 4 SD.pdf""}, {""chunk_id"": ""000_0026"", ""source"": ""Buku Matematika Kelas 4 SD.pdf""}, {""chunk_id"": ""000_0023"", ""source"": ""Buku Matematika Kelas 4 SD.pdf""}]","[""b adalah \nbilangan bulat dan b ≠ 0.\n2. Bilangan pecahan terdiri dari pecahan senilai, pecahan sederhana, dan \nmembandingkan pecahan.\n3. Pecahan senilai adalah pecahan yang dituliskan dalam bentuk berbeda, \ntetapi mempunyai nilai yang sama.\n4. Pecahan sederhana adalah mengubah pembilang dan penyebut menjadi pecahan \nsenilai yang paling kecil.\n5. Bentuk pecahan meliputi pecahan biasa, pecahan campuran, pecahan desimal, \ndan persen.\n6. Pecahan biasa adalah pecahan yang pembilang dan penyebutnya merupakan \nbilangan bulat.\n7. Pecahan campuran adalah pecahan yang terdiri atas bilangan bulat dan pecahan, \ndapat ditulis \na \nb\nc = (a x c) + b\nc \ndengan ketentuan a,b,c adalah bilangan bulat dan c ≠ 0.\n8. Pecahan desimal adalah pecahan yang nilai penyebutnya adalah 10, 100, 1000, dan \nseterusnya yang ditulis dengan menggunakan tanda koma.\nDi unduh dari : Bukupaket.com\nKelas IV SD/MI\n44\n9. Persen ad"", "" \nadalah pecahan \nyang hanya terdiri \natas pembilang dan \npenyebut\nDi unduh dari : Bukupaket.com\nKelas IV SD/MI\n24\nPenyelesaian\nPecahan campuran 1 1\n2 terdiri atas bilangan bulat 1 dan \nbilangan pecahan 1\n2 .\nLangkah-langkah menyederhanakan pecahan campuran \nmenjadi pecahan biasa sebagai berikut.\n1\n1\n2 = 1 + 1\n2\nUbahlah angka 1 menjadi pecahan yang penyebutnya 2\n1\n1\n2 = 2\n2 + \n1\n2\nJumlahkan pembilangnya\n1\n1\n2 = 2 + 1\n2 = 3\n2\nMengubah pecahan campuran menjadi pecahan \nbiasa juga dapat dilakukan dengan cara berikut.\n1\n1\n2 = (1 x 2) + 1\n2 = 3\n2 \nCoba kalian ubah pecahan campuran berikut menjadi \npecahan biasa.\n2\n1\n3 = ...\n3 2\n5 = ...\nJadi, menurut kalian apa yang dimaksud dengan pecahan \ncampuran?\nBagaimana mengubah pecahan biasa menjadi pecahan \ncampuran?\nCoba kalian tuliskan langkah-langkah mengubah pecahan \ncampuran ke pecahan biasa. Tulis di buku tulismu. \nTahukah Kalian\nJika angka \npem"", ""! Gunakan kalimatmu sendiri. \nKerjakan di buku tugasmu.\nPengamatan 4\nPerhatikan gambar dan bacaan berikut!\nGambar 1.11 Sepatu Diskon\nSumber : dokumentasi penulis\nDi unduh dari : Bukupaket.com\nKelas IV SD/MI\n22\nHari ini ada diskon untuk pembelian sepatu dan \nsandal. Pengunjung berbondong-bondong untuk \nmemilih dan membelinya. Pembelian diberi diskon untuk \npembelian sepatu sebesar 70%, 50% + 30%, 50%, 30%, \n20% + 20%, 20%, dan 10% (Gambar 1.11). \nTulis ulang bacaan di atas! Gunakan kalimatmu sendiri. \nKerjakan di buku tugasmu.\nAyo Menanya\nBerikut ini contoh pertanyaan tentang bentuk pecahan.\n1. Apa saja bentuk pecahan?\n2. Bagaimana mengubah pecahan biasa ke bentuk \npersen?\nBuatlah pertanyaan lainnya!\nAyo Menalar\n1. Pecahan Biasa\nBentuk pecahan yang telah dipelajari sebelum nya \nmerupakan pecahan biasa. Pecahan biasa adalah pecahan \nyang pembilang dan penyebutnya merupakan bilangan \nbulat."", ""ri : Bukupaket.com\nKelas IV SD/MI\n158\nBacalah dengan saksama\nPerhatikan gambar dan bacaan berikut!\nGambar 5.1 Pemilihan Ketua Kelas\nSumber: kemendikbud.go.id\n Hari ini, siswa kelas 4 duduk rapi dan suasana di kelas \nsangat tenang. Pergantian pengurus dilakukan setiap tiga \nbulan sekali untuk memberi kesempatan seluruh siswa \nmenjadi pengurus kelas dan juga melatih rasa percaya diri \nsetiap siswa.\n Setiap siswa diberi selembar kertas untuk mengisi \nnama calon ketua kelas yang akan dipilih. Setelah itu, \nkertas dikumpulkan, kemudian dilakukan perhitungan \nsuara untuk setiap calon ketua kelas. Agar memudahkan \ndalam pendataan, hasil perolehan suara calon ketua \nkelas ditulis di papan tulis dalam bentuk tabel. Dapatkah \nkamu membaca dan menyajikan data tersebut dalam \nbentuk diagram batang? Temukan jawabannya dalam \npembahasan materi ini.\nDi unduh dari : Bukupaket.com\nMatematika • Statistika"", ""aian\nBentuk pecahan gambar di atas adalah 4\n6 .\nb.\nPenyelesaian\nBentuk pecahan gambar di atas adalah 3\n8 .\nContoh 1.2\nSebutkan pembilang dan penyebut dari pecahan di bawah \nini.\na. 3\n8 maka pembilang adalah 3 dan penyebut adalah 8.\nb. 1\n4 maka pembilang adalah 1 dan penyebut adalah 4.\nc. \n5\n6 maka pembilang adalah 5 dan penyebut adalah 6.\nDi unduh dari : Bukupaket.com\nKelas IV SD/MI\n8\nAyo Mencoba\n1. Meli memiliki 1 batang coklat. Dia ingin mem­\nbagikan kepada 5 orang sahabatnya dengan \nbagian yang sama. Berapa bagian coklat yang diperoleh \nmasing-masing sahabat Meli?\n2. Beni memiliki 8 buah apel. Dia akan membagikan \nkepada 4 orang temannya dengan bagian yang sama \nbanyak. Berapa buah apel yang diperoleh masingmasing temannya?\n3. Nyatakan bagian yang diarsir pada gambar di bawah \nini ke dalam bentuk pecahan.\na. b. c.\n4. Nyatakan pecahan di bawah ini dalam bentuk gambar \ndengan beberapa b""]",pecahan,1.0,True,True,C4-rag+moe conf=1.00
C4,43,4,penjumlahan_pengurangan,pembulatan ke ratusan terdekat,sulit,"Sebuah rumah sakit memiliki 200 pasien laki-laki dan 150 pasien perempuan pada tahun 2017. Jika pada tahun 2018 jumlah pasien meningkat 30 orang laki-laki dan 20 orang perempuan, berapakah jumlah pasien pada tahun 2018?","[""A. 350"", ""B. 380"", ""C. 400"", ""D. 420""]",C,400,"[""Jumlah pasien laki-laki pada tahun 2017: 200"", ""Jumlah pasien perempuan pada tahun 2017: 150"", ""Jumlah pasien laki-laki pada tahun 2018: 200 + 30 = 230"", ""Jumlah pasien perempuan pada tahun 2018: 150 + 20 = 170"", ""Jumlah pasien pada tahun 2018: 230 + 170 = 400""]",400,"[{""chunk_id"": ""000_0235"", ""source"": ""Buku Matematika Kelas 4 SD.pdf""}, {""chunk_id"": ""000_0131"", ""source"": ""Buku Matematika Kelas 4 SD.pdf""}]","[""ri : Bukupaket.com\nKelas IV SD/MI\n158\nBacalah dengan saksama\nPerhatikan gambar dan bacaan berikut!\nGambar 5.1 Pemilihan Ketua Kelas\nSumber: kemendikbud.go.id\n Hari ini, siswa kelas 4 duduk rapi dan suasana di kelas \nsangat tenang. Pergantian pengurus dilakukan setiap tiga \nbulan sekali untuk memberi kesempatan seluruh siswa \nmenjadi pengurus kelas dan juga melatih rasa percaya diri \nsetiap siswa.\n Setiap siswa diberi selembar kertas untuk mengisi \nnama calon ketua kelas yang akan dipilih. Setelah itu, \nkertas dikumpulkan, kemudian dilakukan perhitungan \nsuara untuk setiap calon ketua kelas. Agar memudahkan \ndalam pendataan, hasil perolehan suara calon ketua \nkelas ditulis di papan tulis dalam bentuk tabel. Dapatkah \nkamu membaca dan menyajikan data tersebut dalam \nbentuk diagram batang? Temukan jawabannya dalam \npembahasan materi ini.\nDi unduh dari : Bukupaket.com\nMatematika • Statistika"", ""bulatan ke ratusan terdekat\na. Pembulatan ke bawah, jika angka puluhannya kurang dari 5, maka puluhan \ntersebut dihilangkan.\nb. Pembulatan ke atas, jika angka puluhannya lebih dari atau sama dengan 50 \nmaka puluhan tersebut dihilangkan dan menambahkan 100 ke ratusannya. \nAyo Mengomunikasikan\nPetunjuk\nTulis ulang rangkuman di atas dengan bahasamu sendiri. Kerjakan di buku tulismu.\nBandingkan dan diskusikan bersama 3 teman yang tempat duduknya berdekatan \ndenganmu. Tulis kembali di buku tulismu!\nDi unduh dari : Bukupaket.com\nKelas IV SD/MI\n98\nTugas Proyek\nBelajar melakukan pembulatan hasil pengukuran yang telah dilaksanakan\nTujuan: melakukan pembulatan hasil pengukuran panjang dan berat.\nPetunjuk: \n1. Buatlah kelompok yang terdiri atas 4 anak.\n2. Sediakan timbangan berat badan, meteran pengukur tinggi badan, dan alat-alat tulis.\n3. Buatlah tabel hasil pengukuran berat dan tinggi badan bese"", ""20 ­ 40 tahun di suatu daerah selama 5 tahun disajikan dalam \ndiagram berikut ini.\na. Berapakah selisih penduduk laki-laki & perempuan pada tahun 2017\nb. Pada tahun berapakah jumlah penduduk terbanyak?\n20. Data tinggi badan siswa kelas IV disajikan dalam diagram berikut. Jika banyak siswa \nkelas IV seluruhnya adalah 60, maka berapa banyak siswa kelas IV yang mempunyai \ntinggi badan 132 cm?\nTugas Berkelompok\nPetunjuk\n1. Tulislah jawaban latihan soal di buku tulis dengan bahasamu sendiri.\n2. Tukarkan jawaban dengan teman sebangkumu.\n3. Bandingkan dan diskusikan hasil pekerjaanmu.\nDi unduh dari : Bukupaket.com\nMatematika • Pengukuran Sudut\n177\nPengukuran \nSudut \n 6\nDi kelas 3 kalian telah mempelajari \ntentang jenis-jenis sudut dan \npengukuran sudut dengan satuan \ntidak baku. Sekarang kalian akan \nmempelajari lebih jauh lagi tentang \npengukuran sudut dengan busur \nderajat. Pada bangun datar,"", ""in mengenai data\ntersebut yang tidak\ntertulis pada tabel.\nDi unduh dari : Bukupaket.com\nMatematika • Statistika\n163\nGuru matematika di kelas Edo membagikan hasil ujian \nmatematika dan mendata nilai hasil ujian matematika \nsiswa kelas 4A. Dari 32 siswa, 2 siswa mendapat nilai 50, \n11 siswa mendapat nilai 65, 10 siswa mendapat nilai 70, \n6 siswa mendapat nilai 80, dan sisanya mendapat nilai 75. \nGuru di kelas Edo ingin melihat perbandingan nilai yang \ndiperoleh siswa dengan lebih mudah.\nTulis ulang bacaan di atas! Gunakan kalimat sendiri.\nKerjakan di buku tulismu.\nPengamatan 2\nPerhatikan gambar dan bacaan berikut ini.\nGambar 5.4 Kendaraan di Jalan\nSumber: dokumentasi penulis\n Guru di kelas Udin mengajak siswa-siswanya belajar \ndi luar kelas. Beliau meminta siswa-siswanya mencatat \nbanyaknya kendaraan yang lewat di Jalan PB Sudirman \nsetiap 10 menit. Udin mencatat becak yang lewat \nsebanyak"", ""i Jumat, Sabtu dan Minggu?\nDi unduh dari : Bukupaket.com\nKelas IV SD/MI\n174\n12. Diketahui suatu data : 6, 7, 9, 8, 8, 7, 10, 7, 11, 12, 8. Sajikan data tersebut dalam \nbentuk tabel dan diagram batang!\n13. Data banyaknya kelahiran bayi di salah satu kecamatan disajikan dalam diagram \nbatang berikut!\nBanyak Kelahiran\n Banyak kelahiran bayi selama 5 tahun adalah …\n14. Data nilai ulangan matematika kelas 4 disajikan dalam diagram batang berikut!\nJika kriteria ketuntasan minimal nilai matematika 70, berapakah banyak siswa yang \ntidak ikut remidi?\n15. Diagram batang berikut menyajikan data banyak siswa di SD Balikpapan. Sajikan \ndiagram batang di bawah ini dalam bentuk tabel! Berapakah selisih data banyak \nsiswa kelas 4 dan kelas 5?\nDi unduh dari : Bukupaket.com\nMatematika • Statistika\n175\n16. Tabel berikut menunjukkan hasil panen sayur-sayuran di suatu daerah. Sajikan tabel \ntersebut dalam di""]",penjumlahan_pengurangan,0.8,True,True,C4-rag+moe conf=0.80
C4,44,4,kpk_fpb,menentukan KPK,mudah,"Edo dan Meli sedang latihan lari di lapangan sekolah yang berbentuk lingkaran. Jika Edo dapat menyelesaikan 1 putaran dalam waktu 10 menit dan Meli dalam waktu 15 menit, berapa kali mereka akan berlari bersama-sama dalam 1 jam?","[""A. 4"", ""B. 6"", ""C. 8"", ""D. 12""]",D,12,"[""1. Hitung jumlah putaran Edo dalam 1 jam: \\( \frac{60}{10} = 6 \\) putaran"", ""2. Hitung jumlah putaran Meli dalam 1 jam: \\( \frac{60}{15} = 4 \\) putaran"", ""3. KPK dari 6 dan 4 adalah 12"", ""4. Jadi, mereka akan berlari bersama-sama 12 kali dalam 1 jam.""]",12,"[{""chunk_id"": ""000_0084"", ""source"": ""Buku Matematika Kelas 4 SD.pdf""}, {""chunk_id"": ""000_0060"", ""source"": ""Buku Matematika Kelas 4 SD.pdf""}, {""chunk_id"": ""000_0079"", ""source"": ""Buku Matematika Kelas 4 SD.pdf""}]","["" 9, 10 dan 12\nc. 12, 16 dan 18\nd. 15, 20 dan 30\ne. 32, 36 dan 48\nD. Penerapan KPK dan FPB\nAda 5 tahapan yang harus kalian lakukan untuk \npenerapan KPK dan FPB. Kelima tahapan tersebut \nadalah mengamati, menanya, menalar, mencoba, dan \nmengkomunikasikan.\nAyo Mengamati\nPengamatan\nSetelah mempelajari tentang KPK dan FPB pasti kalian \nsudah paham tentang kelipatan dan faktor bilangan, \nfaktorisasi, dan kelipatan dan faktor persekutuan. Dalam \nkehidupan sehari-hari banyak permasalahan yang \nmemanfaatkan konsep KPK dan FPB. Perhatikan contoh \naplikasi KPK dan FPB dalam kehidupan sehari-hari berikut \nini.\nPerhatikan bacaan dan gambar berikut dengan \ncermat!\nEdo dan Meli sedang latihan lari di lapangan sekolah yang \nberbentuk lingkaran untuk persiapan turnamen. Edo \ndapat menyelesaikan 1 putaran dalam waktu 90 detik, \nsedangkan Meli dapat menyelesaikan 1 putaran dalam \nwaktu 120 detik. Mereka mu"", ""ergunakan \nuntuk menyelesaikan masalah dalam \nkehidupan sehari-hari. Konsep KPK \ndapat digunakan untuk menentukan \njadwal liburan, menghitung orbit \nplanet, dan menentukan jumlah \nbarang yang disusun dalam baris dan \nkolom. \nSedangkan konsep FPB sering \ndigunakan untuk menyederhanakan \npecahan, menentukan berapa potong \nkain yang terbesar, pembagian kue \nyang sama banyak ke beberapa \nbagian (kotak/plastik), dan \nsebagainya. Agar dapat memahami \nKPK dan FPB dengan baik, maka kalian \nharus mengingat kembali tentang \nperkalian, pembagian, penjumlahan \ndan pengurangan bilangan.\nKata Kunci\nFaktor dan \nKelipatan Bilangan\nBilangan Prima\nKPK dan FPB\nPenerapan KPK \ndan FPB\nDi unduh dari : Bukupaket.com\nKelas IV SD/MI\n48\nBacalah dengan saksama\nPerhatikan gambar dan bacaan berikut!\nGambar 2.1 Berenang\nSumber: dokumentasi penulis \nBeni dan Edo mengikuti les renang bersama-sama pada \ntanggal 3 Novemb"", ""dalah\n5, 10, 15, 20, 25, 30, …\nKelipatan persekutuan dari 3 dan 5 adalah\n15, 30, …\nJadi, KPK dari 3 dan 5 adalah 15.\n2. Berapakah KPK dari 4 dan 6?\nPenyelesaian \nKelipatan 4 adalah\n4, 8, 12, 16, 20, 24, 28, 32, 40, …\nTahukah Kalian\nKelipatan persekutuan \nadalah kelipatan yang \nsama dari dua bilangan \natau lebih.\nContoh: kelipatan \npersekutuan dari 2 dan \n3 adalah 6, 12, 18, … \n(Mengapa?) \nApa beda antara \nkelipatan persekutuan \ndan kelipatan \npersekutuan terkecil \n(KPK)?\nDi unduh dari : Bukupaket.com\nMatematika • KPK dan FPB\n63\nKelipatan 6 adalah \n6, 12, 18, 24, 30, 36, …\nKelipatan persekutuan dari 4 dan 6 adalah\n12, 24, …\nJadi, KPK dari 4 dan 6 adalah 12.\nAyo Mencoba\n1. Tentukan pohon faktor setiap pasangan bilangan \nberikut.\na. 6 dan 9 c. 20 dan 30\nb. 9 dan 12 d. 32 dan 48\ne. 12 dan 18\n2. Tentukan KPK dua bilangan berikut dengan \nmenggunakan faktorisasi prima.\na. 10 dan 12 c. 38 dan 40"", ""5\n2. Tentukan semua bilangan prima yang terletak diantara \ndua bilangan berikut.\na. 8 dan 25\nb. 32 dan 55 \nc. 60 dan 80\nd. 20 dan 120\ne. 90 dan 150\n3. Tentukan faktor prima dari bilangan-bilangan \nberikut ini.\na. 20 b. 42 c. 90 \nd. 50 e. 52\n4. Buatlah pohon faktor dan bentuk faktorisasi dari \nbilangan-bilangan berikut ini.\na. 15 b. 86 c. 48 \nd. 100 e. 54\nC. KPK dan FPB\nAda 5 tahapan yang harus kalian lakukan untuk \nmenen tu kan KPK dan FPB. Kelima langkah tersebut \nadalah mengamati, menanya, menalar, mencoba, dan \nmengkomunikasikan.\nTahukah Kalian\nCara menyajikan \nfaktorisasi dengan cara \nsengketan.\nBerikut ini, contoh cara \nfaktorisasi 18.\n 18 : 2\n 9 : 3\n 3\nJadi, faktorisasi 18 \nadalah 2 x 3 x 3 \nDi unduh dari : Bukupaket.com\nMatematika • KPK dan FPB\n61\n1. KPK ( Kelipatan Persekutuan Terkecil)\nAyo Mengamati\nGambar 2.6 Lampu hias\nSumber : bimg.antaranews.com \nAyah memasang lampu hias di "", ""eseluruhan \npenonton musik yang akan berada di dalam gedung!\n18. 30% dari x adalah 21 dan \n1\n6 dari y adalah 13. Berapa nilai x + y ?\n19. Umur Dayu 9 tahun 2 bulan dan umur Meli 6 tahun 8 bulan. Berapakah perbandingan \numur Dayu dengan Meli?\n20. Siti mempunyai sebuah bilangan desimal yaitu 0,45.\na. Berapakah pecahan biasa dari bilangan yang dimiliki Siti?\nb. Berapakah pecahan yang senilai?\nTugas Berkelompok\nPetunjuk\n1. Tulislah jawaban latihan soal di buku tulis dengan bahasa sendiri.\n2. Tukarkan jawaban dengan teman sebangkumu.\n3. Bandingkan dan diskusikan hasil pekerjaanmu.\nDi unduh dari : Bukupaket.com\nMatematika • KPK dan FPB\n47\nKPK dan FPB\n 2\nKonsep kelipatan persekutuan \nterkecil (KPK) dan faktor persekutuan \nterbesar (FPB) banyak dipergunakan \nuntuk menyelesaikan masalah dalam \nkehidupan sehari-hari. Konsep KPK \ndapat digunakan untuk menentukan \njadwal liburan, menghitung orbit \np""]",kpk_fpb,1.0,True,True,C4-rag+moe conf=1.00
C4,45,4,pecahan,Membandingkan Pecahan,mudah,"Dua pecahan 3/8 dan 5/12 dibandingkan, yang mana pecahan lebih kecil?","[""A. 3/8"", ""B. 5/12"", ""C. 3/4"", ""D. 1/2""]",A,3/8,"[""Langkah 1: Tentukan pembilang dan penyebut masing-masing pecahan."", ""3/8 memiliki pembilang 3 dan penyebut 8."", ""5/12 memiliki pembilang 5 dan penyebut 12."", ""Langkah 2: Temukan KPK dari penyebut kedua pecahan."", ""KPK dari 8 dan 12 adalah 24."", ""Langkah 3: Ubah kedua pecahan menjadi pecahan senilai dengan penyebut 24."", ""3/8 = (3 x 3) / (8 x 3) = 9/24"", ""5/12 = (5 x 2) / (12 x 2) = 10/24"", ""Langkah 4: Bandingkan pecahan senilai tersebut."", ""9/24 < 10/24"", ""Jadi, 3/8 < 5/12.""]",3/8,"[{""chunk_id"": ""000_0054"", ""source"": ""Buku Matematika Kelas 4 SD.pdf""}, {""chunk_id"": ""000_0212"", ""source"": ""Buku Matematika Kelas 4 SD.pdf""}, {""chunk_id"": ""000_0018"", ""source"": ""Buku Matematika Kelas 4 SD.pdf""}]","[""b adalah \nbilangan bulat dan b ≠ 0.\n2. Bilangan pecahan terdiri dari pecahan senilai, pecahan sederhana, dan \nmembandingkan pecahan.\n3. Pecahan senilai adalah pecahan yang dituliskan dalam bentuk berbeda, \ntetapi mempunyai nilai yang sama.\n4. Pecahan sederhana adalah mengubah pembilang dan penyebut menjadi pecahan \nsenilai yang paling kecil.\n5. Bentuk pecahan meliputi pecahan biasa, pecahan campuran, pecahan desimal, \ndan persen.\n6. Pecahan biasa adalah pecahan yang pembilang dan penyebutnya merupakan \nbilangan bulat.\n7. Pecahan campuran adalah pecahan yang terdiri atas bilangan bulat dan pecahan, \ndapat ditulis \na \nb\nc = (a x c) + b\nc \ndengan ketentuan a,b,c adalah bilangan bulat dan c ≠ 0.\n8. Pecahan desimal adalah pecahan yang nilai penyebutnya adalah 10, 100, 1000, dan \nseterusnya yang ditulis dengan menggunakan tanda koma.\nDi unduh dari : Bukupaket.com\nKelas IV SD/MI\n44\n9. Persen ad"", ""ri : Bukupaket.com\nKelas IV SD/MI\n158\nBacalah dengan saksama\nPerhatikan gambar dan bacaan berikut!\nGambar 5.1 Pemilihan Ketua Kelas\nSumber: kemendikbud.go.id\n Hari ini, siswa kelas 4 duduk rapi dan suasana di kelas \nsangat tenang. Pergantian pengurus dilakukan setiap tiga \nbulan sekali untuk memberi kesempatan seluruh siswa \nmenjadi pengurus kelas dan juga melatih rasa percaya diri \nsetiap siswa.\n Setiap siswa diberi selembar kertas untuk mengisi \nnama calon ketua kelas yang akan dipilih. Setelah itu, \nkertas dikumpulkan, kemudian dilakukan perhitungan \nsuara untuk setiap calon ketua kelas. Agar memudahkan \ndalam pendataan, hasil perolehan suara calon ketua \nkelas ditulis di papan tulis dalam bentuk tabel. Dapatkah \nkamu membaca dan menyajikan data tersebut dalam \nbentuk diagram batang? Temukan jawabannya dalam \npembahasan materi ini.\nDi unduh dari : Bukupaket.com\nMatematika • Statistika"", ""n\nCara menyederhanakan \npecahan adalah \nmembagi pembilang \ndan penyebut dengan \nbilangan prima (2, 3, \n5, ...), sehingga tidak \ndapat dibagi lagi oleh \nbilangan prima yang \nlain.\nDi unduh dari : Bukupaket.com\nKelas IV SD/MI\n16\nJadi, pecahan 2\n4 mempunyai bentuk paling sederhana \nyaitu 1\n2 .\nDapatkah kalian menentukan pecahan paling sederhana \ndari \n15\n20?\nContoh 1.4\nTentukan pecahan paling sederhana dari pecahan di \nbawah ini. \n10\n20\n10 : 10\n20 : 10\n1\n2= =\n16\n24\n16 : 8\n24 : 8\n2\n3= =\n 9 \n27\n 9 : 9 \n27 : 9\n1\n3= =\n 4 \n12\n 4 : 4 \n12 : 4\n1\n3= =\n3. Membandingkan Pecahan\nAyo Mengamati\nPengamatan\nPerhatikan gambar dan bacaan berikut!\nSebuah pizza dipotong menjadi 2 bagian sama besar. \nSetengah bagian pizza yang telah dipotong, dipotong lagi \nmenjadi dua bagian sama besar. \nPotongan manakah yang lebih besar?\nTulis ulang bacaan di atas! Gunakan kalimatmu sendiri. \nKerjakan di buku tugasmu.\nTahukah"", "" biasa, pecahan \ncampuran, pecahan desimal dan persen. Kelima langkah \ntersebut adalah mengamati, menanya, menalar, mencoba, \ndan mengkomunikasikan.\nTahukah Kalian\nPecahan a\nb dikatakan \npecahan yang paling \nsederhanan apabila FPB \n(a,b) =1\nDi unduh dari : Bukupaket.com\nKelas IV SD/MI\n20\nAyo Mengamati\nPengamatan 1\nPerhatikan gambar dan bacaan berikut!\nGambar 1.8 Buah Apel\nSumber : dokumentasi penulis\nDayu membeli apel 1\n2 kg, kemudian Udin juga membeli \napel 3\n4 kg. Berapa kg apel yang mereka beli?\nTulis ulang bacaan di atas! Gunakan kalimatmu sendiri. \nKerjakan di buku tugasmu.\nPengamatan 2\nPerhatikan gambar dan bacaan berikut!\nIbu berbelanja di pasar tradisonal. Ibu membeli \nberas 5 kg, telur 1\n1\n2 kg, bawang putih 1\n4 kg, \ndan bawang merah \n3\n4 kg (Gambar 1.9). Berapa \nkilogram keseluruhan belanja ibu? \nGambar 1.9 Dagangan Pasar\nSumber : dokumentasi penulis\nTulis ulang bacaan di atas!"", ""e bawah menjadi 40.\nd. 97% dari 23 ≈ 100% x 20 = 20\n97% dibulatkan dan lebih dekat dengan 100%\n23 dibulatkan ke atas menjadi 20.\nAyo Mencoba\nTaksirlah hasil operasi hitung penjumlahan dan \npengurangan pecahan berikut. \na. 6\n7 + 9 5\n7 d. 3 \n4\n5 - 2 \n3\n4 \nb. 3 \n 8 \n10 + 9 \n3\n4 e. 11 \n 9 \n11 - 5 \n 6 \n11 \nTahukah Kalian\nPecahan yang \npenyebutnya 1000 \ndisebut Permil dan \ndisimbolkan dalam \n\""‰\"" .\nTahukah Kalian\nUntuk mengubah \npecahan biasa ke dalam \nbentuk persen maka \npembilang dan \npenyebut sama-sama \ndikalikan dengan \nbilangan bulat positif \nsupaya bernilai 100.\nDi unduh dari : Bukupaket.com\nKelas IV SD/MI\n40\nc. 5 - 2 5\n7\nTaksirlah hasil operasi hitung perkalian dan pembagian \npecahan berikut. \na. 4 8 \n10 x 9 d. 6 1 \n12 : 2 \nb. 4 \n2\n3 + 4 \n1\n7 e. 10 \n 8 \n10 : 1 \n4\n5\nc. \n 5 \n10 x \n5\n8\nTaksirlah hasil operasi hitung penjumlahan dan \npengurangan pecahan desimal berikut.\na. 3,4 + 5,5 c. 7,23 ""]",pecahan,1.0,True,True,C4-rag+moe conf=1.00
C4,46,4,perkalian_pembagian,perkalian,sulit,"Sebuah toko menjual buku dengan harga Rp. 12.500 setiap buah. Jika Pak Ali membeli 25 buah buku tersebut, berapakah total belanjaannya?","[""A. Rp. 312.500"", ""B. Rp. 31.250"", ""C. Rp. 3.125"", ""D. Rp. 312.500""]",D,312.500,"[""Hitung total harga: 12.500 x 25"", ""Lakukan perkalian: 12.500 x 25 = 312.500""]",312.500,"[{""chunk_id"": ""000_0235"", ""source"": ""Buku Matematika Kelas 4 SD.pdf""}]","[""ri : Bukupaket.com\nKelas IV SD/MI\n158\nBacalah dengan saksama\nPerhatikan gambar dan bacaan berikut!\nGambar 5.1 Pemilihan Ketua Kelas\nSumber: kemendikbud.go.id\n Hari ini, siswa kelas 4 duduk rapi dan suasana di kelas \nsangat tenang. Pergantian pengurus dilakukan setiap tiga \nbulan sekali untuk memberi kesempatan seluruh siswa \nmenjadi pengurus kelas dan juga melatih rasa percaya diri \nsetiap siswa.\n Setiap siswa diberi selembar kertas untuk mengisi \nnama calon ketua kelas yang akan dipilih. Setelah itu, \nkertas dikumpulkan, kemudian dilakukan perhitungan \nsuara untuk setiap calon ketua kelas. Agar memudahkan \ndalam pendataan, hasil perolehan suara calon ketua \nkelas ditulis di papan tulis dalam bentuk tabel. Dapatkah \nkamu membaca dan menyajikan data tersebut dalam \nbentuk diagram batang? Temukan jawabannya dalam \npembahasan materi ini.\nDi unduh dari : Bukupaket.com\nMatematika • Statistika"", ""b adalah \nbilangan bulat dan b ≠ 0.\n2. Bilangan pecahan terdiri dari pecahan senilai, pecahan sederhana, dan \nmembandingkan pecahan.\n3. Pecahan senilai adalah pecahan yang dituliskan dalam bentuk berbeda, \ntetapi mempunyai nilai yang sama.\n4. Pecahan sederhana adalah mengubah pembilang dan penyebut menjadi pecahan \nsenilai yang paling kecil.\n5. Bentuk pecahan meliputi pecahan biasa, pecahan campuran, pecahan desimal, \ndan persen.\n6. Pecahan biasa adalah pecahan yang pembilang dan penyebutnya merupakan \nbilangan bulat.\n7. Pecahan campuran adalah pecahan yang terdiri atas bilangan bulat dan pecahan, \ndapat ditulis \na \nb\nc = (a x c) + b\nc \ndengan ketentuan a,b,c adalah bilangan bulat dan c ≠ 0.\n8. Pecahan desimal adalah pecahan yang nilai penyebutnya adalah 10, 100, 1000, dan \nseterusnya yang ditulis dengan menggunakan tanda koma.\nDi unduh dari : Bukupaket.com\nKelas IV SD/MI\n44\n9. Persen ad"", ""20 ­ 40 tahun di suatu daerah selama 5 tahun disajikan dalam \ndiagram berikut ini.\na. Berapakah selisih penduduk laki-laki & perempuan pada tahun 2017\nb. Pada tahun berapakah jumlah penduduk terbanyak?\n20. Data tinggi badan siswa kelas IV disajikan dalam diagram berikut. Jika banyak siswa \nkelas IV seluruhnya adalah 60, maka berapa banyak siswa kelas IV yang mempunyai \ntinggi badan 132 cm?\nTugas Berkelompok\nPetunjuk\n1. Tulislah jawaban latihan soal di buku tulis dengan bahasamu sendiri.\n2. Tukarkan jawaban dengan teman sebangkumu.\n3. Bandingkan dan diskusikan hasil pekerjaanmu.\nDi unduh dari : Bukupaket.com\nMatematika • Pengukuran Sudut\n177\nPengukuran \nSudut \n 6\nDi kelas 3 kalian telah mempelajari \ntentang jenis-jenis sudut dan \npengukuran sudut dengan satuan \ntidak baku. Sekarang kalian akan \nmempelajari lebih jauh lagi tentang \npengukuran sudut dengan busur \nderajat. Pada bangun datar,"", ""e bawah menjadi 40.\nd. 97% dari 23 ≈ 100% x 20 = 20\n97% dibulatkan dan lebih dekat dengan 100%\n23 dibulatkan ke atas menjadi 20.\nAyo Mencoba\nTaksirlah hasil operasi hitung penjumlahan dan \npengurangan pecahan berikut. \na. 6\n7 + 9 5\n7 d. 3 \n4\n5 - 2 \n3\n4 \nb. 3 \n 8 \n10 + 9 \n3\n4 e. 11 \n 9 \n11 - 5 \n 6 \n11 \nTahukah Kalian\nPecahan yang \npenyebutnya 1000 \ndisebut Permil dan \ndisimbolkan dalam \n\""‰\"" .\nTahukah Kalian\nUntuk mengubah \npecahan biasa ke dalam \nbentuk persen maka \npembilang dan \npenyebut sama-sama \ndikalikan dengan \nbilangan bulat positif \nsupaya bernilai 100.\nDi unduh dari : Bukupaket.com\nKelas IV SD/MI\n40\nc. 5 - 2 5\n7\nTaksirlah hasil operasi hitung perkalian dan pembagian \npecahan berikut. \na. 4 8 \n10 x 9 d. 6 1 \n12 : 2 \nb. 4 \n2\n3 + 4 \n1\n7 e. 10 \n 8 \n10 : 1 \n4\n5\nc. \n 5 \n10 x \n5\n8\nTaksirlah hasil operasi hitung penjumlahan dan \npengurangan pecahan desimal berikut.\na. 3,4 + 5,5 c. 7,23 "", ""-Jilbab). Al-Qalasadi meletakkan pembilang di atas \npenyebut dan memisahkan keduanya dengan sebuah \ngaris horizontal dan menggunakan pernyataan \""ala \nma'sihi\"" yang berarti \""tempatkan di atasnya\"" dan \n\""mafawk al-khatt\"" yang berarti \""yang ada di atas \ngaris\"" .\nSumber: serunaihati.blogspot.com diakses 09/11/17 pukul 21:59.\nAL-QALASADI\n(1412-1486) \nA. Bilangan Pecahan\nAda 5 tahapan yang harus kalian lakukan untuk memahami bilangan pecahan \nmeliputi pecahan senilai, menyederhanakan pecahan dan membandingkan pecahan. \nKelima langkah tersebut adalah mengamati, menanya, menalar, mencoba, dan \nmengkomunikasikan.\nAyo Mengamati\nPengamatan\nPerhatikan gambar dan bacaan berikut dengan cermat!\nDi unduh dari : Bukupaket.com\nKelas IV SD/MI\n4\n1.\n3.\n2.\nGambar 1.2 Buku (1), Tongkat Pramuka (2), dan Buah apel (3)\nSumber: \ndokumentasi penulis\nhttps://www.tokopedia.com/mimbar/tongkat-pramuka-merah-putih \ndiaks""]",perkalian_pembagian,1.0,True,True,C4-rag+moe conf=1.00
C4,47,4,perkalian_pembagian,modus,sedang,"Dalam sebuah kelas, 10 siswa masing-masing memilih salah satu nama sebagai calon ketua. Hasil perolehan suara dinyatakan dalam tabel berikut. Jika terdapat 2 nama yang mendapatkan 3 suara, 4 nama yang mendapatkan 2 suara, dan 4 nama yang mendapatkan 1 suara, berapakah modus perolehan suara tersebut?","[""A. 1"", ""B. 2"", ""C. 3"", ""D. 4""]",B,2,"[""Jumlah total siswa adalah 10."", ""Nama-nama yang mendapatkan 3 suara adalah 2."", ""Nama-nama yang mendapatkan 2 suara adalah 4."", ""Nama-nama yang mendapatkan 1 suara adalah 4."", ""Modus adalah nilai yang muncul paling banyak.""]",2,"[{""chunk_id"": ""000_0212"", ""source"": ""Buku Matematika Kelas 4 SD.pdf""}, {""chunk_id"": ""000_0143"", ""source"": ""Buku Matematika Kelas 4 SD.pdf""}, {""chunk_id"": ""000_0045"", ""source"": ""Buku Matematika Kelas 4 SD.pdf""}]","[""ri : Bukupaket.com\nKelas IV SD/MI\n158\nBacalah dengan saksama\nPerhatikan gambar dan bacaan berikut!\nGambar 5.1 Pemilihan Ketua Kelas\nSumber: kemendikbud.go.id\n Hari ini, siswa kelas 4 duduk rapi dan suasana di kelas \nsangat tenang. Pergantian pengurus dilakukan setiap tiga \nbulan sekali untuk memberi kesempatan seluruh siswa \nmenjadi pengurus kelas dan juga melatih rasa percaya diri \nsetiap siswa.\n Setiap siswa diberi selembar kertas untuk mengisi \nnama calon ketua kelas yang akan dipilih. Setelah itu, \nkertas dikumpulkan, kemudian dilakukan perhitungan \nsuara untuk setiap calon ketua kelas. Agar memudahkan \ndalam pendataan, hasil perolehan suara calon ketua \nkelas ditulis di papan tulis dalam bentuk tabel. Dapatkah \nkamu membaca dan menyajikan data tersebut dalam \nbentuk diagram batang? Temukan jawabannya dalam \npembahasan materi ini.\nDi unduh dari : Bukupaket.com\nMatematika • Statistika"", ""langkah tersebut \nadalah mengamati, menanya, menalar, mencoba, dan \nmengkomunikasikan.\nAyo Mengamati\nPengamatan 1\nPerhatikan gambar dan bacaan berikut dengan cermat!\nGambar 4.2 Benda-benda yang ada di kelas\nSumber: dokumentasi penulis\nDi unduh dari : Bukupaket.com\nKelas IV SD/MI\n106\nEdo mengelompokkan beberapa benda yang ada di \nkelasnya seperti tulisan “Welcome to Our Class” , jadwal \npiket, dan penggaris setengah lingkaran. Bentuk benda \napakah yang dipilih oleh Edo?\nTulis ulang bacaan di atas! Gunakan kalimat sendiri. \nKerjakan di buku tulismu. \nPengamatan 2\nPerhatikan gambar dan bacaan berikut dengan cermat!\nGambar 4.3 Contoh-contoh bangun datar\nSumber: dokumentasi penulis\nMeli mengelompokkan beberapa benda yang ada di \nkelasnya seperti jadwal pelajaran, peta Indonesia, penggaris \npanjang, penggaris segitiga, motto “In Our Class” , buku, \ndan meja. Bentuk benda apakah yang dipilih ol"", ""erhatikan nilai \nsatuan, puluhan, atau \nratusan dan seterusnya. \nJika angka kurang dari \n5 (4,3,2,1) maka angka \npada pembulatan \ndihilangkan dan jika \nangka lebih dari sama \ndengan 5 (5,6,7,8,9) \nmaka angka pada \npembulatan ditambah \n1 baik puluhan, ratusan, \nmaupun ribuan dan \nseterusnya.\nDi unduh dari : Bukupaket.com\nKelas IV SD/MI\n38\nContoh 1.16\nTentukan hasil operasi hitung berikut dengan taksiran atas.\na. 16,8 x 2,4 ≈ 17 x 2 = 34\n 16,8 dibulatkan ke atas menjadi 17\n 2,4 dibulatkan ke bawah menjadi 2\nb. 24,7 / 4.9 ≈ 25 / 5 = 5\n 24,7 dibulatkan ke atas menjadi 25\n 4,9 dibulatkan ke atas menjadi 5\nc. 153,7 + 8,2 ≈ 154 + 8 = 162\n 153,7 dibulatkan ke atas menjadi 154\n 8,2 dibulatkan ke bawah menjadi 8\nd. 32,4 ­ 5,5 ≈ 32 - 6 = 26\n 32,4 dibulatkan ke bawah menjadi 32\n 5,5 dibulatkan ke atas menjadi 6\nc. Taksiran Persen\nTaksiran persen adalah menaksir hasil operasi hitung \ndengan cara memb"", ""ministratif dan pemerintahan.\nPengumpulan data terus berlanjut, khususnya melalui \nsensus yang dilakukan secara teratur untuk memberi \ninformasi kependudukan yang berubah setiap saat.\nPada tahun 1662 John Graunt merupakan orang \npertama yang menyortir data ke dalam tabel. Dia juga \nmembicarakan tentang reliabilitas data.\nSumber: http://www.marthamatika.com Diakses 25/11/2017 pukul 21.35\nJOHN GRAUNT\nA. Membaca dan Menafsirkan Data\nAda 5 tahapan yang harus kalian lakukan untuk \nmembaca dan menafsirkan data. Kelima langkah tersebut \nadalah mengamati, menanya, menalar, mencoba, dan \nmengkomunikasikan.\nDi unduh dari : Bukupaket.com\nKelas IV SD/MI\n160\nAyo Mengamati\nPengamatan\nPerhatikan gambar dan bacaan berikut dengan cermat!\nGambar 5.2 Suasana Ujian di Kelas\nSumber: dokumentasi penulis\nDi suatu kelas, terdapat 33 siswa yang mengikuti ujian \nmatematika. Dari data yang diperoleh, nilai dari 33"", ""matan 2 tersebut? Coba buatlah di \nbuku tulismu.\nContoh 5.1\n1. Meli mencatat jenis hobi teman-teman sekelasnya. \nData tentang hobi teman-teman Meli ditulis dalam \nbentuk tabel berikut.\nNo. Jenis Hobi\nBanyak Siswa\nTurus Frekuensi\n1. Membaca 5\n2. Menggambar IIII 9\n3. Olahraga I 11\n4. Menyanyi IIII 9\n5. Menari I 6\nJumlah 40\nBerapakah banyaknya teman Meli seluruhnya?\nSajikan tabel hobi teman Meli ke dalam bentuk diagram \nbatang.\nPenyelesaian\nDi unduh dari : Bukupaket.com\nKelas IV SD/MI\n168\nAyo Mencoba\n1. Meli adalah ketua kelas 4A. Ia akan membelikan \nsejumlah kebutuhan alat-alat tulis di koperasi \nsekolah untuk teman-teman sekelasnya. Berdasarkan \nkebutuhan tersebut tercatat ada 5 barang yang harus \ndibeli yaitu 9 buku tulis, 10 pensil, 5 penghapus, 3 \nbolpoin, dan 5 penggaris. Buatlah tabel dan diagram \nbatang yang menunjukkan kebutuhan di atas.\n2. Di bawah ini adalah diagram batang tentan""]",perkalian_pembagian,0.4,True,True,C4-rag+moe conf=0.40
C4,48,4,pengukuran,massa,sulit,"Sebuah kotak berisi bahan bakar dengan massa sekitar 10 kg. Jika massa tersebut dikonversi ke gram, berapakah massa bahan bakar tersebut?","[""A. 1000 gram"", ""B. 10000 gram"", ""C. 100 gram"", ""D. 10 gram""]",B,10000,"[""Konversi kilogram ke gram menggunakan rumus: 1 kg = 1000 gram."", ""Jadi, massa bahan bakar 10 kg dikonversi menjadi 10 x 1000 gram."", ""Hasilnya adalah 10000 gram.""]",10 kg x 1000 = 10000 gram,"[{""chunk_id"": ""000_0131"", ""source"": ""Buku Matematika Kelas 4 SD.pdf""}, {""chunk_id"": ""000_0235"", ""source"": ""Buku Matematika Kelas 4 SD.pdf""}, {""chunk_id"": ""000_0212"", ""source"": ""Buku Matematika Kelas 4 SD.pdf""}]","[""20 ­ 40 tahun di suatu daerah selama 5 tahun disajikan dalam \ndiagram berikut ini.\na. Berapakah selisih penduduk laki-laki & perempuan pada tahun 2017\nb. Pada tahun berapakah jumlah penduduk terbanyak?\n20. Data tinggi badan siswa kelas IV disajikan dalam diagram berikut. Jika banyak siswa \nkelas IV seluruhnya adalah 60, maka berapa banyak siswa kelas IV yang mempunyai \ntinggi badan 132 cm?\nTugas Berkelompok\nPetunjuk\n1. Tulislah jawaban latihan soal di buku tulis dengan bahasamu sendiri.\n2. Tukarkan jawaban dengan teman sebangkumu.\n3. Bandingkan dan diskusikan hasil pekerjaanmu.\nDi unduh dari : Bukupaket.com\nMatematika • Pengukuran Sudut\n177\nPengukuran \nSudut \n 6\nDi kelas 3 kalian telah mempelajari \ntentang jenis-jenis sudut dan \npengukuran sudut dengan satuan \ntidak baku. Sekarang kalian akan \nmempelajari lebih jauh lagi tentang \npengukuran sudut dengan busur \nderajat. Pada bangun datar,"", ""ri : Bukupaket.com\nKelas IV SD/MI\n158\nBacalah dengan saksama\nPerhatikan gambar dan bacaan berikut!\nGambar 5.1 Pemilihan Ketua Kelas\nSumber: kemendikbud.go.id\n Hari ini, siswa kelas 4 duduk rapi dan suasana di kelas \nsangat tenang. Pergantian pengurus dilakukan setiap tiga \nbulan sekali untuk memberi kesempatan seluruh siswa \nmenjadi pengurus kelas dan juga melatih rasa percaya diri \nsetiap siswa.\n Setiap siswa diberi selembar kertas untuk mengisi \nnama calon ketua kelas yang akan dipilih. Setelah itu, \nkertas dikumpulkan, kemudian dilakukan perhitungan \nsuara untuk setiap calon ketua kelas. Agar memudahkan \ndalam pendataan, hasil perolehan suara calon ketua \nkelas ditulis di papan tulis dalam bentuk tabel. Dapatkah \nkamu membaca dan menyajikan data tersebut dalam \nbentuk diagram batang? Temukan jawabannya dalam \npembahasan materi ini.\nDi unduh dari : Bukupaket.com\nMatematika • Statistika"", ""bulatan ke ratusan terdekat\na. Pembulatan ke bawah, jika angka puluhannya kurang dari 5, maka puluhan \ntersebut dihilangkan.\nb. Pembulatan ke atas, jika angka puluhannya lebih dari atau sama dengan 50 \nmaka puluhan tersebut dihilangkan dan menambahkan 100 ke ratusannya. \nAyo Mengomunikasikan\nPetunjuk\nTulis ulang rangkuman di atas dengan bahasamu sendiri. Kerjakan di buku tulismu.\nBandingkan dan diskusikan bersama 3 teman yang tempat duduknya berdekatan \ndenganmu. Tulis kembali di buku tulismu!\nDi unduh dari : Bukupaket.com\nKelas IV SD/MI\n98\nTugas Proyek\nBelajar melakukan pembulatan hasil pengukuran yang telah dilaksanakan\nTujuan: melakukan pembulatan hasil pengukuran panjang dan berat.\nPetunjuk: \n1. Buatlah kelompok yang terdiri atas 4 anak.\n2. Sediakan timbangan berat badan, meteran pengukur tinggi badan, dan alat-alat tulis.\n3. Buatlah tabel hasil pengukuran berat dan tinggi badan bese"", ""paket.com\nMatematika • Aproksimasi\n91\nC. Pembulatan Hasil Pengukuran Panjang \ndan Berat ke Ratusan Terdekat\nAda 5 tahapan yang harus kalian lakukan untuk \nmemahami pembulatan hasil pengukuran panjang \ndan berat ke ratusan terdekat. Kelima langkah tersebut \nadalah mengamati, menanya, menalar, mencoba, dan \nmengkomunikasikan.\nAyo Mengamati\nPengamatan 1\nPerhatikan gambar dan bacaan berikut dengan cermat!\nGambar 3.13 Truk Pengangkut Beras\nSumber : http://cdn2.tstatic.net/tribunnews/foto/bank/images/20131023_pasokan-berasraskin_5551.jpg\nPerum bulog suatu daerah akan mendistribusikan beras \nke desa-desa dengan menggunakan truk. Truk tersebut \ndapat mengangkut 2.515 kg. \nUntuk memudahkan dalam perhitungan, beras yang \ndiangkut truk hanya 2.500 kg. \nTulis ulang bacaan di atas dengan rapi. Gunakan \nkalimatmu sendiri! Kerjakan di buku tugasmu!\nTahukah Kalian\nBeras adalah bagian \nbulir padi (gabah)"", ""in mengenai data\ntersebut yang tidak\ntertulis pada tabel.\nDi unduh dari : Bukupaket.com\nMatematika • Statistika\n163\nGuru matematika di kelas Edo membagikan hasil ujian \nmatematika dan mendata nilai hasil ujian matematika \nsiswa kelas 4A. Dari 32 siswa, 2 siswa mendapat nilai 50, \n11 siswa mendapat nilai 65, 10 siswa mendapat nilai 70, \n6 siswa mendapat nilai 80, dan sisanya mendapat nilai 75. \nGuru di kelas Edo ingin melihat perbandingan nilai yang \ndiperoleh siswa dengan lebih mudah.\nTulis ulang bacaan di atas! Gunakan kalimat sendiri.\nKerjakan di buku tulismu.\nPengamatan 2\nPerhatikan gambar dan bacaan berikut ini.\nGambar 5.4 Kendaraan di Jalan\nSumber: dokumentasi penulis\n Guru di kelas Udin mengajak siswa-siswanya belajar \ndi luar kelas. Beliau meminta siswa-siswanya mencatat \nbanyaknya kendaraan yang lewat di Jalan PB Sudirman \nsetiap 10 menit. Udin mencatat becak yang lewat \nsebanyak""]",pengukuran,1.0,True,False,C4-rag+moe conf=1.00
C4,49,4,pecahan,Pengurangan pecahan,sedang,"Sebuah sepatu dijual dengan diskon 50%. Jika harga aslinya Rp 120.000, berapa harga sepatu setelah mendapatkan diskon? A. Rp 60.000 B. Rp 100.000 C. Rp 180.000 D. Rp 240.000","[""A. Rp 60.000"", ""B. Rp 100.000"", ""C. Rp 180.000"", ""D. Rp 240.000""]",A,Rp 60.000,"[""Diskon 50% berarti harga yang dikenakan adalah 50% dari harga asli."", ""Hitung 50% dari Rp 120.000: \\( \frac{50}{100} \times 120.000 = 0.5 \times 120.000 \\)"", ""Hitung hasilnya: \\( 0.5 \times 120.000 = 60.000 \\)"", ""Jadi, harga sepatu setelah mendapatkan diskon adalah Rp 60.000.""]",60.000,"[{""chunk_id"": ""000_0023"", ""source"": ""Buku Matematika Kelas 4 SD.pdf""}, {""chunk_id"": ""000_0054"", ""source"": ""Buku Matematika Kelas 4 SD.pdf""}, {""chunk_id"": ""000_0009"", ""source"": ""Buku Matematika Kelas 4 SD.pdf""}]","[""! Gunakan kalimatmu sendiri. \nKerjakan di buku tugasmu.\nPengamatan 4\nPerhatikan gambar dan bacaan berikut!\nGambar 1.11 Sepatu Diskon\nSumber : dokumentasi penulis\nDi unduh dari : Bukupaket.com\nKelas IV SD/MI\n22\nHari ini ada diskon untuk pembelian sepatu dan \nsandal. Pengunjung berbondong-bondong untuk \nmemilih dan membelinya. Pembelian diberi diskon untuk \npembelian sepatu sebesar 70%, 50% + 30%, 50%, 30%, \n20% + 20%, 20%, dan 10% (Gambar 1.11). \nTulis ulang bacaan di atas! Gunakan kalimatmu sendiri. \nKerjakan di buku tugasmu.\nAyo Menanya\nBerikut ini contoh pertanyaan tentang bentuk pecahan.\n1. Apa saja bentuk pecahan?\n2. Bagaimana mengubah pecahan biasa ke bentuk \npersen?\nBuatlah pertanyaan lainnya!\nAyo Menalar\n1. Pecahan Biasa\nBentuk pecahan yang telah dipelajari sebelum nya \nmerupakan pecahan biasa. Pecahan biasa adalah pecahan \nyang pembilang dan penyebutnya merupakan bilangan \nbulat."", ""b adalah \nbilangan bulat dan b ≠ 0.\n2. Bilangan pecahan terdiri dari pecahan senilai, pecahan sederhana, dan \nmembandingkan pecahan.\n3. Pecahan senilai adalah pecahan yang dituliskan dalam bentuk berbeda, \ntetapi mempunyai nilai yang sama.\n4. Pecahan sederhana adalah mengubah pembilang dan penyebut menjadi pecahan \nsenilai yang paling kecil.\n5. Bentuk pecahan meliputi pecahan biasa, pecahan campuran, pecahan desimal, \ndan persen.\n6. Pecahan biasa adalah pecahan yang pembilang dan penyebutnya merupakan \nbilangan bulat.\n7. Pecahan campuran adalah pecahan yang terdiri atas bilangan bulat dan pecahan, \ndapat ditulis \na \nb\nc = (a x c) + b\nc \ndengan ketentuan a,b,c adalah bilangan bulat dan c ≠ 0.\n8. Pecahan desimal adalah pecahan yang nilai penyebutnya adalah 10, 100, 1000, dan \nseterusnya yang ditulis dengan menggunakan tanda koma.\nDi unduh dari : Bukupaket.com\nKelas IV SD/MI\n44\n9. Persen ad"", ""aian\nBentuk pecahan gambar di atas adalah 4\n6 .\nb.\nPenyelesaian\nBentuk pecahan gambar di atas adalah 3\n8 .\nContoh 1.2\nSebutkan pembilang dan penyebut dari pecahan di bawah \nini.\na. 3\n8 maka pembilang adalah 3 dan penyebut adalah 8.\nb. 1\n4 maka pembilang adalah 1 dan penyebut adalah 4.\nc. \n5\n6 maka pembilang adalah 5 dan penyebut adalah 6.\nDi unduh dari : Bukupaket.com\nKelas IV SD/MI\n8\nAyo Mencoba\n1. Meli memiliki 1 batang coklat. Dia ingin mem­\nbagikan kepada 5 orang sahabatnya dengan \nbagian yang sama. Berapa bagian coklat yang diperoleh \nmasing-masing sahabat Meli?\n2. Beni memiliki 8 buah apel. Dia akan membagikan \nkepada 4 orang temannya dengan bagian yang sama \nbanyak. Berapa buah apel yang diperoleh masingmasing temannya?\n3. Nyatakan bagian yang diarsir pada gambar di bawah \nini ke dalam bentuk pecahan.\na. b. c.\n4. Nyatakan pecahan di bawah ini dalam bentuk gambar \ndengan beberapa b"", ""ri : Bukupaket.com\nKelas IV SD/MI\n158\nBacalah dengan saksama\nPerhatikan gambar dan bacaan berikut!\nGambar 5.1 Pemilihan Ketua Kelas\nSumber: kemendikbud.go.id\n Hari ini, siswa kelas 4 duduk rapi dan suasana di kelas \nsangat tenang. Pergantian pengurus dilakukan setiap tiga \nbulan sekali untuk memberi kesempatan seluruh siswa \nmenjadi pengurus kelas dan juga melatih rasa percaya diri \nsetiap siswa.\n Setiap siswa diberi selembar kertas untuk mengisi \nnama calon ketua kelas yang akan dipilih. Setelah itu, \nkertas dikumpulkan, kemudian dilakukan perhitungan \nsuara untuk setiap calon ketua kelas. Agar memudahkan \ndalam pendataan, hasil perolehan suara calon ketua \nkelas ditulis di papan tulis dalam bentuk tabel. Dapatkah \nkamu membaca dan menyajikan data tersebut dalam \nbentuk diagram batang? Temukan jawabannya dalam \npembahasan materi ini.\nDi unduh dari : Bukupaket.com\nMatematika • Statistika"", ""\n7 e. 10 \n 8 \n10 : 1 \n4\n5\nc. \n 5 \n10 x \n5\n8\nTaksirlah hasil operasi hitung penjumlahan dan \npengurangan pecahan desimal berikut.\na. 3,4 + 5,5 c. 7,23 + 10,95\nb. 13,2 + 7 d. 15,45 ­ 5,5\nc. 32,4 ­ 11,7\nD. Aplikasi Pecahan\nAda 5 tahapan yang harus kalian lakukan untuk \nmemahami aplikasi pecahan. Kelima langkah tersebut \nadalah mengamati, menanya, menalar, mencoba, dan \nmengkomunikasikan.\nSetelah mempelajari tentang bilangan pecahan pasti \nkalian sudah paham tentang bentuk bilangan pecahan \ndan taksiran. Dalam kehidupan sehari-hari banyak \npermasalahan yang memanfaatkan konsep pecahan. \nPerhatikan contoh aplikasi pecahan dalam kehidupan \nsehari-hari berikut ini.\nContoh 1.18\nHari minggu Meli belajar kelompok bersama \n4 temannya. Meli membuat kue dan dipotong menjadi 8 \nbagian (Gambar 1.14). Kue dibagikan dengan bagian yang \nsama. \nTahukah Kalian\nCara lain membagi \npembilang dan \npenyebut.\nCon""]",pecahan,1.0,True,False,C4-rag+moe conf=1.00
C4,50,4,penjumlahan_pengurangan,menyelesaikan masalah matematika dengan menggunakan operasi hitung dasar,sedang,"Sebuah kelas memiliki 30 siswa. Setiap minggunya, 5 siswa pergi ke sekolah. Berapa jumlah siswa yang pergi ke sekolah selama 4 minggu?","[""A. 10"", ""B. 20"", ""C. 30"", ""D. 40""]",B,20,"[""Setiap minggunya, 5 siswa pergi ke sekolah."", ""Jadi, dalam 1 minggu, total siswa yang pergi ke sekolah adalah 5."", ""Untuk 4 minggu, jumlah siswa yang pergi ke sekolah adalah 5 x 4 = 20.""]",5 x 4,"[{""chunk_id"": ""000_0233"", ""source"": ""Buku Matematika Kelas 4 SD.pdf""}]","[""ri : Bukupaket.com\nKelas IV SD/MI\n158\nBacalah dengan saksama\nPerhatikan gambar dan bacaan berikut!\nGambar 5.1 Pemilihan Ketua Kelas\nSumber: kemendikbud.go.id\n Hari ini, siswa kelas 4 duduk rapi dan suasana di kelas \nsangat tenang. Pergantian pengurus dilakukan setiap tiga \nbulan sekali untuk memberi kesempatan seluruh siswa \nmenjadi pengurus kelas dan juga melatih rasa percaya diri \nsetiap siswa.\n Setiap siswa diberi selembar kertas untuk mengisi \nnama calon ketua kelas yang akan dipilih. Setelah itu, \nkertas dikumpulkan, kemudian dilakukan perhitungan \nsuara untuk setiap calon ketua kelas. Agar memudahkan \ndalam pendataan, hasil perolehan suara calon ketua \nkelas ditulis di papan tulis dalam bentuk tabel. Dapatkah \nkamu membaca dan menyajikan data tersebut dalam \nbentuk diagram batang? Temukan jawabannya dalam \npembahasan materi ini.\nDi unduh dari : Bukupaket.com\nMatematika • Statistika"", ""bulatan ke ratusan terdekat\na. Pembulatan ke bawah, jika angka puluhannya kurang dari 5, maka puluhan \ntersebut dihilangkan.\nb. Pembulatan ke atas, jika angka puluhannya lebih dari atau sama dengan 50 \nmaka puluhan tersebut dihilangkan dan menambahkan 100 ke ratusannya. \nAyo Mengomunikasikan\nPetunjuk\nTulis ulang rangkuman di atas dengan bahasamu sendiri. Kerjakan di buku tulismu.\nBandingkan dan diskusikan bersama 3 teman yang tempat duduknya berdekatan \ndenganmu. Tulis kembali di buku tulismu!\nDi unduh dari : Bukupaket.com\nKelas IV SD/MI\n98\nTugas Proyek\nBelajar melakukan pembulatan hasil pengukuran yang telah dilaksanakan\nTujuan: melakukan pembulatan hasil pengukuran panjang dan berat.\nPetunjuk: \n1. Buatlah kelompok yang terdiri atas 4 anak.\n2. Sediakan timbangan berat badan, meteran pengukur tinggi badan, dan alat-alat tulis.\n3. Buatlah tabel hasil pengukuran berat dan tinggi badan bese"", ""i Jumat, Sabtu dan Minggu?\nDi unduh dari : Bukupaket.com\nKelas IV SD/MI\n174\n12. Diketahui suatu data : 6, 7, 9, 8, 8, 7, 10, 7, 11, 12, 8. Sajikan data tersebut dalam \nbentuk tabel dan diagram batang!\n13. Data banyaknya kelahiran bayi di salah satu kecamatan disajikan dalam diagram \nbatang berikut!\nBanyak Kelahiran\n Banyak kelahiran bayi selama 5 tahun adalah …\n14. Data nilai ulangan matematika kelas 4 disajikan dalam diagram batang berikut!\nJika kriteria ketuntasan minimal nilai matematika 70, berapakah banyak siswa yang \ntidak ikut remidi?\n15. Diagram batang berikut menyajikan data banyak siswa di SD Balikpapan. Sajikan \ndiagram batang di bawah ini dalam bentuk tabel! Berapakah selisih data banyak \nsiswa kelas 4 dan kelas 5?\nDi unduh dari : Bukupaket.com\nMatematika • Statistika\n175\n16. Tabel berikut menunjukkan hasil panen sayur-sayuran di suatu daerah. Sajikan tabel \ntersebut dalam di"", ""in mengenai data\ntersebut yang tidak\ntertulis pada tabel.\nDi unduh dari : Bukupaket.com\nMatematika • Statistika\n163\nGuru matematika di kelas Edo membagikan hasil ujian \nmatematika dan mendata nilai hasil ujian matematika \nsiswa kelas 4A. Dari 32 siswa, 2 siswa mendapat nilai 50, \n11 siswa mendapat nilai 65, 10 siswa mendapat nilai 70, \n6 siswa mendapat nilai 80, dan sisanya mendapat nilai 75. \nGuru di kelas Edo ingin melihat perbandingan nilai yang \ndiperoleh siswa dengan lebih mudah.\nTulis ulang bacaan di atas! Gunakan kalimat sendiri.\nKerjakan di buku tulismu.\nPengamatan 2\nPerhatikan gambar dan bacaan berikut ini.\nGambar 5.4 Kendaraan di Jalan\nSumber: dokumentasi penulis\n Guru di kelas Udin mengajak siswa-siswanya belajar \ndi luar kelas. Beliau meminta siswa-siswanya mencatat \nbanyaknya kendaraan yang lewat di Jalan PB Sudirman \nsetiap 10 menit. Udin mencatat becak yang lewat \nsebanyak"", ""matan 2 tersebut? Coba buatlah di \nbuku tulismu.\nContoh 5.1\n1. Meli mencatat jenis hobi teman-teman sekelasnya. \nData tentang hobi teman-teman Meli ditulis dalam \nbentuk tabel berikut.\nNo. Jenis Hobi\nBanyak Siswa\nTurus Frekuensi\n1. Membaca 5\n2. Menggambar IIII 9\n3. Olahraga I 11\n4. Menyanyi IIII 9\n5. Menari I 6\nJumlah 40\nBerapakah banyaknya teman Meli seluruhnya?\nSajikan tabel hobi teman Meli ke dalam bentuk diagram \nbatang.\nPenyelesaian\nDi unduh dari : Bukupaket.com\nKelas IV SD/MI\n168\nAyo Mencoba\n1. Meli adalah ketua kelas 4A. Ia akan membelikan \nsejumlah kebutuhan alat-alat tulis di koperasi \nsekolah untuk teman-teman sekelasnya. Berdasarkan \nkebutuhan tersebut tercatat ada 5 barang yang harus \ndibeli yaitu 9 buku tulis, 10 pensil, 5 penghapus, 3 \nbolpoin, dan 5 penggaris. Buatlah tabel dan diagram \nbatang yang menunjukkan kebutuhan di atas.\n2. Di bawah ini adalah diagram batang tentan""]",penjumlahan_pengurangan,0.8,True,False,C4-rag+moe conf=0.80
